Code Domaine,Domaine,Code zone (ISO3),Zone,Code Élément,Élément,Code Produit,Produit,Code année,Année,Édition,Unité,Valeur,Symbole,Description du Symbole
"CAHD","Coût et abordabilité d’une alimentation saine
 (CoAHD)","ZAF","Afrique du Sud","6205","Valeur","70041","Cost of a healthy diet (CoHD), LCU per person per day","2018","2018","Juillet 2025 (rapport SOFI)","UML/personne/jour","20.59","E","Valeur estimée"
"CAHD","Coût et abordabilité d’une alimentation saine
 (CoAHD)","ZAF","Afrique du Sud","6226","Valeur","70040","Cost of a healthy diet (CoHD), PPP dollar per person per day","2018","2018","Juillet 2025 (rapport SOFI)","Int$ (PPP) per person per day","2.94","E","Valeur estimée"
"CAHD","Coût et abordabilité d’une alimentation saine
 (CoAHD)","ZAF","Afrique du Sud","6121","Valeur","7005","Prevalence of unaffordability (PUA), percent","2018","2018","Juillet 2025 (rapport SOFI)","%","60.2","E","Valeur estimée"
"CAHD","Coût et abordabilité d’une alimentation saine
 (CoAHD)","ZAF","Afrique du Sud","6132","Valeur","7006","Number of people unable to afford a healthy diet (NUA), million","2018","2018","Juillet 2025 (rapport SOFI)","millions de No","35.3","E","Valeur estimée"
"CAHD","Coût et abordabilité d’une alimentation saine
 (CoAHD)","ALB","Albanie","6205","Valeur","70041","Cost of a healthy diet (CoHD), LCU per person per day","2018","2018","Juillet 2025 (rapport SOFI)","UML/personne/jour","164.71","E","Valeur estimée"
"CAHD","Coût et abordabilité d’une alimentation saine
 (CoAHD)","ALB","Albanie","6226","Valeur","70040","Cost of a healthy diet (CoHD), PPP dollar per person per day","2018","2018","Juillet 2025 (rapport SOFI)","Int$ (PPP) per person per day","3.13","E","Valeur estimée"
"CAHD","Coût et abordabilité d’une alimentation saine
 (CoAHD)","ALB","Albanie","6121","Valeur","7005","Prevalence of unaffordability (PUA), percent","2018","2018","Juillet 2025 (rapport SOFI)","%","17.6","E","Valeur estimée"
"CAHD","Coût et abordabilité d’une alimentation saine
 (CoAHD)","ALB","Albanie","6132","Valeur","7006","Number of people unable to afford a healthy diet (NUA), million","2018","2018","Juillet 2025 (rapport SOFI)","millions de No","0.5","E","Valeur estimée"
"CAHD","Coût et abordabilité d’une alimentation saine
 (CoAHD)","DZA","Algérie","6205","Valeur","70041","Cost of a healthy diet (CoHD), LCU per person per day","2018","2018","Juillet 2025 (rapport SOFI)","UML/personne/jour","160.56","E","Valeur estimée"
"CAHD","Coût et abordabilité d’une alimentation saine
 (CoAHD)","DZA","Algérie","6226","Valeur","70040","Cost of a healthy diet (CoHD), PPP dollar per person per day","2018","2018","Juillet 2025 (rapport SOFI)","Int$ (PPP) per person per day","4.16","E","Valeur estimée"
"CAHD","Coût et abordabilité d’une alimentation saine
 (CoAHD)","DZA","Algérie","6121","Valeur","7005","Prevalence of unaffordability (PUA), percent","2018","2018","Juillet 2025 (rapport SOFI)","%","18.1","E","Valeur estimée"
"CAHD","Coût et abordabilité d’une alimentation saine
 (CoAHD)","DZA","Algérie","6132","Valeur","7006","Number of people unable to afford a healthy diet (NUA), million","2018","2018","Juillet 2025 (rapport SOFI)","millions de No","7.7","E","Valeur estimée"
"CAHD","Coût et abordabilité d’une alimentation saine
 (CoAHD)","DEU","Allemagne","6205","Valeur","70041","Cost of a healthy diet (CoHD), LCU per person per day","2018","2018","Juillet 2025 (rapport SOFI)","UML/personne/jour","2.16","E","Valeur estimée"
"CAHD","Coût et abordabilité d’une alimentation saine
 (CoAHD)","DEU","Allemagne","6226","Valeur","70040","Cost of a healthy diet (CoHD), PPP dollar per person per day","2018","2018","Juillet 2025 (rapport SOFI)","Int$ (PPP) per person per day","2.76","E","Valeur estimée"
"CAHD","Coût et abordabilité d’une alimentation saine
 (CoAHD)","DEU","Allemagne","6121","Valeur","7005","Prevalence of unaffordability (PUA), percent","2018","2018","Juillet 2025 (rapport SOFI)","%","2.2","E","Valeur estimée"
"CAHD","Coût et abordabilité d’une alimentation saine
 (CoAHD)","DEU","Allemagne","6132","Valeur","7006","Number of people unable to afford a healthy diet (NUA), million","2018","2018","Juillet 2025 (rapport SOFI)","millions de No","1.9","E","Valeur estimée"
"CAHD","Coût et abordabilité d’une alimentation saine
 (CoAHD)","AGO","Angola","6205","Valeur","70041","Cost of a healthy diet (CoHD), LCU per person per day","2018","2018","Juillet 2025 (rapport SOFI)","UML/personne/jour","427.54","E","Valeur estimée"
"CAHD","Coût et abordabilité d’une alimentation saine
 (CoAHD)","AGO","Angola","6226","Valeur","70040","Cost of a healthy diet (CoHD), PPP dollar per person per day","2018","2018","Juillet 2025 (rapport SOFI)","Int$ (PPP) per person per day","3.27","E","Valeur estimée"
"CAHD","Coût et abordabilité d’une alimentation saine
 (CoAHD)","AGO","Angola","6121","Valeur","7005","Prevalence of unaffordability (PUA), percent","2018","2018","Juillet 2025 (rapport SOFI)","%","63.2","E","Valeur estimée"
"CAHD","Coût et abordabilité d’une alimentation saine
 (CoAHD)","AGO","Angola","6132","Valeur","7006","Number of people unable to afford a healthy diet (NUA), million","2018","2018","Juillet 2025 (rapport SOFI)","millions de No","19.8","E","Valeur estimée"
"CAHD","Coût et abordabilité d’une alimentation saine
 (CoAHD)","ATG","Antigua-et-Barbuda","6205","Valeur","70041","Cost of a healthy diet (CoHD), LCU per person per day","2018","2018","Juillet 2025 (rapport SOFI)","UML/personne/jour","10.05","E","Valeur estimée"
"CAHD","Coût et abordabilité d’une alimentation saine
 (CoAHD)","ATG","Antigua-et-Barbuda","6226","Valeur","70040","Cost of a healthy diet (CoHD), PPP dollar per person per day","2018","2018","Juillet 2025 (rapport SOFI)","Int$ (PPP) per person per day","4.24","E","Valeur estimée"
"CAHD","Coût et abordabilité d’une alimentation saine
 (CoAHD)","ATG","Antigua-et-Barbuda","6121","Valeur","7005","Prevalence of unaffordability (PUA), percent","2018","2018","Juillet 2025 (rapport SOFI)","%","","O","Valeur manquante"
"CAHD","Coût et abordabilité d’une alimentation saine
 (CoAHD)","ATG","Antigua-et-Barbuda","6132","Valeur","7006","Number of people unable to afford a healthy diet (NUA), million","2018","2018","Juillet 2025 (rapport SOFI)","millions de No","","O","Valeur manquante"
"CAHD","Coût et abordabilité d’une alimentation saine
 (CoAHD)","SAU","Arabie saoudite","6205","Valeur","70041","Cost of a healthy diet (CoHD), LCU per person per day","2018","2018","Juillet 2025 (rapport SOFI)","UML/personne/jour","4.57","E","Valeur estimée"
"CAHD","Coût et abordabilité d’une alimentation saine
 (CoAHD)","SAU","Arabie saoudite","6226","Valeur","70040","Cost of a healthy diet (CoHD), PPP dollar per person per day","2018","2018","Juillet 2025 (rapport SOFI)","Int$ (PPP) per person per day","2.46","E","Valeur estimée"
"CAHD","Coût et abordabilité d’une alimentation saine
 (CoAHD)","SAU","Arabie saoudite","6121","Valeur","7005","Prevalence of unaffordability (PUA), percent","2018","2018","Juillet 2025 (rapport SOFI)","%","","O","Valeur manquante"
"CAHD","Coût et abordabilité d’une alimentation saine
 (CoAHD)","SAU","Arabie saoudite","6132","Valeur","7006","Number of people unable to afford a healthy diet (NUA), million","2018","2018","Juillet 2025 (rapport SOFI)","millions de No","","O","Valeur manquante"
"CAHD","Coût et abordabilité d’une alimentation saine
 (CoAHD)","ARG","Argentine","6205","Valeur","70041","Cost of a healthy diet (CoHD), LCU per person per day","2018","2018","Juillet 2025 (rapport SOFI)","UML/personne/jour","","Q","Valeur manquante; supprimée"
"CAHD","Coût et abordabilité d’une alimentation saine
 (CoAHD)","ARG","Argentine","6226","Valeur","70040","Cost of a healthy diet (CoHD), PPP dollar per person per day","2018","2018","Juillet 2025 (rapport SOFI)","Int$ (PPP) per person per day","","Q","Valeur manquante; supprimée"
"CAHD","Coût et abordabilité d’une alimentation saine
 (CoAHD)","ARG","Argentine","6121","Valeur","7005","Prevalence of unaffordability (PUA), percent","2018","2018","Juillet 2025 (rapport SOFI)","%","","Q","Valeur manquante; supprimée"
"CAHD","Coût et abordabilité d’une alimentation saine
 (CoAHD)","ARG","Argentine","6132","Valeur","7006","Number of people unable to afford a healthy diet (NUA), million","2018","2018","Juillet 2025 (rapport SOFI)","millions de No","","Q","Valeur manquante; supprimée"
"CAHD","Coût et abordabilité d’une alimentation saine
 (CoAHD)","ARM","Arménie","6205","Valeur","70041","Cost of a healthy diet (CoHD), LCU per person per day","2018","2018","Juillet 2025 (rapport SOFI)","UML/personne/jour","549.33","E","Valeur estimée"
"CAHD","Coût et abordabilité d’une alimentation saine
 (CoAHD)","ARM","Arménie","6226","Valeur","70040","Cost of a healthy diet (CoHD), PPP dollar per person per day","2018","2018","Juillet 2025 (rapport SOFI)","Int$ (PPP) per person per day","3.31","E","Valeur estimée"
"CAHD","Coût et abordabilité d’une alimentation saine
 (CoAHD)","ARM","Arménie","6121","Valeur","7005","Prevalence of unaffordability (PUA), percent","2018","2018","Juillet 2025 (rapport SOFI)","%","49.7","E","Valeur estimée"
"CAHD","Coût et abordabilité d’une alimentation saine
 (CoAHD)","ARM","Arménie","6132","Valeur","7006","Number of people unable to afford a healthy diet (NUA), million","2018","2018","Juillet 2025 (rapport SOFI)","millions de No","1.4","E","Valeur estimée"
"CAHD","Coût et abordabilité d’une alimentation saine
 (CoAHD)","ABW","Aruba","6205","Valeur","70041","Cost of a healthy diet (CoHD), LCU per person per day","2018","2018","Juillet 2025 (rapport SOFI)","UML/personne/jour","5.51","E","Valeur estimée"
"CAHD","Coût et abordabilité d’une alimentation saine
 (CoAHD)","ABW","Aruba","6226","Valeur","70040","Cost of a healthy diet (CoHD), PPP dollar per person per day","2018","2018","Juillet 2025 (rapport SOFI)","Int$ (PPP) per person per day","3.55","E","Valeur estimée"
"CAHD","Coût et abordabilité d’une alimentation saine
 (CoAHD)","ABW","Aruba","6121","Valeur","7005","Prevalence of unaffordability (PUA), percent","2018","2018","Juillet 2025 (rapport SOFI)","%","","O","Valeur manquante"
"CAHD","Coût et abordabilité d’une alimentation saine
 (CoAHD)","ABW","Aruba","6132","Valeur","7006","Number of people unable to afford a healthy diet (NUA), million","2018","2018","Juillet 2025 (rapport SOFI)","millions de No","","O","Valeur manquante"
"CAHD","Coût et abordabilité d’une alimentation saine
 (CoAHD)","AUS","Australie","6205","Valeur","70041","Cost of a healthy diet (CoHD), LCU per person per day","2018","2018","Juillet 2025 (rapport SOFI)","UML/personne/jour","3.67","E","Valeur estimée"
"CAHD","Coût et abordabilité d’une alimentation saine
 (CoAHD)","AUS","Australie","6226","Valeur","70040","Cost of a healthy diet (CoHD), PPP dollar per person per day","2018","2018","Juillet 2025 (rapport SOFI)","Int$ (PPP) per person per day","2.36","E","Valeur estimée"
"CAHD","Coût et abordabilité d’une alimentation saine
 (CoAHD)","AUS","Australie","6121","Valeur","7005","Prevalence of unaffordability (PUA), percent","2018","2018","Juillet 2025 (rapport SOFI)","%","3.2","E","Valeur estimée"
"CAHD","Coût et abordabilité d’une alimentation saine
 (CoAHD)","AUS","Australie","6132","Valeur","7006","Number of people unable to afford a healthy diet (NUA), million","2018","2018","Juillet 2025 (rapport SOFI)","millions de No","0.8","E","Valeur estimée"
"CAHD","Coût et abordabilité d’une alimentation saine
 (CoAHD)","AUT","Autriche","6205","Valeur","70041","Cost of a healthy diet (CoHD), LCU per person per day","2018","2018","Juillet 2025 (rapport SOFI)","UML/personne/jour","1.75","E","Valeur estimée"
"CAHD","Coût et abordabilité d’une alimentation saine
 (CoAHD)","AUT","Autriche","6226","Valeur","70040","Cost of a healthy diet (CoHD), PPP dollar per person per day","2018","2018","Juillet 2025 (rapport SOFI)","Int$ (PPP) per person per day","2.11","E","Valeur estimée"
"CAHD","Coût et abordabilité d’une alimentation saine
 (CoAHD)","AUT","Autriche","6121","Valeur","7005","Prevalence of unaffordability (PUA), percent","2018","2018","Juillet 2025 (rapport SOFI)","%","2.3","E","Valeur estimée"
"CAHD","Coût et abordabilité d’une alimentation saine
 (CoAHD)","AUT","Autriche","6132","Valeur","7006","Number of people unable to afford a healthy diet (NUA), million","2018","2018","Juillet 2025 (rapport SOFI)","millions de No","0.2","E","Valeur estimée"
"CAHD","Coût et abordabilité d’une alimentation saine
 (CoAHD)","AZE","Azerbaïdjan","6205","Valeur","70041","Cost of a healthy diet (CoHD), LCU per person per day","2018","2018","Juillet 2025 (rapport SOFI)","UML/personne/jour","1.42","E","Valeur estimée"
"CAHD","Coût et abordabilité d’une alimentation saine
 (CoAHD)","AZE","Azerbaïdjan","6226","Valeur","70040","Cost of a healthy diet (CoHD), PPP dollar per person per day","2018","2018","Juillet 2025 (rapport SOFI)","Int$ (PPP) per person per day","2.95","E","Valeur estimée"
"CAHD","Coût et abordabilité d’une alimentation saine
 (CoAHD)","AZE","Azerbaïdjan","6121","Valeur","7005","Prevalence of unaffordability (PUA), percent","2018","2018","Juillet 2025 (rapport SOFI)","%","0.7","E","Valeur estimée"
"CAHD","Coût et abordabilité d’une alimentation saine
 (CoAHD)","AZE","Azerbaïdjan","6132","Valeur","7006","Number of people unable to afford a healthy diet (NUA), million","2018","2018","Juillet 2025 (rapport SOFI)","millions de No","0.1","E","Valeur estimée"
"CAHD","Coût et abordabilité d’une alimentation saine
 (CoAHD)","BHS","Bahamas","6205","Valeur","70041","Cost of a healthy diet (CoHD), LCU per person per day","2018","2018","Juillet 2025 (rapport SOFI)","UML/personne/jour","4.83","E","Valeur estimée"
"CAHD","Coût et abordabilité d’une alimentation saine
 (CoAHD)","BHS","Bahamas","6226","Valeur","70040","Cost of a healthy diet (CoHD), PPP dollar per person per day","2018","2018","Juillet 2025 (rapport SOFI)","Int$ (PPP) per person per day","4.23","E","Valeur estimée"
"CAHD","Coût et abordabilité d’une alimentation saine
 (CoAHD)","BHS","Bahamas","6121","Valeur","7005","Prevalence of unaffordability (PUA), percent","2018","2018","Juillet 2025 (rapport SOFI)","%","","O","Valeur manquante"
"CAHD","Coût et abordabilité d’une alimentation saine
 (CoAHD)","BHS","Bahamas","6132","Valeur","7006","Number of people unable to afford a healthy diet (NUA), million","2018","2018","Juillet 2025 (rapport SOFI)","millions de No","","O","Valeur manquante"
"CAHD","Coût et abordabilité d’une alimentation saine
 (CoAHD)","BHR","Bahreïn","6205","Valeur","70041","Cost of a healthy diet (CoHD), LCU per person per day","2018","2018","Juillet 2025 (rapport SOFI)","UML/personne/jour","0.64","E","Valeur estimée"
"CAHD","Coût et abordabilité d’une alimentation saine
 (CoAHD)","BHR","Bahreïn","6226","Valeur","70040","Cost of a healthy diet (CoHD), PPP dollar per person per day","2018","2018","Juillet 2025 (rapport SOFI)","Int$ (PPP) per person per day","3.19","E","Valeur estimée"
"CAHD","Coût et abordabilité d’une alimentation saine
 (CoAHD)","BHR","Bahreïn","6121","Valeur","7005","Prevalence of unaffordability (PUA), percent","2018","2018","Juillet 2025 (rapport SOFI)","%","","O","Valeur manquante"
"CAHD","Coût et abordabilité d’une alimentation saine
 (CoAHD)","BHR","Bahreïn","6132","Valeur","7006","Number of people unable to afford a healthy diet (NUA), million","2018","2018","Juillet 2025 (rapport SOFI)","millions de No","","O","Valeur manquante"
"CAHD","Coût et abordabilité d’une alimentation saine
 (CoAHD)","BGD","Bangladesh","6205","Valeur","70041","Cost of a healthy diet (CoHD), LCU per person per day","2018","2018","Juillet 2025 (rapport SOFI)","UML/personne/jour","95.1","E","Valeur estimée"
"CAHD","Coût et abordabilité d’une alimentation saine
 (CoAHD)","BGD","Bangladesh","6226","Valeur","70040","Cost of a healthy diet (CoHD), PPP dollar per person per day","2018","2018","Juillet 2025 (rapport SOFI)","Int$ (PPP) per person per day","3.26","E","Valeur estimée"
"CAHD","Coût et abordabilité d’une alimentation saine
 (CoAHD)","BGD","Bangladesh","6121","Valeur","7005","Prevalence of unaffordability (PUA), percent","2018","2018","Juillet 2025 (rapport SOFI)","%","62.1","E","Valeur estimée"
"CAHD","Coût et abordabilité d’une alimentation saine
 (CoAHD)","BGD","Bangladesh","6132","Valeur","7006","Number of people unable to afford a healthy diet (NUA), million","2018","2018","Juillet 2025 (rapport SOFI)","millions de No","101.5","E","Valeur estimée"
"CAHD","Coût et abordabilité d’une alimentation saine
 (CoAHD)","BLR","Bélarus","6205","Valeur","70041","Cost of a healthy diet (CoHD), LCU per person per day","2018","2018","Juillet 2025 (rapport SOFI)","UML/personne/jour","2.01","E","Valeur estimée"
"CAHD","Coût et abordabilité d’une alimentation saine
 (CoAHD)","BLR","Bélarus","6226","Valeur","70040","Cost of a healthy diet (CoHD), PPP dollar per person per day","2018","2018","Juillet 2025 (rapport SOFI)","Int$ (PPP) per person per day","3.13","E","Valeur estimée"
"CAHD","Coût et abordabilité d’une alimentation saine
 (CoAHD)","BLR","Bélarus","6121","Valeur","7005","Prevalence of unaffordability (PUA), percent","2018","2018","Juillet 2025 (rapport SOFI)","%","1.9","E","Valeur estimée"
"CAHD","Coût et abordabilité d’une alimentation saine
 (CoAHD)","BLR","Bélarus","6132","Valeur","7006","Number of people unable to afford a healthy diet (NUA), million","2018","2018","Juillet 2025 (rapport SOFI)","millions de No","0.2","E","Valeur estimée"
"CAHD","Coût et abordabilité d’une alimentation saine
 (CoAHD)","BEL","Belgique","6205","Valeur","70041","Cost of a healthy diet (CoHD), LCU per person per day","2018","2018","Juillet 2025 (rapport SOFI)","UML/personne/jour","1.75","E","Valeur estimée"
"CAHD","Coût et abordabilité d’une alimentation saine
 (CoAHD)","BEL","Belgique","6226","Valeur","70040","Cost of a healthy diet (CoHD), PPP dollar per person per day","2018","2018","Juillet 2025 (rapport SOFI)","Int$ (PPP) per person per day","2.07","E","Valeur estimée"
"CAHD","Coût et abordabilité d’une alimentation saine
 (CoAHD)","BEL","Belgique","6121","Valeur","7005","Prevalence of unaffordability (PUA), percent","2018","2018","Juillet 2025 (rapport SOFI)","%","1.2","E","Valeur estimée"
"CAHD","Coût et abordabilité d’une alimentation saine
 (CoAHD)","BEL","Belgique","6132","Valeur","7006","Number of people unable to afford a healthy diet (NUA), million","2018","2018","Juillet 2025 (rapport SOFI)","millions de No","0.1","E","Valeur estimée"
"CAHD","Coût et abordabilité d’une alimentation saine
 (CoAHD)","BLZ","Belize","6205","Valeur","70041","Cost of a healthy diet (CoHD), LCU per person per day","2018","2018","Juillet 2025 (rapport SOFI)","UML/personne/jour","3.68","E","Valeur estimée"
"CAHD","Coût et abordabilité d’une alimentation saine
 (CoAHD)","BLZ","Belize","6226","Valeur","70040","Cost of a healthy diet (CoHD), PPP dollar per person per day","2018","2018","Juillet 2025 (rapport SOFI)","Int$ (PPP) per person per day","2.69","E","Valeur estimée"
"CAHD","Coût et abordabilité d’une alimentation saine
 (CoAHD)","BLZ","Belize","6121","Valeur","7005","Prevalence of unaffordability (PUA), percent","2018","2018","Juillet 2025 (rapport SOFI)","%","65.6","E","Valeur estimée"
"CAHD","Coût et abordabilité d’une alimentation saine
 (CoAHD)","BLZ","Belize","6132","Valeur","7006","Number of people unable to afford a healthy diet (NUA), million","2018","2018","Juillet 2025 (rapport SOFI)","millions de No","0.2","E","Valeur estimée"
"CAHD","Coût et abordabilité d’une alimentation saine
 (CoAHD)","BEN","Bénin","6205","Valeur","70041","Cost of a healthy diet (CoHD), LCU per person per day","2018","2018","Juillet 2025 (rapport SOFI)","UML/personne/jour","621.24","E","Valeur estimée"
"CAHD","Coût et abordabilité d’une alimentation saine
 (CoAHD)","BEN","Bénin","6226","Valeur","70040","Cost of a healthy diet (CoHD), PPP dollar per person per day","2018","2018","Juillet 2025 (rapport SOFI)","Int$ (PPP) per person per day","2.87","E","Valeur estimée"
"CAHD","Coût et abordabilité d’une alimentation saine
 (CoAHD)","BEN","Bénin","6121","Valeur","7005","Prevalence of unaffordability (PUA), percent","2018","2018","Juillet 2025 (rapport SOFI)","%","69.8","E","Valeur estimée"
"CAHD","Coût et abordabilité d’une alimentation saine
 (CoAHD)","BEN","Bénin","6132","Valeur","7006","Number of people unable to afford a healthy diet (NUA), million","2018","2018","Juillet 2025 (rapport SOFI)","millions de No","8.6","E","Valeur estimée"
"CAHD","Coût et abordabilité d’une alimentation saine
 (CoAHD)","BMU","Bermudes","6205","Valeur","70041","Cost of a healthy diet (CoHD), LCU per person per day","2018","2018","Juillet 2025 (rapport SOFI)","UML/personne/jour","4.74","E","Valeur estimée"
"CAHD","Coût et abordabilité d’une alimentation saine
 (CoAHD)","BMU","Bermudes","6226","Valeur","70040","Cost of a healthy diet (CoHD), PPP dollar per person per day","2018","2018","Juillet 2025 (rapport SOFI)","Int$ (PPP) per person per day","2.94","E","Valeur estimée"
"CAHD","Coût et abordabilité d’une alimentation saine
 (CoAHD)","BMU","Bermudes","6121","Valeur","7005","Prevalence of unaffordability (PUA), percent","2018","2018","Juillet 2025 (rapport SOFI)","%","","O","Valeur manquante"
"CAHD","Coût et abordabilité d’une alimentation saine
 (CoAHD)","BMU","Bermudes","6132","Valeur","7006","Number of people unable to afford a healthy diet (NUA), million","2018","2018","Juillet 2025 (rapport SOFI)","millions de No","","O","Valeur manquante"
"CAHD","Coût et abordabilité d’une alimentation saine
 (CoAHD)","BTN","Bhoutan","6205","Valeur","70041","Cost of a healthy diet (CoHD), LCU per person per day","2018","2018","Juillet 2025 (rapport SOFI)","UML/personne/jour","87.45","E","Valeur estimée"
"CAHD","Coût et abordabilité d’une alimentation saine
 (CoAHD)","BTN","Bhoutan","6226","Valeur","70040","Cost of a healthy diet (CoHD), PPP dollar per person per day","2018","2018","Juillet 2025 (rapport SOFI)","Int$ (PPP) per person per day","4.31","E","Valeur estimée"
"CAHD","Coût et abordabilité d’une alimentation saine
 (CoAHD)","BTN","Bhoutan","6121","Valeur","7005","Prevalence of unaffordability (PUA), percent","2018","2018","Juillet 2025 (rapport SOFI)","%","14.5","E","Valeur estimée"
"CAHD","Coût et abordabilité d’une alimentation saine
 (CoAHD)","BTN","Bhoutan","6132","Valeur","7006","Number of people unable to afford a healthy diet (NUA), million","2018","2018","Juillet 2025 (rapport SOFI)","millions de No","0.1","E","Valeur estimée"
"CAHD","Coût et abordabilité d’une alimentation saine
 (CoAHD)","BOL","Bolivie (État plurinational de)","6205","Valeur","70041","Cost of a healthy diet (CoHD), LCU per person per day","2018","2018","Juillet 2025 (rapport SOFI)","UML/personne/jour","9.38","E","Valeur estimée"
"CAHD","Coût et abordabilité d’une alimentation saine
 (CoAHD)","BOL","Bolivie (État plurinational de)","6226","Valeur","70040","Cost of a healthy diet (CoHD), PPP dollar per person per day","2018","2018","Juillet 2025 (rapport SOFI)","Int$ (PPP) per person per day","3.61","E","Valeur estimée"
"CAHD","Coût et abordabilité d’une alimentation saine
 (CoAHD)","BOL","Bolivie (État plurinational de)","6121","Valeur","7005","Prevalence of unaffordability (PUA), percent","2018","2018","Juillet 2025 (rapport SOFI)","%","13.3","E","Valeur estimée"
"CAHD","Coût et abordabilité d’une alimentation saine
 (CoAHD)","BOL","Bolivie (État plurinational de)","6132","Valeur","7006","Number of people unable to afford a healthy diet (NUA), million","2018","2018","Juillet 2025 (rapport SOFI)","millions de No","1.5","E","Valeur estimée"
"CAHD","Coût et abordabilité d’une alimentation saine
 (CoAHD)","BIH","Bosnie-Herzégovine","6205","Valeur","70041","Cost of a healthy diet (CoHD), LCU per person per day","2018","2018","Juillet 2025 (rapport SOFI)","UML/personne/jour","3.27","E","Valeur estimée"
"CAHD","Coût et abordabilité d’une alimentation saine
 (CoAHD)","BIH","Bosnie-Herzégovine","6226","Valeur","70040","Cost of a healthy diet (CoHD), PPP dollar per person per day","2018","2018","Juillet 2025 (rapport SOFI)","Int$ (PPP) per person per day","4.13","E","Valeur estimée"
"CAHD","Coût et abordabilité d’une alimentation saine
 (CoAHD)","BIH","Bosnie-Herzégovine","6121","Valeur","7005","Prevalence of unaffordability (PUA), percent","2018","2018","Juillet 2025 (rapport SOFI)","%","5.7","E","Valeur estimée"
"CAHD","Coût et abordabilité d’une alimentation saine
 (CoAHD)","BIH","Bosnie-Herzégovine","6132","Valeur","7006","Number of people unable to afford a healthy diet (NUA), million","2018","2018","Juillet 2025 (rapport SOFI)","millions de No","0.2","E","Valeur estimée"
"CAHD","Coût et abordabilité d’une alimentation saine
 (CoAHD)","BWA","Botswana","6205","Valeur","70041","Cost of a healthy diet (CoHD), LCU per person per day","2018","2018","Juillet 2025 (rapport SOFI)","UML/personne/jour","15.42","E","Valeur estimée"
"CAHD","Coût et abordabilité d’une alimentation saine
 (CoAHD)","BWA","Botswana","6226","Valeur","70040","Cost of a healthy diet (CoHD), PPP dollar per person per day","2018","2018","Juillet 2025 (rapport SOFI)","Int$ (PPP) per person per day","3","E","Valeur estimée"
"CAHD","Coût et abordabilité d’une alimentation saine
 (CoAHD)","BWA","Botswana","6121","Valeur","7005","Prevalence of unaffordability (PUA), percent","2018","2018","Juillet 2025 (rapport SOFI)","%","61.3","E","Valeur estimée"
"CAHD","Coût et abordabilité d’une alimentation saine
 (CoAHD)","BWA","Botswana","6132","Valeur","7006","Number of people unable to afford a healthy diet (NUA), million","2018","2018","Juillet 2025 (rapport SOFI)","millions de No","1.4","E","Valeur estimée"
"CAHD","Coût et abordabilité d’une alimentation saine
 (CoAHD)","BRA","Brésil","6205","Valeur","70041","Cost of a healthy diet (CoHD), LCU per person per day","2018","2018","Juillet 2025 (rapport SOFI)","UML/personne/jour","7.56","E","Valeur estimée"
"CAHD","Coût et abordabilité d’une alimentation saine
 (CoAHD)","BRA","Brésil","6226","Valeur","70040","Cost of a healthy diet (CoHD), PPP dollar per person per day","2018","2018","Juillet 2025 (rapport SOFI)","Int$ (PPP) per person per day","3.23","E","Valeur estimée"
"CAHD","Coût et abordabilité d’une alimentation saine
 (CoAHD)","BRA","Brésil","6121","Valeur","7005","Prevalence of unaffordability (PUA), percent","2018","2018","Juillet 2025 (rapport SOFI)","%","26.4","E","Valeur estimée"
"CAHD","Coût et abordabilité d’une alimentation saine
 (CoAHD)","BRA","Brésil","6132","Valeur","7006","Number of people unable to afford a healthy diet (NUA), million","2018","2018","Juillet 2025 (rapport SOFI)","millions de No","54.3","E","Valeur estimée"
"CAHD","Coût et abordabilité d’une alimentation saine
 (CoAHD)","BRN","Brunéi Darussalam","6205","Valeur","70041","Cost of a healthy diet (CoHD), LCU per person per day","2018","2018","Juillet 2025 (rapport SOFI)","UML/personne/jour","2.82","E","Valeur estimée"
"CAHD","Coût et abordabilité d’une alimentation saine
 (CoAHD)","BRN","Brunéi Darussalam","6226","Valeur","70040","Cost of a healthy diet (CoHD), PPP dollar per person per day","2018","2018","Juillet 2025 (rapport SOFI)","Int$ (PPP) per person per day","4.26","E","Valeur estimée"
"CAHD","Coût et abordabilité d’une alimentation saine
 (CoAHD)","BRN","Brunéi Darussalam","6121","Valeur","7005","Prevalence of unaffordability (PUA), percent","2018","2018","Juillet 2025 (rapport SOFI)","%","","O","Valeur manquante"
"CAHD","Coût et abordabilité d’une alimentation saine
 (CoAHD)","BRN","Brunéi Darussalam","6132","Valeur","7006","Number of people unable to afford a healthy diet (NUA), million","2018","2018","Juillet 2025 (rapport SOFI)","millions de No","","O","Valeur manquante"
"CAHD","Coût et abordabilité d’une alimentation saine
 (CoAHD)","BGR","Bulgarie","6205","Valeur","70041","Cost of a healthy diet (CoHD), LCU per person per day","2018","2018","Juillet 2025 (rapport SOFI)","UML/personne/jour","2.6","E","Valeur estimée"
"CAHD","Coût et abordabilité d’une alimentation saine
 (CoAHD)","BGR","Bulgarie","6226","Valeur","70040","Cost of a healthy diet (CoHD), PPP dollar per person per day","2018","2018","Juillet 2025 (rapport SOFI)","Int$ (PPP) per person per day","3.47","E","Valeur estimée"
"CAHD","Coût et abordabilité d’une alimentation saine
 (CoAHD)","BGR","Bulgarie","6121","Valeur","7005","Prevalence of unaffordability (PUA), percent","2018","2018","Juillet 2025 (rapport SOFI)","%","8.3","E","Valeur estimée"
"CAHD","Coût et abordabilité d’une alimentation saine
 (CoAHD)","BGR","Bulgarie","6132","Valeur","7006","Number of people unable to afford a healthy diet (NUA), million","2018","2018","Juillet 2025 (rapport SOFI)","millions de No","0.6","E","Valeur estimée"
"CAHD","Coût et abordabilité d’une alimentation saine
 (CoAHD)","BFA","Burkina Faso","6205","Valeur","70041","Cost of a healthy diet (CoHD), LCU per person per day","2018","2018","Juillet 2025 (rapport SOFI)","UML/personne/jour","552.49","E","Valeur estimée"
"CAHD","Coût et abordabilité d’une alimentation saine
 (CoAHD)","BFA","Burkina Faso","6226","Valeur","70040","Cost of a healthy diet (CoHD), PPP dollar per person per day","2018","2018","Juillet 2025 (rapport SOFI)","Int$ (PPP) per person per day","2.82","E","Valeur estimée"
"CAHD","Coût et abordabilité d’une alimentation saine
 (CoAHD)","BFA","Burkina Faso","6121","Valeur","7005","Prevalence of unaffordability (PUA), percent","2018","2018","Juillet 2025 (rapport SOFI)","%","63.3","E","Valeur estimée"
"CAHD","Coût et abordabilité d’une alimentation saine
 (CoAHD)","BFA","Burkina Faso","6132","Valeur","7006","Number of people unable to afford a healthy diet (NUA), million","2018","2018","Juillet 2025 (rapport SOFI)","millions de No","12.9","E","Valeur estimée"
"CAHD","Coût et abordabilité d’une alimentation saine
 (CoAHD)","BDI","Burundi","6205","Valeur","70041","Cost of a healthy diet (CoHD), LCU per person per day","2018","2018","Juillet 2025 (rapport SOFI)","UML/personne/jour","1941.06","E","Valeur estimée"
"CAHD","Coût et abordabilité d’une alimentation saine
 (CoAHD)","BDI","Burundi","6226","Valeur","70040","Cost of a healthy diet (CoHD), PPP dollar per person per day","2018","2018","Juillet 2025 (rapport SOFI)","Int$ (PPP) per person per day","3.12","E","Valeur estimée"
"CAHD","Coût et abordabilité d’une alimentation saine
 (CoAHD)","BDI","Burundi","6121","Valeur","7005","Prevalence of unaffordability (PUA), percent","2018","2018","Juillet 2025 (rapport SOFI)","%","88.3","E","Valeur estimée"
"CAHD","Coût et abordabilité d’une alimentation saine
 (CoAHD)","BDI","Burundi","6132","Valeur","7006","Number of people unable to afford a healthy diet (NUA), million","2018","2018","Juillet 2025 (rapport SOFI)","millions de No","10.5","E","Valeur estimée"
"CAHD","Coût et abordabilité d’une alimentation saine
 (CoAHD)","CPV","Cabo Verde","6205","Valeur","70041","Cost of a healthy diet (CoHD), LCU per person per day","2018","2018","Juillet 2025 (rapport SOFI)","UML/personne/jour","153.3","E","Valeur estimée"
"CAHD","Coût et abordabilité d’une alimentation saine
 (CoAHD)","CPV","Cabo Verde","6226","Valeur","70040","Cost of a healthy diet (CoHD), PPP dollar per person per day","2018","2018","Juillet 2025 (rapport SOFI)","Int$ (PPP) per person per day","2.92","E","Valeur estimée"
"CAHD","Coût et abordabilité d’une alimentation saine
 (CoAHD)","CPV","Cabo Verde","6121","Valeur","7005","Prevalence of unaffordability (PUA), percent","2018","2018","Juillet 2025 (rapport SOFI)","%","28.3","E","Valeur estimée"
"CAHD","Coût et abordabilité d’une alimentation saine
 (CoAHD)","CPV","Cabo Verde","6132","Valeur","7006","Number of people unable to afford a healthy diet (NUA), million","2018","2018","Juillet 2025 (rapport SOFI)","millions de No","0.1","E","Valeur estimée"
"CAHD","Coût et abordabilité d’une alimentation saine
 (CoAHD)","KHM","Cambodge","6205","Valeur","70041","Cost of a healthy diet (CoHD), LCU per person per day","2018","2018","Juillet 2025 (rapport SOFI)","UML/personne/jour","5675.82","E","Valeur estimée"
"CAHD","Coût et abordabilité d’une alimentation saine
 (CoAHD)","KHM","Cambodge","6226","Valeur","70040","Cost of a healthy diet (CoHD), PPP dollar per person per day","2018","2018","Juillet 2025 (rapport SOFI)","Int$ (PPP) per person per day","3.62","E","Valeur estimée"
"CAHD","Coût et abordabilité d’une alimentation saine
 (CoAHD)","KHM","Cambodge","6121","Valeur","7005","Prevalence of unaffordability (PUA), percent","2018","2018","Juillet 2025 (rapport SOFI)","%","","O","Valeur manquante"
"CAHD","Coût et abordabilité d’une alimentation saine
 (CoAHD)","KHM","Cambodge","6132","Valeur","7006","Number of people unable to afford a healthy diet (NUA), million","2018","2018","Juillet 2025 (rapport SOFI)","millions de No","","O","Valeur manquante"
"CAHD","Coût et abordabilité d’une alimentation saine
 (CoAHD)","CMR","Cameroun","6205","Valeur","70041","Cost of a healthy diet (CoHD), LCU per person per day","2018","2018","Juillet 2025 (rapport SOFI)","UML/personne/jour","618.5","E","Valeur estimée"
"CAHD","Coût et abordabilité d’une alimentation saine
 (CoAHD)","CMR","Cameroun","6226","Valeur","70040","Cost of a healthy diet (CoHD), PPP dollar per person per day","2018","2018","Juillet 2025 (rapport SOFI)","Int$ (PPP) per person per day","2.74","E","Valeur estimée"
"CAHD","Coût et abordabilité d’une alimentation saine
 (CoAHD)","CMR","Cameroun","6121","Valeur","7005","Prevalence of unaffordability (PUA), percent","2018","2018","Juillet 2025 (rapport SOFI)","%","52.5","E","Valeur estimée"
"CAHD","Coût et abordabilité d’une alimentation saine
 (CoAHD)","CMR","Cameroun","6132","Valeur","7006","Number of people unable to afford a healthy diet (NUA), million","2018","2018","Juillet 2025 (rapport SOFI)","millions de No","13","E","Valeur estimée"
"CAHD","Coût et abordabilité d’une alimentation saine
 (CoAHD)","CAN","Canada","6205","Valeur","70041","Cost of a healthy diet (CoHD), LCU per person per day","2018","2018","Juillet 2025 (rapport SOFI)","UML/personne/jour","4.03","E","Valeur estimée"
"CAHD","Coût et abordabilité d’une alimentation saine
 (CoAHD)","CAN","Canada","6226","Valeur","70040","Cost of a healthy diet (CoHD), PPP dollar per person per day","2018","2018","Juillet 2025 (rapport SOFI)","Int$ (PPP) per person per day","3.13","E","Valeur estimée"
"CAHD","Coût et abordabilité d’une alimentation saine
 (CoAHD)","CAN","Canada","6121","Valeur","7005","Prevalence of unaffordability (PUA), percent","2018","2018","Juillet 2025 (rapport SOFI)","%","2.7","E","Valeur estimée"
"CAHD","Coût et abordabilité d’une alimentation saine
 (CoAHD)","CAN","Canada","6132","Valeur","7006","Number of people unable to afford a healthy diet (NUA), million","2018","2018","Juillet 2025 (rapport SOFI)","millions de No","1","E","Valeur estimée"
"CAHD","Coût et abordabilité d’une alimentation saine
 (CoAHD)","CHL","Chili","6205","Valeur","70041","Cost of a healthy diet (CoHD), LCU per person per day","2018","2018","Juillet 2025 (rapport SOFI)","UML/personne/jour","1612.56","E","Valeur estimée"
"CAHD","Coût et abordabilité d’une alimentation saine
 (CoAHD)","CHL","Chili","6226","Valeur","70040","Cost of a healthy diet (CoHD), PPP dollar per person per day","2018","2018","Juillet 2025 (rapport SOFI)","Int$ (PPP) per person per day","3.52","E","Valeur estimée"
"CAHD","Coût et abordabilité d’une alimentation saine
 (CoAHD)","CHL","Chili","6121","Valeur","7005","Prevalence of unaffordability (PUA), percent","2018","2018","Juillet 2025 (rapport SOFI)","%","46","E","Valeur estimée"
"CAHD","Coût et abordabilité d’une alimentation saine
 (CoAHD)","CHL","Chili","6132","Valeur","7006","Number of people unable to afford a healthy diet (NUA), million","2018","2018","Juillet 2025 (rapport SOFI)","millions de No","8.7","E","Valeur estimée"
"CAHD","Coût et abordabilité d’une alimentation saine
 (CoAHD)","HKG","Chine - RAS de Hong-Kong","6205","Valeur","70041","Cost of a healthy diet (CoHD), LCU per person per day","2018","2018","Juillet 2025 (rapport SOFI)","UML/personne/jour","22.37","E","Valeur estimée"
"CAHD","Coût et abordabilité d’une alimentation saine
 (CoAHD)","HKG","Chine - RAS de Hong-Kong","6226","Valeur","70040","Cost of a healthy diet (CoHD), PPP dollar per person per day","2018","2018","Juillet 2025 (rapport SOFI)","Int$ (PPP) per person per day","3.44","E","Valeur estimée"
"CAHD","Coût et abordabilité d’une alimentation saine
 (CoAHD)","HKG","Chine - RAS de Hong-Kong","6121","Valeur","7005","Prevalence of unaffordability (PUA), percent","2018","2018","Juillet 2025 (rapport SOFI)","%","","O","Valeur manquante"
"CAHD","Coût et abordabilité d’une alimentation saine
 (CoAHD)","HKG","Chine - RAS de Hong-Kong","6132","Valeur","7006","Number of people unable to afford a healthy diet (NUA), million","2018","2018","Juillet 2025 (rapport SOFI)","millions de No","","O","Valeur manquante"
"CAHD","Coût et abordabilité d’une alimentation saine
 (CoAHD)","CHN","Chine, continentale","6205","Valeur","70041","Cost of a healthy diet (CoHD), LCU per person per day","2018","2018","Juillet 2025 (rapport SOFI)","UML/personne/jour","11.33","E","Valeur estimée"
"CAHD","Coût et abordabilité d’une alimentation saine
 (CoAHD)","CHN","Chine, continentale","6226","Valeur","70040","Cost of a healthy diet (CoHD), PPP dollar per person per day","2018","2018","Juillet 2025 (rapport SOFI)","Int$ (PPP) per person per day","2.82","E","Valeur estimée"
"CAHD","Coût et abordabilité d’une alimentation saine
 (CoAHD)","CHN","Chine, continentale","6121","Valeur","7005","Prevalence of unaffordability (PUA), percent","2018","2018","Juillet 2025 (rapport SOFI)","%","25.3","E","Valeur estimée"
"CAHD","Coût et abordabilité d’une alimentation saine
 (CoAHD)","CHN","Chine, continentale","6132","Valeur","7006","Number of people unable to afford a healthy diet (NUA), million","2018","2018","Juillet 2025 (rapport SOFI)","millions de No","358.6","E","Valeur estimée"
"CAHD","Coût et abordabilité d’une alimentation saine
 (CoAHD)","TWN","Chine, Taiwan Province de","6205","Valeur","70041","Cost of a healthy diet (CoHD), LCU per person per day","2018","2018","Juillet 2025 (rapport SOFI)","UML/personne/jour","","O","Valeur manquante"
"CAHD","Coût et abordabilité d’une alimentation saine
 (CoAHD)","TWN","Chine, Taiwan Province de","6226","Valeur","70040","Cost of a healthy diet (CoHD), PPP dollar per person per day","2018","2018","Juillet 2025 (rapport SOFI)","Int$ (PPP) per person per day","","O","Valeur manquante"
"CAHD","Coût et abordabilité d’une alimentation saine
 (CoAHD)","TWN","Chine, Taiwan Province de","6121","Valeur","7005","Prevalence of unaffordability (PUA), percent","2018","2018","Juillet 2025 (rapport SOFI)","%","5.7","E","Valeur estimée"
"CAHD","Coût et abordabilité d’une alimentation saine
 (CoAHD)","TWN","Chine, Taiwan Province de","6132","Valeur","7006","Number of people unable to afford a healthy diet (NUA), million","2018","2018","Juillet 2025 (rapport SOFI)","millions de No","1.4","E","Valeur estimée"
"CAHD","Coût et abordabilité d’une alimentation saine
 (CoAHD)","CYP","Chypre","6205","Valeur","70041","Cost of a healthy diet (CoHD), LCU per person per day","2018","2018","Juillet 2025 (rapport SOFI)","UML/personne/jour","1.96","E","Valeur estimée"
"CAHD","Coût et abordabilité d’une alimentation saine
 (CoAHD)","CYP","Chypre","6226","Valeur","70040","Cost of a healthy diet (CoHD), PPP dollar per person per day","2018","2018","Juillet 2025 (rapport SOFI)","Int$ (PPP) per person per day","2.93","E","Valeur estimée"
"CAHD","Coût et abordabilité d’une alimentation saine
 (CoAHD)","CYP","Chypre","6121","Valeur","7005","Prevalence of unaffordability (PUA), percent","2018","2018","Juillet 2025 (rapport SOFI)","%","2.7","E","Valeur estimée"
"CAHD","Coût et abordabilité d’une alimentation saine
 (CoAHD)","CYP","Chypre","6132","Valeur","7006","Number of people unable to afford a healthy diet (NUA), million","2018","2018","Juillet 2025 (rapport SOFI)","millions de No","<0.1","E","Valeur estimée"
"CAHD","Coût et abordabilité d’une alimentation saine
 (CoAHD)","COL","Colombie","6205","Valeur","70041","Cost of a healthy diet (CoHD), LCU per person per day","2018","2018","Juillet 2025 (rapport SOFI)","UML/personne/jour","4207.9","E","Valeur estimée"
"CAHD","Coût et abordabilité d’une alimentation saine
 (CoAHD)","COL","Colombie","6226","Valeur","70040","Cost of a healthy diet (CoHD), PPP dollar per person per day","2018","2018","Juillet 2025 (rapport SOFI)","Int$ (PPP) per person per day","2.87","E","Valeur estimée"
"CAHD","Coût et abordabilité d’une alimentation saine
 (CoAHD)","COL","Colombie","6121","Valeur","7005","Prevalence of unaffordability (PUA), percent","2018","2018","Juillet 2025 (rapport SOFI)","%","31.4","E","Valeur estimée"
"CAHD","Coût et abordabilité d’une alimentation saine
 (CoAHD)","COL","Colombie","6132","Valeur","7006","Number of people unable to afford a healthy diet (NUA), million","2018","2018","Juillet 2025 (rapport SOFI)","millions de No","15.4","E","Valeur estimée"
"CAHD","Coût et abordabilité d’une alimentation saine
 (CoAHD)","COM","Comores","6205","Valeur","70041","Cost of a healthy diet (CoHD), LCU per person per day","2018","2018","Juillet 2025 (rapport SOFI)","UML/personne/jour","996.34","E","Valeur estimée"
"CAHD","Coût et abordabilité d’une alimentation saine
 (CoAHD)","COM","Comores","6226","Valeur","70040","Cost of a healthy diet (CoHD), PPP dollar per person per day","2018","2018","Juillet 2025 (rapport SOFI)","Int$ (PPP) per person per day","4.55","E","Valeur estimée"
"CAHD","Coût et abordabilité d’une alimentation saine
 (CoAHD)","COM","Comores","6121","Valeur","7005","Prevalence of unaffordability (PUA), percent","2018","2018","Juillet 2025 (rapport SOFI)","%","63.6","E","Valeur estimée"
"CAHD","Coût et abordabilité d’une alimentation saine
 (CoAHD)","COM","Comores","6132","Valeur","7006","Number of people unable to afford a healthy diet (NUA), million","2018","2018","Juillet 2025 (rapport SOFI)","millions de No","0.5","E","Valeur estimée"
"CAHD","Coût et abordabilité d’une alimentation saine
 (CoAHD)","COG","Congo","6205","Valeur","70041","Cost of a healthy diet (CoHD), LCU per person per day","2018","2018","Juillet 2025 (rapport SOFI)","UML/personne/jour","862.59","E","Valeur estimée"
"CAHD","Coût et abordabilité d’une alimentation saine
 (CoAHD)","COG","Congo","6226","Valeur","70040","Cost of a healthy diet (CoHD), PPP dollar per person per day","2018","2018","Juillet 2025 (rapport SOFI)","Int$ (PPP) per person per day","3.16","E","Valeur estimée"
"CAHD","Coût et abordabilité d’une alimentation saine
 (CoAHD)","COG","Congo","6121","Valeur","7005","Prevalence of unaffordability (PUA), percent","2018","2018","Juillet 2025 (rapport SOFI)","%","75.5","E","Valeur estimée"
"CAHD","Coût et abordabilité d’une alimentation saine
 (CoAHD)","COG","Congo","6132","Valeur","7006","Number of people unable to afford a healthy diet (NUA), million","2018","2018","Juillet 2025 (rapport SOFI)","millions de No","4.1","E","Valeur estimée"
"CAHD","Coût et abordabilité d’une alimentation saine
 (CoAHD)","CRI","Costa Rica","6205","Valeur","70041","Cost of a healthy diet (CoHD), LCU per person per day","2018","2018","Juillet 2025 (rapport SOFI)","UML/personne/jour","1299.42","E","Valeur estimée"
"CAHD","Coût et abordabilité d’une alimentation saine
 (CoAHD)","CRI","Costa Rica","6226","Valeur","70040","Cost of a healthy diet (CoHD), PPP dollar per person per day","2018","2018","Juillet 2025 (rapport SOFI)","Int$ (PPP) per person per day","3.58","E","Valeur estimée"
"CAHD","Coût et abordabilité d’une alimentation saine
 (CoAHD)","CRI","Costa Rica","6121","Valeur","7005","Prevalence of unaffordability (PUA), percent","2018","2018","Juillet 2025 (rapport SOFI)","%","15.3","E","Valeur estimée"
"CAHD","Coût et abordabilité d’une alimentation saine
 (CoAHD)","CRI","Costa Rica","6132","Valeur","7006","Number of people unable to afford a healthy diet (NUA), million","2018","2018","Juillet 2025 (rapport SOFI)","millions de No","0.8","E","Valeur estimée"
"CAHD","Coût et abordabilité d’une alimentation saine
 (CoAHD)","CIV","Côte d'Ivoire","6205","Valeur","70041","Cost of a healthy diet (CoHD), LCU per person per day","2018","2018","Juillet 2025 (rapport SOFI)","UML/personne/jour","641.32","E","Valeur estimée"
"CAHD","Coût et abordabilité d’une alimentation saine
 (CoAHD)","CIV","Côte d'Ivoire","6226","Valeur","70040","Cost of a healthy diet (CoHD), PPP dollar per person per day","2018","2018","Juillet 2025 (rapport SOFI)","Int$ (PPP) per person per day","2.69","E","Valeur estimée"
"CAHD","Coût et abordabilité d’une alimentation saine
 (CoAHD)","CIV","Côte d'Ivoire","6121","Valeur","7005","Prevalence of unaffordability (PUA), percent","2018","2018","Juillet 2025 (rapport SOFI)","%","51.9","E","Valeur estimée"
"CAHD","Coût et abordabilité d’une alimentation saine
 (CoAHD)","CIV","Côte d'Ivoire","6132","Valeur","7006","Number of people unable to afford a healthy diet (NUA), million","2018","2018","Juillet 2025 (rapport SOFI)","millions de No","14.3","E","Valeur estimée"
"CAHD","Coût et abordabilité d’une alimentation saine
 (CoAHD)","HRV","Croatie","6205","Valeur","70041","Cost of a healthy diet (CoHD), LCU per person per day","2018","2018","Juillet 2025 (rapport SOFI)","UML/personne/jour","1.72","E","Valeur estimée"
"CAHD","Coût et abordabilité d’une alimentation saine
 (CoAHD)","HRV","Croatie","6226","Valeur","70040","Cost of a healthy diet (CoHD), PPP dollar per person per day","2018","2018","Juillet 2025 (rapport SOFI)","Int$ (PPP) per person per day","3.35","E","Valeur estimée"
"CAHD","Coût et abordabilité d’une alimentation saine
 (CoAHD)","HRV","Croatie","6121","Valeur","7005","Prevalence of unaffordability (PUA), percent","2018","2018","Juillet 2025 (rapport SOFI)","%","23.3","E","Valeur estimée"
"CAHD","Coût et abordabilité d’une alimentation saine
 (CoAHD)","HRV","Croatie","6132","Valeur","7006","Number of people unable to afford a healthy diet (NUA), million","2018","2018","Juillet 2025 (rapport SOFI)","millions de No","0.9","E","Valeur estimée"
"CAHD","Coût et abordabilité d’une alimentation saine
 (CoAHD)","CUW","Curaçao","6205","Valeur","70041","Cost of a healthy diet (CoHD), LCU per person per day","2018","2018","Juillet 2025 (rapport SOFI)","UML/personne/jour","4.67","E","Valeur estimée"
"CAHD","Coût et abordabilité d’une alimentation saine
 (CoAHD)","CUW","Curaçao","6226","Valeur","70040","Cost of a healthy diet (CoHD), PPP dollar per person per day","2018","2018","Juillet 2025 (rapport SOFI)","Int$ (PPP) per person per day","3.13","E","Valeur estimée"
"CAHD","Coût et abordabilité d’une alimentation saine
 (CoAHD)","CUW","Curaçao","6121","Valeur","7005","Prevalence of unaffordability (PUA), percent","2018","2018","Juillet 2025 (rapport SOFI)","%","","O","Valeur manquante"
"CAHD","Coût et abordabilité d’une alimentation saine
 (CoAHD)","CUW","Curaçao","6132","Valeur","7006","Number of people unable to afford a healthy diet (NUA), million","2018","2018","Juillet 2025 (rapport SOFI)","millions de No","","O","Valeur manquante"
"CAHD","Coût et abordabilité d’une alimentation saine
 (CoAHD)","DNK","Danemark","6205","Valeur","70041","Cost of a healthy diet (CoHD), LCU per person per day","2018","2018","Juillet 2025 (rapport SOFI)","UML/personne/jour","17.59","E","Valeur estimée"
"CAHD","Coût et abordabilité d’une alimentation saine
 (CoAHD)","DNK","Danemark","6226","Valeur","70040","Cost of a healthy diet (CoHD), PPP dollar per person per day","2018","2018","Juillet 2025 (rapport SOFI)","Int$ (PPP) per person per day","2.26","E","Valeur estimée"
"CAHD","Coût et abordabilité d’une alimentation saine
 (CoAHD)","DNK","Danemark","6121","Valeur","7005","Prevalence of unaffordability (PUA), percent","2018","2018","Juillet 2025 (rapport SOFI)","%","1","E","Valeur estimée"
"CAHD","Coût et abordabilité d’une alimentation saine
 (CoAHD)","DNK","Danemark","6132","Valeur","7006","Number of people unable to afford a healthy diet (NUA), million","2018","2018","Juillet 2025 (rapport SOFI)","millions de No","0.1","E","Valeur estimée"
"CAHD","Coût et abordabilité d’une alimentation saine
 (CoAHD)","DJI","Djibouti","6205","Valeur","70041","Cost of a healthy diet (CoHD), LCU per person per day","2018","2018","Juillet 2025 (rapport SOFI)","UML/personne/jour","292.61","E","Valeur estimée"
"CAHD","Coût et abordabilité d’une alimentation saine
 (CoAHD)","DJI","Djibouti","6226","Valeur","70040","Cost of a healthy diet (CoHD), PPP dollar per person per day","2018","2018","Juillet 2025 (rapport SOFI)","Int$ (PPP) per person per day","3","E","Valeur estimée"
"CAHD","Coût et abordabilité d’une alimentation saine
 (CoAHD)","DJI","Djibouti","6121","Valeur","7005","Prevalence of unaffordability (PUA), percent","2018","2018","Juillet 2025 (rapport SOFI)","%","55.5","E","Valeur estimée"
"CAHD","Coût et abordabilité d’une alimentation saine
 (CoAHD)","DJI","Djibouti","6132","Valeur","7006","Number of people unable to afford a healthy diet (NUA), million","2018","2018","Juillet 2025 (rapport SOFI)","millions de No","0.6","E","Valeur estimée"
"CAHD","Coût et abordabilité d’une alimentation saine
 (CoAHD)","DMA","Dominique","6205","Valeur","70041","Cost of a healthy diet (CoHD), LCU per person per day","2018","2018","Juillet 2025 (rapport SOFI)","UML/personne/jour","8.25","E","Valeur estimée"
"CAHD","Coût et abordabilité d’une alimentation saine
 (CoAHD)","DMA","Dominique","6226","Valeur","70040","Cost of a healthy diet (CoHD), PPP dollar per person per day","2018","2018","Juillet 2025 (rapport SOFI)","Int$ (PPP) per person per day","4.55","E","Valeur estimée"
"CAHD","Coût et abordabilité d’une alimentation saine
 (CoAHD)","DMA","Dominique","6121","Valeur","7005","Prevalence of unaffordability (PUA), percent","2018","2018","Juillet 2025 (rapport SOFI)","%","","O","Valeur manquante"
"CAHD","Coût et abordabilité d’une alimentation saine
 (CoAHD)","DMA","Dominique","6132","Valeur","7006","Number of people unable to afford a healthy diet (NUA), million","2018","2018","Juillet 2025 (rapport SOFI)","millions de No","","O","Valeur manquante"
"CAHD","Coût et abordabilité d’une alimentation saine
 (CoAHD)","EGY","Égypte","6205","Valeur","70041","Cost of a healthy diet (CoHD), LCU per person per day","2018","2018","Juillet 2025 (rapport SOFI)","UML/personne/jour","14.75","E","Valeur estimée"
"CAHD","Coût et abordabilité d’une alimentation saine
 (CoAHD)","EGY","Égypte","6226","Valeur","70040","Cost of a healthy diet (CoHD), PPP dollar per person per day","2018","2018","Juillet 2025 (rapport SOFI)","Int$ (PPP) per person per day","4.02","E","Valeur estimée"
"CAHD","Coût et abordabilité d’une alimentation saine
 (CoAHD)","EGY","Égypte","6121","Valeur","7005","Prevalence of unaffordability (PUA), percent","2018","2018","Juillet 2025 (rapport SOFI)","%","53.9","E","Valeur estimée"
"CAHD","Coût et abordabilité d’une alimentation saine
 (CoAHD)","EGY","Égypte","6132","Valeur","7006","Number of people unable to afford a healthy diet (NUA), million","2018","2018","Juillet 2025 (rapport SOFI)","millions de No","56.9","E","Valeur estimée"
"CAHD","Coût et abordabilité d’une alimentation saine
 (CoAHD)","ARE","Émirats arabes unis","6205","Valeur","70041","Cost of a healthy diet (CoHD), LCU per person per day","2018","2018","Juillet 2025 (rapport SOFI)","UML/personne/jour","7.12","E","Valeur estimée"
"CAHD","Coût et abordabilité d’une alimentation saine
 (CoAHD)","ARE","Émirats arabes unis","6226","Valeur","70040","Cost of a healthy diet (CoHD), PPP dollar per person per day","2018","2018","Juillet 2025 (rapport SOFI)","Int$ (PPP) per person per day","2.74","E","Valeur estimée"
"CAHD","Coût et abordabilité d’une alimentation saine
 (CoAHD)","ARE","Émirats arabes unis","6121","Valeur","7005","Prevalence of unaffordability (PUA), percent","2018","2018","Juillet 2025 (rapport SOFI)","%","2.5","E","Valeur estimée"
"CAHD","Coût et abordabilité d’une alimentation saine
 (CoAHD)","ARE","Émirats arabes unis","6132","Valeur","7006","Number of people unable to afford a healthy diet (NUA), million","2018","2018","Juillet 2025 (rapport SOFI)","millions de No","0.2","E","Valeur estimée"
"CAHD","Coût et abordabilité d’une alimentation saine
 (CoAHD)","ECU","Équateur","6205","Valeur","70041","Cost of a healthy diet (CoHD), LCU per person per day","2018","2018","Juillet 2025 (rapport SOFI)","UML/personne/jour","1.41","E","Valeur estimée"
"CAHD","Coût et abordabilité d’une alimentation saine
 (CoAHD)","ECU","Équateur","6226","Valeur","70040","Cost of a healthy diet (CoHD), PPP dollar per person per day","2018","2018","Juillet 2025 (rapport SOFI)","Int$ (PPP) per person per day","2.54","E","Valeur estimée"
"CAHD","Coût et abordabilité d’une alimentation saine
 (CoAHD)","ECU","Équateur","6121","Valeur","7005","Prevalence of unaffordability (PUA), percent","2018","2018","Juillet 2025 (rapport SOFI)","%","23.9","E","Valeur estimée"
"CAHD","Coût et abordabilité d’une alimentation saine
 (CoAHD)","ECU","Équateur","6132","Valeur","7006","Number of people unable to afford a healthy diet (NUA), million","2018","2018","Juillet 2025 (rapport SOFI)","millions de No","4.1","E","Valeur estimée"
"CAHD","Coût et abordabilité d’une alimentation saine
 (CoAHD)","ESP","Espagne","6205","Valeur","70041","Cost of a healthy diet (CoHD), LCU per person per day","2018","2018","Juillet 2025 (rapport SOFI)","UML/personne/jour","1.83","E","Valeur estimée"
"CAHD","Coût et abordabilité d’une alimentation saine
 (CoAHD)","ESP","Espagne","6226","Valeur","70040","Cost of a healthy diet (CoHD), PPP dollar per person per day","2018","2018","Juillet 2025 (rapport SOFI)","Int$ (PPP) per person per day","2.57","E","Valeur estimée"
"CAHD","Coût et abordabilité d’une alimentation saine
 (CoAHD)","ESP","Espagne","6121","Valeur","7005","Prevalence of unaffordability (PUA), percent","2018","2018","Juillet 2025 (rapport SOFI)","%","10.8","E","Valeur estimée"
"CAHD","Coût et abordabilité d’une alimentation saine
 (CoAHD)","ESP","Espagne","6132","Valeur","7006","Number of people unable to afford a healthy diet (NUA), million","2018","2018","Juillet 2025 (rapport SOFI)","millions de No","5.1","E","Valeur estimée"
"CAHD","Coût et abordabilité d’une alimentation saine
 (CoAHD)","EST","Estonie","6205","Valeur","70041","Cost of a healthy diet (CoHD), LCU per person per day","2018","2018","Juillet 2025 (rapport SOFI)","UML/personne/jour","1.96","E","Valeur estimée"
"CAHD","Coût et abordabilité d’une alimentation saine
 (CoAHD)","EST","Estonie","6226","Valeur","70040","Cost of a healthy diet (CoHD), PPP dollar per person per day","2018","2018","Juillet 2025 (rapport SOFI)","Int$ (PPP) per person per day","3.21","E","Valeur estimée"
"CAHD","Coût et abordabilité d’une alimentation saine
 (CoAHD)","EST","Estonie","6121","Valeur","7005","Prevalence of unaffordability (PUA), percent","2018","2018","Juillet 2025 (rapport SOFI)","%","9.5","E","Valeur estimée"
"CAHD","Coût et abordabilité d’une alimentation saine
 (CoAHD)","EST","Estonie","6132","Valeur","7006","Number of people unable to afford a healthy diet (NUA), million","2018","2018","Juillet 2025 (rapport SOFI)","millions de No","0.1","E","Valeur estimée"
"CAHD","Coût et abordabilité d’une alimentation saine
 (CoAHD)","SWZ","Eswatini","6205","Valeur","70041","Cost of a healthy diet (CoHD), LCU per person per day","2018","2018","Juillet 2025 (rapport SOFI)","UML/personne/jour","20.58","E","Valeur estimée"
"CAHD","Coût et abordabilité d’une alimentation saine
 (CoAHD)","SWZ","Eswatini","6226","Valeur","70040","Cost of a healthy diet (CoHD), PPP dollar per person per day","2018","2018","Juillet 2025 (rapport SOFI)","Int$ (PPP) per person per day","3.31","E","Valeur estimée"
"CAHD","Coût et abordabilité d’une alimentation saine
 (CoAHD)","SWZ","Eswatini","6121","Valeur","7005","Prevalence of unaffordability (PUA), percent","2018","2018","Juillet 2025 (rapport SOFI)","%","67.6","E","Valeur estimée"
"CAHD","Coût et abordabilité d’une alimentation saine
 (CoAHD)","SWZ","Eswatini","6132","Valeur","7006","Number of people unable to afford a healthy diet (NUA), million","2018","2018","Juillet 2025 (rapport SOFI)","millions de No","0.8","E","Valeur estimée"
"CAHD","Coût et abordabilité d’une alimentation saine
 (CoAHD)","USA","États-Unis d'Amérique","6205","Valeur","70041","Cost of a healthy diet (CoHD), LCU per person per day","2018","2018","Juillet 2025 (rapport SOFI)","UML/personne/jour","2.18","E","Valeur estimée"
"CAHD","Coût et abordabilité d’une alimentation saine
 (CoAHD)","USA","États-Unis d'Amérique","6226","Valeur","70040","Cost of a healthy diet (CoHD), PPP dollar per person per day","2018","2018","Juillet 2025 (rapport SOFI)","Int$ (PPP) per person per day","2.18","E","Valeur estimée"
"CAHD","Coût et abordabilité d’une alimentation saine
 (CoAHD)","USA","États-Unis d'Amérique","6121","Valeur","7005","Prevalence of unaffordability (PUA), percent","2018","2018","Juillet 2025 (rapport SOFI)","%","4.7","E","Valeur estimée"
"CAHD","Coût et abordabilité d’une alimentation saine
 (CoAHD)","USA","États-Unis d'Amérique","6132","Valeur","7006","Number of people unable to afford a healthy diet (NUA), million","2018","2018","Juillet 2025 (rapport SOFI)","millions de No","15.9","E","Valeur estimée"
"CAHD","Coût et abordabilité d’une alimentation saine
 (CoAHD)","ETH","Éthiopie","6205","Valeur","70041","Cost of a healthy diet (CoHD), LCU per person per day","2018","2018","Juillet 2025 (rapport SOFI)","UML/personne/jour","27.2","E","Valeur estimée"
"CAHD","Coût et abordabilité d’une alimentation saine
 (CoAHD)","ETH","Éthiopie","6226","Valeur","70040","Cost of a healthy diet (CoHD), PPP dollar per person per day","2018","2018","Juillet 2025 (rapport SOFI)","Int$ (PPP) per person per day","3.03","E","Valeur estimée"
"CAHD","Coût et abordabilité d’une alimentation saine
 (CoAHD)","ETH","Éthiopie","6121","Valeur","7005","Prevalence of unaffordability (PUA), percent","2018","2018","Juillet 2025 (rapport SOFI)","%","58.4","E","Valeur estimée"
"CAHD","Coût et abordabilité d’une alimentation saine
 (CoAHD)","ETH","Éthiopie","6132","Valeur","7006","Number of people unable to afford a healthy diet (NUA), million","2018","2018","Juillet 2025 (rapport SOFI)","millions de No","65.8","E","Valeur estimée"
"CAHD","Coût et abordabilité d’une alimentation saine
 (CoAHD)","RUS","Fédération de Russie","6205","Valeur","70041","Cost of a healthy diet (CoHD), LCU per person per day","2018","2018","Juillet 2025 (rapport SOFI)","UML/personne/jour","59.11","E","Valeur estimée"
"CAHD","Coût et abordabilité d’une alimentation saine
 (CoAHD)","RUS","Fédération de Russie","6226","Valeur","70040","Cost of a healthy diet (CoHD), PPP dollar per person per day","2018","2018","Juillet 2025 (rapport SOFI)","Int$ (PPP) per person per day","2.28","E","Valeur estimée"
"CAHD","Coût et abordabilité d’une alimentation saine
 (CoAHD)","RUS","Fédération de Russie","6121","Valeur","7005","Prevalence of unaffordability (PUA), percent","2018","2018","Juillet 2025 (rapport SOFI)","%","2.8","E","Valeur estimée"
"CAHD","Coût et abordabilité d’une alimentation saine
 (CoAHD)","RUS","Fédération de Russie","6132","Valeur","7006","Number of people unable to afford a healthy diet (NUA), million","2018","2018","Juillet 2025 (rapport SOFI)","millions de No","4.1","E","Valeur estimée"
"CAHD","Coût et abordabilité d’une alimentation saine
 (CoAHD)","FJI","Fidji","6205","Valeur","70041","Cost of a healthy diet (CoHD), LCU per person per day","2018","2018","Juillet 2025 (rapport SOFI)","UML/personne/jour","3.3","E","Valeur estimée"
"CAHD","Coût et abordabilité d’une alimentation saine
 (CoAHD)","FJI","Fidji","6226","Valeur","70040","Cost of a healthy diet (CoHD), PPP dollar per person per day","2018","2018","Juillet 2025 (rapport SOFI)","Int$ (PPP) per person per day","3.26","E","Valeur estimée"
"CAHD","Coût et abordabilité d’une alimentation saine
 (CoAHD)","FJI","Fidji","6121","Valeur","7005","Prevalence of unaffordability (PUA), percent","2018","2018","Juillet 2025 (rapport SOFI)","%","46.9","E","Valeur estimée"
"CAHD","Coût et abordabilité d’une alimentation saine
 (CoAHD)","FJI","Fidji","6132","Valeur","7006","Number of people unable to afford a healthy diet (NUA), million","2018","2018","Juillet 2025 (rapport SOFI)","millions de No","0.4","E","Valeur estimée"
"CAHD","Coût et abordabilité d’une alimentation saine
 (CoAHD)","FIN","Finlande","6205","Valeur","70041","Cost of a healthy diet (CoHD), LCU per person per day","2018","2018","Juillet 2025 (rapport SOFI)","UML/personne/jour","2.42","E","Valeur estimée"
"CAHD","Coût et abordabilité d’une alimentation saine
 (CoAHD)","FIN","Finlande","6226","Valeur","70040","Cost of a healthy diet (CoHD), PPP dollar per person per day","2018","2018","Juillet 2025 (rapport SOFI)","Int$ (PPP) per person per day","2.61","E","Valeur estimée"
"CAHD","Coût et abordabilité d’une alimentation saine
 (CoAHD)","FIN","Finlande","6121","Valeur","7005","Prevalence of unaffordability (PUA), percent","2018","2018","Juillet 2025 (rapport SOFI)","%","1.1","E","Valeur estimée"
"CAHD","Coût et abordabilité d’une alimentation saine
 (CoAHD)","FIN","Finlande","6132","Valeur","7006","Number of people unable to afford a healthy diet (NUA), million","2018","2018","Juillet 2025 (rapport SOFI)","millions de No","0.1","E","Valeur estimée"
"CAHD","Coût et abordabilité d’une alimentation saine
 (CoAHD)","FRA","France","6205","Valeur","70041","Cost of a healthy diet (CoHD), LCU per person per day","2018","2018","Juillet 2025 (rapport SOFI)","UML/personne/jour","2.23","E","Valeur estimée"
"CAHD","Coût et abordabilité d’une alimentation saine
 (CoAHD)","FRA","France","6226","Valeur","70040","Cost of a healthy diet (CoHD), PPP dollar per person per day","2018","2018","Juillet 2025 (rapport SOFI)","Int$ (PPP) per person per day","2.65","E","Valeur estimée"
"CAHD","Coût et abordabilité d’une alimentation saine
 (CoAHD)","FRA","France","6121","Valeur","7005","Prevalence of unaffordability (PUA), percent","2018","2018","Juillet 2025 (rapport SOFI)","%","2.2","E","Valeur estimée"
"CAHD","Coût et abordabilité d’une alimentation saine
 (CoAHD)","FRA","France","6132","Valeur","7006","Number of people unable to afford a healthy diet (NUA), million","2018","2018","Juillet 2025 (rapport SOFI)","millions de No","1.4","E","Valeur estimée"
"CAHD","Coût et abordabilité d’une alimentation saine
 (CoAHD)","GAB","Gabon","6205","Valeur","70041","Cost of a healthy diet (CoHD), LCU per person per day","2018","2018","Juillet 2025 (rapport SOFI)","UML/personne/jour","1075.48","E","Valeur estimée"
"CAHD","Coût et abordabilité d’une alimentation saine
 (CoAHD)","GAB","Gabon","6226","Valeur","70040","Cost of a healthy diet (CoHD), PPP dollar per person per day","2018","2018","Juillet 2025 (rapport SOFI)","Int$ (PPP) per person per day","3.31","E","Valeur estimée"
"CAHD","Coût et abordabilité d’une alimentation saine
 (CoAHD)","GAB","Gabon","6121","Valeur","7005","Prevalence of unaffordability (PUA), percent","2018","2018","Juillet 2025 (rapport SOFI)","%","32.5","E","Valeur estimée"
"CAHD","Coût et abordabilité d’une alimentation saine
 (CoAHD)","GAB","Gabon","6132","Valeur","7006","Number of people unable to afford a healthy diet (NUA), million","2018","2018","Juillet 2025 (rapport SOFI)","millions de No","0.7","E","Valeur estimée"
"CAHD","Coût et abordabilité d’une alimentation saine
 (CoAHD)","GMB","Gambie","6205","Valeur","70041","Cost of a healthy diet (CoHD), LCU per person per day","2018","2018","Juillet 2025 (rapport SOFI)","UML/personne/jour","42.64","E","Valeur estimée"
"CAHD","Coût et abordabilité d’une alimentation saine
 (CoAHD)","GMB","Gambie","6226","Valeur","70040","Cost of a healthy diet (CoHD), PPP dollar per person per day","2018","2018","Juillet 2025 (rapport SOFI)","Int$ (PPP) per person per day","2.86","E","Valeur estimée"
"CAHD","Coût et abordabilité d’une alimentation saine
 (CoAHD)","GMB","Gambie","6121","Valeur","7005","Prevalence of unaffordability (PUA), percent","2018","2018","Juillet 2025 (rapport SOFI)","%","42.1","E","Valeur estimée"
"CAHD","Coût et abordabilité d’une alimentation saine
 (CoAHD)","GMB","Gambie","6132","Valeur","7006","Number of people unable to afford a healthy diet (NUA), million","2018","2018","Juillet 2025 (rapport SOFI)","millions de No","1","E","Valeur estimée"
"CAHD","Coût et abordabilité d’une alimentation saine
 (CoAHD)","GHA","Ghana","6205","Valeur","70041","Cost of a healthy diet (CoHD), LCU per person per day","2018","2018","Juillet 2025 (rapport SOFI)","UML/personne/jour","6.53","E","Valeur estimée"
"CAHD","Coût et abordabilité d’une alimentation saine
 (CoAHD)","GHA","Ghana","6226","Valeur","70040","Cost of a healthy diet (CoHD), PPP dollar per person per day","2018","2018","Juillet 2025 (rapport SOFI)","Int$ (PPP) per person per day","3.51","E","Valeur estimée"
"CAHD","Coût et abordabilité d’une alimentation saine
 (CoAHD)","GHA","Ghana","6121","Valeur","7005","Prevalence of unaffordability (PUA), percent","2018","2018","Juillet 2025 (rapport SOFI)","%","64.7","E","Valeur estimée"
"CAHD","Coût et abordabilité d’une alimentation saine
 (CoAHD)","GHA","Ghana","6132","Valeur","7006","Number of people unable to afford a healthy diet (NUA), million","2018","2018","Juillet 2025 (rapport SOFI)","millions de No","19.8","E","Valeur estimée"
"CAHD","Coût et abordabilité d’une alimentation saine
 (CoAHD)","GRC","Grèce","6205","Valeur","70041","Cost of a healthy diet (CoHD), LCU per person per day","2018","2018","Juillet 2025 (rapport SOFI)","UML/personne/jour","1.92","E","Valeur estimée"
"CAHD","Coût et abordabilité d’une alimentation saine
 (CoAHD)","GRC","Grèce","6226","Valeur","70040","Cost of a healthy diet (CoHD), PPP dollar per person per day","2018","2018","Juillet 2025 (rapport SOFI)","Int$ (PPP) per person per day","2.99","E","Valeur estimée"
"CAHD","Coût et abordabilité d’une alimentation saine
 (CoAHD)","GRC","Grèce","6121","Valeur","7005","Prevalence of unaffordability (PUA), percent","2018","2018","Juillet 2025 (rapport SOFI)","%","28","E","Valeur estimée"
"CAHD","Coût et abordabilité d’une alimentation saine
 (CoAHD)","GRC","Grèce","6132","Valeur","7006","Number of people unable to afford a healthy diet (NUA), million","2018","2018","Juillet 2025 (rapport SOFI)","millions de No","3","E","Valeur estimée"
"CAHD","Coût et abordabilité d’une alimentation saine
 (CoAHD)","GRD","Grenade","6205","Valeur","70041","Cost of a healthy diet (CoHD), LCU per person per day","2018","2018","Juillet 2025 (rapport SOFI)","UML/personne/jour","8.23","E","Valeur estimée"
"CAHD","Coût et abordabilité d’une alimentation saine
 (CoAHD)","GRD","Grenade","6226","Valeur","70040","Cost of a healthy diet (CoHD), PPP dollar per person per day","2018","2018","Juillet 2025 (rapport SOFI)","Int$ (PPP) per person per day","4.5","E","Valeur estimée"
"CAHD","Coût et abordabilité d’une alimentation saine
 (CoAHD)","GRD","Grenade","6121","Valeur","7005","Prevalence of unaffordability (PUA), percent","2018","2018","Juillet 2025 (rapport SOFI)","%","18.8","E","Valeur estimée"
"CAHD","Coût et abordabilité d’une alimentation saine
 (CoAHD)","GRD","Grenade","6132","Valeur","7006","Number of people unable to afford a healthy diet (NUA), million","2018","2018","Juillet 2025 (rapport SOFI)","millions de No","<0.1","E","Valeur estimée"
"CAHD","Coût et abordabilité d’une alimentation saine
 (CoAHD)","GTM","Guatemala","6205","Valeur","70041","Cost of a healthy diet (CoHD), LCU per person per day","2018","2018","Juillet 2025 (rapport SOFI)","UML/personne/jour","11.49","E","Valeur estimée"
"CAHD","Coût et abordabilité d’une alimentation saine
 (CoAHD)","GTM","Guatemala","6226","Valeur","70040","Cost of a healthy diet (CoHD), PPP dollar per person per day","2018","2018","Juillet 2025 (rapport SOFI)","Int$ (PPP) per person per day","3.12","E","Valeur estimée"
"CAHD","Coût et abordabilité d’une alimentation saine
 (CoAHD)","GTM","Guatemala","6121","Valeur","7005","Prevalence of unaffordability (PUA), percent","2018","2018","Juillet 2025 (rapport SOFI)","%","50.7","E","Valeur estimée"
"CAHD","Coût et abordabilité d’une alimentation saine
 (CoAHD)","GTM","Guatemala","6132","Valeur","7006","Number of people unable to afford a healthy diet (NUA), million","2018","2018","Juillet 2025 (rapport SOFI)","millions de No","8.5","E","Valeur estimée"
"CAHD","Coût et abordabilité d’une alimentation saine
 (CoAHD)","GIN","Guinée","6205","Valeur","70041","Cost of a healthy diet (CoHD), LCU per person per day","2018","2018","Juillet 2025 (rapport SOFI)","UML/personne/jour","8249.28","E","Valeur estimée"
"CAHD","Coût et abordabilité d’une alimentation saine
 (CoAHD)","GIN","Guinée","6226","Valeur","70040","Cost of a healthy diet (CoHD), PPP dollar per person per day","2018","2018","Juillet 2025 (rapport SOFI)","Int$ (PPP) per person per day","2.84","E","Valeur estimée"
"CAHD","Coût et abordabilité d’une alimentation saine
 (CoAHD)","GIN","Guinée","6121","Valeur","7005","Prevalence of unaffordability (PUA), percent","2018","2018","Juillet 2025 (rapport SOFI)","%","44","E","Valeur estimée"
"CAHD","Coût et abordabilité d’une alimentation saine
 (CoAHD)","GIN","Guinée","6132","Valeur","7006","Number of people unable to afford a healthy diet (NUA), million","2018","2018","Juillet 2025 (rapport SOFI)","millions de No","5.6","E","Valeur estimée"
"CAHD","Coût et abordabilité d’une alimentation saine
 (CoAHD)","GNQ","Guinée équatoriale","6205","Valeur","70041","Cost of a healthy diet (CoHD), LCU per person per day","2018","2018","Juillet 2025 (rapport SOFI)","UML/personne/jour","1125.11","E","Valeur estimée"
"CAHD","Coût et abordabilité d’une alimentation saine
 (CoAHD)","GNQ","Guinée équatoriale","6226","Valeur","70040","Cost of a healthy diet (CoHD), PPP dollar per person per day","2018","2018","Juillet 2025 (rapport SOFI)","Int$ (PPP) per person per day","3.77","E","Valeur estimée"
"CAHD","Coût et abordabilité d’une alimentation saine
 (CoAHD)","GNQ","Guinée équatoriale","6121","Valeur","7005","Prevalence of unaffordability (PUA), percent","2018","2018","Juillet 2025 (rapport SOFI)","%","","O","Valeur manquante"
"CAHD","Coût et abordabilité d’une alimentation saine
 (CoAHD)","GNQ","Guinée équatoriale","6132","Valeur","7006","Number of people unable to afford a healthy diet (NUA), million","2018","2018","Juillet 2025 (rapport SOFI)","millions de No","","O","Valeur manquante"
"CAHD","Coût et abordabilité d’une alimentation saine
 (CoAHD)","GNB","Guinée-Bissau","6205","Valeur","70041","Cost of a healthy diet (CoHD), LCU per person per day","2018","2018","Juillet 2025 (rapport SOFI)","UML/personne/jour","689.82","E","Valeur estimée"
"CAHD","Coût et abordabilité d’une alimentation saine
 (CoAHD)","GNB","Guinée-Bissau","6226","Valeur","70040","Cost of a healthy diet (CoHD), PPP dollar per person per day","2018","2018","Juillet 2025 (rapport SOFI)","Int$ (PPP) per person per day","3.04","E","Valeur estimée"
"CAHD","Coût et abordabilité d’une alimentation saine
 (CoAHD)","GNB","Guinée-Bissau","6121","Valeur","7005","Prevalence of unaffordability (PUA), percent","2018","2018","Juillet 2025 (rapport SOFI)","%","62.8","E","Valeur estimée"
"CAHD","Coût et abordabilité d’une alimentation saine
 (CoAHD)","GNB","Guinée-Bissau","6132","Valeur","7006","Number of people unable to afford a healthy diet (NUA), million","2018","2018","Juillet 2025 (rapport SOFI)","millions de No","1.2","E","Valeur estimée"
"CAHD","Coût et abordabilité d’une alimentation saine
 (CoAHD)","GUY","Guyana","6205","Valeur","70041","Cost of a healthy diet (CoHD), LCU per person per day","2018","2018","Juillet 2025 (rapport SOFI)","UML/personne/jour","542.06","E","Valeur estimée"
"CAHD","Coût et abordabilité d’une alimentation saine
 (CoAHD)","GUY","Guyana","6226","Valeur","70040","Cost of a healthy diet (CoHD), PPP dollar per person per day","2018","2018","Juillet 2025 (rapport SOFI)","Int$ (PPP) per person per day","4.79","E","Valeur estimée"
"CAHD","Coût et abordabilité d’une alimentation saine
 (CoAHD)","GUY","Guyana","6121","Valeur","7005","Prevalence of unaffordability (PUA), percent","2018","2018","Juillet 2025 (rapport SOFI)","%","41","E","Valeur estimée"
"CAHD","Coût et abordabilité d’une alimentation saine
 (CoAHD)","GUY","Guyana","6132","Valeur","7006","Number of people unable to afford a healthy diet (NUA), million","2018","2018","Juillet 2025 (rapport SOFI)","millions de No","0.3","E","Valeur estimée"
"CAHD","Coût et abordabilité d’une alimentation saine
 (CoAHD)","HTI","Haïti","6205","Valeur","70041","Cost of a healthy diet (CoHD), LCU per person per day","2018","2018","Juillet 2025 (rapport SOFI)","UML/personne/jour","139.06","E","Valeur estimée"
"CAHD","Coût et abordabilité d’une alimentation saine
 (CoAHD)","HTI","Haïti","6226","Valeur","70040","Cost of a healthy diet (CoHD), PPP dollar per person per day","2018","2018","Juillet 2025 (rapport SOFI)","Int$ (PPP) per person per day","4.05","E","Valeur estimée"
"CAHD","Coût et abordabilité d’une alimentation saine
 (CoAHD)","HTI","Haïti","6121","Valeur","7005","Prevalence of unaffordability (PUA), percent","2018","2018","Juillet 2025 (rapport SOFI)","%","77.9","E","Valeur estimée"
"CAHD","Coût et abordabilité d’une alimentation saine
 (CoAHD)","HTI","Haïti","6132","Valeur","7006","Number of people unable to afford a healthy diet (NUA), million","2018","2018","Juillet 2025 (rapport SOFI)","millions de No","8.5","E","Valeur estimée"
"CAHD","Coût et abordabilité d’une alimentation saine
 (CoAHD)","HND","Honduras","6205","Valeur","70041","Cost of a healthy diet (CoHD), LCU per person per day","2018","2018","Juillet 2025 (rapport SOFI)","UML/personne/jour","40.79","E","Valeur estimée"
"CAHD","Coût et abordabilité d’une alimentation saine
 (CoAHD)","HND","Honduras","6226","Valeur","70040","Cost of a healthy diet (CoHD), PPP dollar per person per day","2018","2018","Juillet 2025 (rapport SOFI)","Int$ (PPP) per person per day","3.66","E","Valeur estimée"
"CAHD","Coût et abordabilité d’une alimentation saine
 (CoAHD)","HND","Honduras","6121","Valeur","7005","Prevalence of unaffordability (PUA), percent","2018","2018","Juillet 2025 (rapport SOFI)","%","39.4","E","Valeur estimée"
"CAHD","Coût et abordabilité d’une alimentation saine
 (CoAHD)","HND","Honduras","6132","Valeur","7006","Number of people unable to afford a healthy diet (NUA), million","2018","2018","Juillet 2025 (rapport SOFI)","millions de No","3.8","E","Valeur estimée"
"CAHD","Coût et abordabilité d’une alimentation saine
 (CoAHD)","HUN","Hongrie","6205","Valeur","70041","Cost of a healthy diet (CoHD), LCU per person per day","2018","2018","Juillet 2025 (rapport SOFI)","UML/personne/jour","534.82","E","Valeur estimée"
"CAHD","Coût et abordabilité d’une alimentation saine
 (CoAHD)","HUN","Hongrie","6226","Valeur","70040","Cost of a healthy diet (CoHD), PPP dollar per person per day","2018","2018","Juillet 2025 (rapport SOFI)","Int$ (PPP) per person per day","3.45","E","Valeur estimée"
"CAHD","Coût et abordabilité d’une alimentation saine
 (CoAHD)","HUN","Hongrie","6121","Valeur","7005","Prevalence of unaffordability (PUA), percent","2018","2018","Juillet 2025 (rapport SOFI)","%","26.6","E","Valeur estimée"
"CAHD","Coût et abordabilité d’une alimentation saine
 (CoAHD)","HUN","Hongrie","6132","Valeur","7006","Number of people unable to afford a healthy diet (NUA), million","2018","2018","Juillet 2025 (rapport SOFI)","millions de No","2.6","E","Valeur estimée"
"CAHD","Coût et abordabilité d’une alimentation saine
 (CoAHD)","CYM","Îles Caïmanes","6205","Valeur","70041","Cost of a healthy diet (CoHD), LCU per person per day","2018","2018","Juillet 2025 (rapport SOFI)","UML/personne/jour","4.29","E","Valeur estimée"
"CAHD","Coût et abordabilité d’une alimentation saine
 (CoAHD)","CYM","Îles Caïmanes","6226","Valeur","70040","Cost of a healthy diet (CoHD), PPP dollar per person per day","2018","2018","Juillet 2025 (rapport SOFI)","Int$ (PPP) per person per day","3.64","E","Valeur estimée"
"CAHD","Coût et abordabilité d’une alimentation saine
 (CoAHD)","CYM","Îles Caïmanes","6121","Valeur","7005","Prevalence of unaffordability (PUA), percent","2018","2018","Juillet 2025 (rapport SOFI)","%","","O","Valeur manquante"
"CAHD","Coût et abordabilité d’une alimentation saine
 (CoAHD)","CYM","Îles Caïmanes","6132","Valeur","7006","Number of people unable to afford a healthy diet (NUA), million","2018","2018","Juillet 2025 (rapport SOFI)","millions de No","","O","Valeur manquante"
"CAHD","Coût et abordabilité d’une alimentation saine
 (CoAHD)","TCA","Îles Turques-et-Caïques","6205","Valeur","70041","Cost of a healthy diet (CoHD), LCU per person per day","2018","2018","Juillet 2025 (rapport SOFI)","UML/personne/jour","","O","Valeur manquante"
"CAHD","Coût et abordabilité d’une alimentation saine
 (CoAHD)","TCA","Îles Turques-et-Caïques","6226","Valeur","70040","Cost of a healthy diet (CoHD), PPP dollar per person per day","2018","2018","Juillet 2025 (rapport SOFI)","Int$ (PPP) per person per day","2.91","E","Valeur estimée"
"CAHD","Coût et abordabilité d’une alimentation saine
 (CoAHD)","TCA","Îles Turques-et-Caïques","6121","Valeur","7005","Prevalence of unaffordability (PUA), percent","2018","2018","Juillet 2025 (rapport SOFI)","%","","O","Valeur manquante"
"CAHD","Coût et abordabilité d’une alimentation saine
 (CoAHD)","TCA","Îles Turques-et-Caïques","6132","Valeur","7006","Number of people unable to afford a healthy diet (NUA), million","2018","2018","Juillet 2025 (rapport SOFI)","millions de No","","O","Valeur manquante"
"CAHD","Coût et abordabilité d’une alimentation saine
 (CoAHD)","VGB","Îles Vierges britanniques","6205","Valeur","70041","Cost of a healthy diet (CoHD), LCU per person per day","2018","2018","Juillet 2025 (rapport SOFI)","UML/personne/jour","3.89","E","Valeur estimée"
"CAHD","Coût et abordabilité d’une alimentation saine
 (CoAHD)","VGB","Îles Vierges britanniques","6226","Valeur","70040","Cost of a healthy diet (CoHD), PPP dollar per person per day","2018","2018","Juillet 2025 (rapport SOFI)","Int$ (PPP) per person per day","3.53","E","Valeur estimée"
"CAHD","Coût et abordabilité d’une alimentation saine
 (CoAHD)","VGB","Îles Vierges britanniques","6121","Valeur","7005","Prevalence of unaffordability (PUA), percent","2018","2018","Juillet 2025 (rapport SOFI)","%","","O","Valeur manquante"
"CAHD","Coût et abordabilité d’une alimentation saine
 (CoAHD)","VGB","Îles Vierges britanniques","6132","Valeur","7006","Number of people unable to afford a healthy diet (NUA), million","2018","2018","Juillet 2025 (rapport SOFI)","millions de No","","O","Valeur manquante"
"CAHD","Coût et abordabilité d’une alimentation saine
 (CoAHD)","IND","Inde","6205","Valeur","70041","Cost of a healthy diet (CoHD), LCU per person per day","2018","2018","Juillet 2025 (rapport SOFI)","UML/personne/jour","56.71","E","Valeur estimée"
"CAHD","Coût et abordabilité d’une alimentation saine
 (CoAHD)","IND","Inde","6226","Valeur","70040","Cost of a healthy diet (CoHD), PPP dollar per person per day","2018","2018","Juillet 2025 (rapport SOFI)","Int$ (PPP) per person per day","2.86","E","Valeur estimée"
"CAHD","Coût et abordabilité d’une alimentation saine
 (CoAHD)","IND","Inde","6121","Valeur","7005","Prevalence of unaffordability (PUA), percent","2018","2018","Juillet 2025 (rapport SOFI)","%","54.6","E","Valeur estimée"
"CAHD","Coût et abordabilité d’une alimentation saine
 (CoAHD)","IND","Inde","6132","Valeur","7006","Number of people unable to afford a healthy diet (NUA), million","2018","2018","Juillet 2025 (rapport SOFI)","millions de No","750.3","E","Valeur estimée"
"CAHD","Coût et abordabilité d’une alimentation saine
 (CoAHD)","IDN","Indonésie","6205","Valeur","70041","Cost of a healthy diet (CoHD), LCU per person per day","2018","2018","Juillet 2025 (rapport SOFI)","UML/personne/jour","19565.6","E","Valeur estimée"
"CAHD","Coût et abordabilité d’une alimentation saine
 (CoAHD)","IDN","Indonésie","6226","Valeur","70040","Cost of a healthy diet (CoHD), PPP dollar per person per day","2018","2018","Juillet 2025 (rapport SOFI)","Int$ (PPP) per person per day","3.68","E","Valeur estimée"
"CAHD","Coût et abordabilité d’une alimentation saine
 (CoAHD)","IDN","Indonésie","6121","Valeur","7005","Prevalence of unaffordability (PUA), percent","2018","2018","Juillet 2025 (rapport SOFI)","%","49.1","E","Valeur estimée"
"CAHD","Coût et abordabilité d’une alimentation saine
 (CoAHD)","IDN","Indonésie","6132","Valeur","7006","Number of people unable to afford a healthy diet (NUA), million","2018","2018","Juillet 2025 (rapport SOFI)","millions de No","132.6","E","Valeur estimée"
"CAHD","Coût et abordabilité d’une alimentation saine
 (CoAHD)","IRN","Iran (République islamique d')","6205","Valeur","70041","Cost of a healthy diet (CoHD), LCU per person per day","2018","2018","Juillet 2025 (rapport SOFI)","UML/personne/jour","51049.2","E","Valeur estimée"
"CAHD","Coût et abordabilité d’une alimentation saine
 (CoAHD)","IRN","Iran (République islamique d')","6226","Valeur","70040","Cost of a healthy diet (CoHD), PPP dollar per person per day","2018","2018","Juillet 2025 (rapport SOFI)","Int$ (PPP) per person per day","3.11","E","Valeur estimée"
"CAHD","Coût et abordabilité d’une alimentation saine
 (CoAHD)","IRN","Iran (République islamique d')","6121","Valeur","7005","Prevalence of unaffordability (PUA), percent","2018","2018","Juillet 2025 (rapport SOFI)","%","9.2","E","Valeur estimée"
"CAHD","Coût et abordabilité d’une alimentation saine
 (CoAHD)","IRN","Iran (République islamique d')","6132","Valeur","7006","Number of people unable to afford a healthy diet (NUA), million","2018","2018","Juillet 2025 (rapport SOFI)","millions de No","7.9","E","Valeur estimée"
"CAHD","Coût et abordabilité d’une alimentation saine
 (CoAHD)","IRQ","Iraq","6205","Valeur","70041","Cost of a healthy diet (CoHD), LCU per person per day","2018","2018","Juillet 2025 (rapport SOFI)","UML/personne/jour","1886.55","E","Valeur estimée"
"CAHD","Coût et abordabilité d’une alimentation saine
 (CoAHD)","IRQ","Iraq","6226","Valeur","70040","Cost of a healthy diet (CoHD), PPP dollar per person per day","2018","2018","Juillet 2025 (rapport SOFI)","Int$ (PPP) per person per day","3.48","E","Valeur estimée"
"CAHD","Coût et abordabilité d’une alimentation saine
 (CoAHD)","IRQ","Iraq","6121","Valeur","7005","Prevalence of unaffordability (PUA), percent","2018","2018","Juillet 2025 (rapport SOFI)","%","22.5","E","Valeur estimée"
"CAHD","Coût et abordabilité d’une alimentation saine
 (CoAHD)","IRQ","Iraq","6132","Valeur","7006","Number of people unable to afford a healthy diet (NUA), million","2018","2018","Juillet 2025 (rapport SOFI)","millions de No","9.1","E","Valeur estimée"
"CAHD","Coût et abordabilité d’une alimentation saine
 (CoAHD)","IRL","Irlande","6205","Valeur","70041","Cost of a healthy diet (CoHD), LCU per person per day","2018","2018","Juillet 2025 (rapport SOFI)","UML/personne/jour","2.25","E","Valeur estimée"
"CAHD","Coût et abordabilité d’une alimentation saine
 (CoAHD)","IRL","Irlande","6226","Valeur","70040","Cost of a healthy diet (CoHD), PPP dollar per person per day","2018","2018","Juillet 2025 (rapport SOFI)","Int$ (PPP) per person per day","2.27","E","Valeur estimée"
"CAHD","Coût et abordabilité d’une alimentation saine
 (CoAHD)","IRL","Irlande","6121","Valeur","7005","Prevalence of unaffordability (PUA), percent","2018","2018","Juillet 2025 (rapport SOFI)","%","1.4","E","Valeur estimée"
"CAHD","Coût et abordabilité d’une alimentation saine
 (CoAHD)","IRL","Irlande","6132","Valeur","7006","Number of people unable to afford a healthy diet (NUA), million","2018","2018","Juillet 2025 (rapport SOFI)","millions de No","0.1","E","Valeur estimée"
"CAHD","Coût et abordabilité d’une alimentation saine
 (CoAHD)","ISL","Islande","6205","Valeur","70041","Cost of a healthy diet (CoHD), LCU per person per day","2018","2018","Juillet 2025 (rapport SOFI)","UML/personne/jour","383.29","E","Valeur estimée"
"CAHD","Coût et abordabilité d’une alimentation saine
 (CoAHD)","ISL","Islande","6226","Valeur","70040","Cost of a healthy diet (CoHD), PPP dollar per person per day","2018","2018","Juillet 2025 (rapport SOFI)","Int$ (PPP) per person per day","2.41","E","Valeur estimée"
"CAHD","Coût et abordabilité d’une alimentation saine
 (CoAHD)","ISL","Islande","6121","Valeur","7005","Prevalence of unaffordability (PUA), percent","2018","2018","Juillet 2025 (rapport SOFI)","%","0.5","E","Valeur estimée"
"CAHD","Coût et abordabilité d’une alimentation saine
 (CoAHD)","ISL","Islande","6132","Valeur","7006","Number of people unable to afford a healthy diet (NUA), million","2018","2018","Juillet 2025 (rapport SOFI)","millions de No","<0.1","E","Valeur estimée"
"CAHD","Coût et abordabilité d’une alimentation saine
 (CoAHD)","ISR","Israël","6205","Valeur","70041","Cost of a healthy diet (CoHD), LCU per person per day","2018","2018","Juillet 2025 (rapport SOFI)","UML/personne/jour","10.78","E","Valeur estimée"
"CAHD","Coût et abordabilité d’une alimentation saine
 (CoAHD)","ISR","Israël","6226","Valeur","70040","Cost of a healthy diet (CoHD), PPP dollar per person per day","2018","2018","Juillet 2025 (rapport SOFI)","Int$ (PPP) per person per day","2.58","E","Valeur estimée"
"CAHD","Coût et abordabilité d’une alimentation saine
 (CoAHD)","ISR","Israël","6121","Valeur","7005","Prevalence of unaffordability (PUA), percent","2018","2018","Juillet 2025 (rapport SOFI)","%","18.2","E","Valeur estimée"
"CAHD","Coût et abordabilité d’une alimentation saine
 (CoAHD)","ISR","Israël","6132","Valeur","7006","Number of people unable to afford a healthy diet (NUA), million","2018","2018","Juillet 2025 (rapport SOFI)","millions de No","1.6","E","Valeur estimée"
"CAHD","Coût et abordabilité d’une alimentation saine
 (CoAHD)","ITA","Italie","6205","Valeur","70041","Cost of a healthy diet (CoHD), LCU per person per day","2018","2018","Juillet 2025 (rapport SOFI)","UML/personne/jour","2.16","E","Valeur estimée"
"CAHD","Coût et abordabilité d’une alimentation saine
 (CoAHD)","ITA","Italie","6226","Valeur","70040","Cost of a healthy diet (CoHD), PPP dollar per person per day","2018","2018","Juillet 2025 (rapport SOFI)","Int$ (PPP) per person per day","2.83","E","Valeur estimée"
"CAHD","Coût et abordabilité d’une alimentation saine
 (CoAHD)","ITA","Italie","6121","Valeur","7005","Prevalence of unaffordability (PUA), percent","2018","2018","Juillet 2025 (rapport SOFI)","%","10","E","Valeur estimée"
"CAHD","Coût et abordabilité d’une alimentation saine
 (CoAHD)","ITA","Italie","6132","Valeur","7006","Number of people unable to afford a healthy diet (NUA), million","2018","2018","Juillet 2025 (rapport SOFI)","millions de No","6","E","Valeur estimée"
"CAHD","Coût et abordabilité d’une alimentation saine
 (CoAHD)","JAM","Jamaïque","6205","Valeur","70041","Cost of a healthy diet (CoHD), LCU per person per day","2018","2018","Juillet 2025 (rapport SOFI)","UML/personne/jour","362.33","E","Valeur estimée"
"CAHD","Coût et abordabilité d’une alimentation saine
 (CoAHD)","JAM","Jamaïque","6226","Valeur","70040","Cost of a healthy diet (CoHD), PPP dollar per person per day","2018","2018","Juillet 2025 (rapport SOFI)","Int$ (PPP) per person per day","4.78","E","Valeur estimée"
"CAHD","Coût et abordabilité d’une alimentation saine
 (CoAHD)","JAM","Jamaïque","6121","Valeur","7005","Prevalence of unaffordability (PUA), percent","2018","2018","Juillet 2025 (rapport SOFI)","%","16.9","E","Valeur estimée"
"CAHD","Coût et abordabilité d’une alimentation saine
 (CoAHD)","JAM","Jamaïque","6132","Valeur","7006","Number of people unable to afford a healthy diet (NUA), million","2018","2018","Juillet 2025 (rapport SOFI)","millions de No","0.5","E","Valeur estimée"
"CAHD","Coût et abordabilité d’une alimentation saine
 (CoAHD)","JPN","Japon","6205","Valeur","70041","Cost of a healthy diet (CoHD), LCU per person per day","2018","2018","Juillet 2025 (rapport SOFI)","UML/personne/jour","645.53","E","Valeur estimée"
"CAHD","Coût et abordabilité d’une alimentation saine
 (CoAHD)","JPN","Japon","6226","Valeur","70040","Cost of a healthy diet (CoHD), PPP dollar per person per day","2018","2018","Juillet 2025 (rapport SOFI)","Int$ (PPP) per person per day","5.65","E","Valeur estimée"
"CAHD","Coût et abordabilité d’une alimentation saine
 (CoAHD)","JPN","Japon","6121","Valeur","7005","Prevalence of unaffordability (PUA), percent","2018","2018","Juillet 2025 (rapport SOFI)","%","7.2","E","Valeur estimée"
"CAHD","Coût et abordabilité d’une alimentation saine
 (CoAHD)","JPN","Japon","6132","Valeur","7006","Number of people unable to afford a healthy diet (NUA), million","2018","2018","Juillet 2025 (rapport SOFI)","millions de No","9.1","E","Valeur estimée"
"CAHD","Coût et abordabilité d’une alimentation saine
 (CoAHD)","JOR","Jordanie","6205","Valeur","70041","Cost of a healthy diet (CoHD), LCU per person per day","2018","2018","Juillet 2025 (rapport SOFI)","UML/personne/jour","1","E","Valeur estimée"
"CAHD","Coût et abordabilité d’une alimentation saine
 (CoAHD)","JOR","Jordanie","6226","Valeur","70040","Cost of a healthy diet (CoHD), PPP dollar per person per day","2018","2018","Juillet 2025 (rapport SOFI)","Int$ (PPP) per person per day","2.9","E","Valeur estimée"
"CAHD","Coût et abordabilité d’une alimentation saine
 (CoAHD)","JOR","Jordanie","6121","Valeur","7005","Prevalence of unaffordability (PUA), percent","2018","2018","Juillet 2025 (rapport SOFI)","%","12.3","E","Valeur estimée"
"CAHD","Coût et abordabilité d’une alimentation saine
 (CoAHD)","JOR","Jordanie","6132","Valeur","7006","Number of people unable to afford a healthy diet (NUA), million","2018","2018","Juillet 2025 (rapport SOFI)","millions de No","1.3","E","Valeur estimée"
"CAHD","Coût et abordabilité d’une alimentation saine
 (CoAHD)","KAZ","Kazakhstan","6205","Valeur","70041","Cost of a healthy diet (CoHD), LCU per person per day","2018","2018","Juillet 2025 (rapport SOFI)","UML/personne/jour","278.9","E","Valeur estimée"
"CAHD","Coût et abordabilité d’une alimentation saine
 (CoAHD)","KAZ","Kazakhstan","6226","Valeur","70040","Cost of a healthy diet (CoHD), PPP dollar per person per day","2018","2018","Juillet 2025 (rapport SOFI)","Int$ (PPP) per person per day","2.13","E","Valeur estimée"
"CAHD","Coût et abordabilité d’une alimentation saine
 (CoAHD)","KAZ","Kazakhstan","6121","Valeur","7005","Prevalence of unaffordability (PUA), percent","2018","2018","Juillet 2025 (rapport SOFI)","%","6.3","E","Valeur estimée"
"CAHD","Coût et abordabilité d’une alimentation saine
 (CoAHD)","KAZ","Kazakhstan","6132","Valeur","7006","Number of people unable to afford a healthy diet (NUA), million","2018","2018","Juillet 2025 (rapport SOFI)","millions de No","1.2","E","Valeur estimée"
"CAHD","Coût et abordabilité d’une alimentation saine
 (CoAHD)","KEN","Kenya","6205","Valeur","70041","Cost of a healthy diet (CoHD), LCU per person per day","2018","2018","Juillet 2025 (rapport SOFI)","UML/personne/jour","113.36","E","Valeur estimée"
"CAHD","Coût et abordabilité d’une alimentation saine
 (CoAHD)","KEN","Kenya","6226","Valeur","70040","Cost of a healthy diet (CoHD), PPP dollar per person per day","2018","2018","Juillet 2025 (rapport SOFI)","Int$ (PPP) per person per day","2.62","E","Valeur estimée"
"CAHD","Coût et abordabilité d’une alimentation saine
 (CoAHD)","KEN","Kenya","6121","Valeur","7005","Prevalence of unaffordability (PUA), percent","2018","2018","Juillet 2025 (rapport SOFI)","%","69.4","E","Valeur estimée"
"CAHD","Coût et abordabilité d’une alimentation saine
 (CoAHD)","KEN","Kenya","6132","Valeur","7006","Number of people unable to afford a healthy diet (NUA), million","2018","2018","Juillet 2025 (rapport SOFI)","millions de No","34.8","E","Valeur estimée"
"CAHD","Coût et abordabilité d’une alimentation saine
 (CoAHD)","KGZ","Kirghizistan","6205","Valeur","70041","Cost of a healthy diet (CoHD), LCU per person per day","2018","2018","Juillet 2025 (rapport SOFI)","UML/personne/jour","61.18","E","Valeur estimée"
"CAHD","Coût et abordabilité d’une alimentation saine
 (CoAHD)","KGZ","Kirghizistan","6226","Valeur","70040","Cost of a healthy diet (CoHD), PPP dollar per person per day","2018","2018","Juillet 2025 (rapport SOFI)","Int$ (PPP) per person per day","2.98","E","Valeur estimée"
"CAHD","Coût et abordabilité d’une alimentation saine
 (CoAHD)","KGZ","Kirghizistan","6121","Valeur","7005","Prevalence of unaffordability (PUA), percent","2018","2018","Juillet 2025 (rapport SOFI)","%","34.1","E","Valeur estimée"
"CAHD","Coût et abordabilité d’une alimentation saine
 (CoAHD)","KGZ","Kirghizistan","6132","Valeur","7006","Number of people unable to afford a healthy diet (NUA), million","2018","2018","Juillet 2025 (rapport SOFI)","millions de No","2.2","E","Valeur estimée"
"CAHD","Coût et abordabilité d’une alimentation saine
 (CoAHD)","KWT","Koweït","6205","Valeur","70041","Cost of a healthy diet (CoHD), LCU per person per day","2018","2018","Juillet 2025 (rapport SOFI)","UML/personne/jour","0.41","E","Valeur estimée"
"CAHD","Coût et abordabilité d’une alimentation saine
 (CoAHD)","KWT","Koweït","6226","Valeur","70040","Cost of a healthy diet (CoHD), PPP dollar per person per day","2018","2018","Juillet 2025 (rapport SOFI)","Int$ (PPP) per person per day","2.18","E","Valeur estimée"
"CAHD","Coût et abordabilité d’une alimentation saine
 (CoAHD)","KWT","Koweït","6121","Valeur","7005","Prevalence of unaffordability (PUA), percent","2018","2018","Juillet 2025 (rapport SOFI)","%","","O","Valeur manquante"
"CAHD","Coût et abordabilité d’une alimentation saine
 (CoAHD)","KWT","Koweït","6132","Valeur","7006","Number of people unable to afford a healthy diet (NUA), million","2018","2018","Juillet 2025 (rapport SOFI)","millions de No","","O","Valeur manquante"
"CAHD","Coût et abordabilité d’une alimentation saine
 (CoAHD)","LSO","Lesotho","6205","Valeur","70041","Cost of a healthy diet (CoHD), LCU per person per day","2018","2018","Juillet 2025 (rapport SOFI)","UML/personne/jour","19.42","E","Valeur estimée"
"CAHD","Coût et abordabilité d’une alimentation saine
 (CoAHD)","LSO","Lesotho","6226","Valeur","70040","Cost of a healthy diet (CoHD), PPP dollar per person per day","2018","2018","Juillet 2025 (rapport SOFI)","Int$ (PPP) per person per day","3.63","E","Valeur estimée"
"CAHD","Coût et abordabilité d’une alimentation saine
 (CoAHD)","LSO","Lesotho","6121","Valeur","7005","Prevalence of unaffordability (PUA), percent","2018","2018","Juillet 2025 (rapport SOFI)","%","71.5","E","Valeur estimée"
"CAHD","Coût et abordabilité d’une alimentation saine
 (CoAHD)","LSO","Lesotho","6132","Valeur","7006","Number of people unable to afford a healthy diet (NUA), million","2018","2018","Juillet 2025 (rapport SOFI)","millions de No","1.6","E","Valeur estimée"
"CAHD","Coût et abordabilité d’une alimentation saine
 (CoAHD)","LVA","Lettonie","6205","Valeur","70041","Cost of a healthy diet (CoHD), LCU per person per day","2018","2018","Juillet 2025 (rapport SOFI)","UML/personne/jour","1.72","E","Valeur estimée"
"CAHD","Coût et abordabilité d’une alimentation saine
 (CoAHD)","LVA","Lettonie","6226","Valeur","70040","Cost of a healthy diet (CoHD), PPP dollar per person per day","2018","2018","Juillet 2025 (rapport SOFI)","Int$ (PPP) per person per day","3.03","E","Valeur estimée"
"CAHD","Coût et abordabilité d’une alimentation saine
 (CoAHD)","LVA","Lettonie","6121","Valeur","7005","Prevalence of unaffordability (PUA), percent","2018","2018","Juillet 2025 (rapport SOFI)","%","21.4","E","Valeur estimée"
"CAHD","Coût et abordabilité d’une alimentation saine
 (CoAHD)","LVA","Lettonie","6132","Valeur","7006","Number of people unable to afford a healthy diet (NUA), million","2018","2018","Juillet 2025 (rapport SOFI)","millions de No","0.4","E","Valeur estimée"
"CAHD","Coût et abordabilité d’une alimentation saine
 (CoAHD)","LBN","Liban","6205","Valeur","70041","Cost of a healthy diet (CoHD), LCU per person per day","2018","2018","Juillet 2025 (rapport SOFI)","UML/personne/jour","1351.39","E","Valeur estimée"
"CAHD","Coût et abordabilité d’une alimentation saine
 (CoAHD)","LBN","Liban","6226","Valeur","70040","Cost of a healthy diet (CoHD), PPP dollar per person per day","2018","2018","Juillet 2025 (rapport SOFI)","Int$ (PPP) per person per day","1.86","E","Valeur estimée"
"CAHD","Coût et abordabilité d’une alimentation saine
 (CoAHD)","LBN","Liban","6121","Valeur","7005","Prevalence of unaffordability (PUA), percent","2018","2018","Juillet 2025 (rapport SOFI)","%","0.3","E","Valeur estimée"
"CAHD","Coût et abordabilité d’une alimentation saine
 (CoAHD)","LBN","Liban","6132","Valeur","7006","Number of people unable to afford a healthy diet (NUA), million","2018","2018","Juillet 2025 (rapport SOFI)","millions de No","1.9","E","Valeur estimée"
"CAHD","Coût et abordabilité d’une alimentation saine
 (CoAHD)","LBR","Libéria","6205","Valeur","70041","Cost of a healthy diet (CoHD), LCU per person per day","2018","2018","Juillet 2025 (rapport SOFI)","UML/personne/jour","177.83","E","Valeur estimée"
"CAHD","Coût et abordabilité d’une alimentation saine
 (CoAHD)","LBR","Libéria","6226","Valeur","70040","Cost of a healthy diet (CoHD), PPP dollar per person per day","2018","2018","Juillet 2025 (rapport SOFI)","Int$ (PPP) per person per day","3.3","E","Valeur estimée"
"CAHD","Coût et abordabilité d’une alimentation saine
 (CoAHD)","LBR","Libéria","6121","Valeur","7005","Prevalence of unaffordability (PUA), percent","2018","2018","Juillet 2025 (rapport SOFI)","%","66.1","E","Valeur estimée"
"CAHD","Coût et abordabilité d’une alimentation saine
 (CoAHD)","LBR","Libéria","6132","Valeur","7006","Number of people unable to afford a healthy diet (NUA), million","2018","2018","Juillet 2025 (rapport SOFI)","millions de No","3.3","E","Valeur estimée"
"CAHD","Coût et abordabilité d’une alimentation saine
 (CoAHD)","LTU","Lituanie","6205","Valeur","70041","Cost of a healthy diet (CoHD), LCU per person per day","2018","2018","Juillet 2025 (rapport SOFI)","UML/personne/jour","1.43","E","Valeur estimée"
"CAHD","Coût et abordabilité d’une alimentation saine
 (CoAHD)","LTU","Lituanie","6226","Valeur","70040","Cost of a healthy diet (CoHD), PPP dollar per person per day","2018","2018","Juillet 2025 (rapport SOFI)","Int$ (PPP) per person per day","2.87","E","Valeur estimée"
"CAHD","Coût et abordabilité d’une alimentation saine
 (CoAHD)","LTU","Lituanie","6121","Valeur","7005","Prevalence of unaffordability (PUA), percent","2018","2018","Juillet 2025 (rapport SOFI)","%","16.7","E","Valeur estimée"
"CAHD","Coût et abordabilité d’une alimentation saine
 (CoAHD)","LTU","Lituanie","6132","Valeur","7006","Number of people unable to afford a healthy diet (NUA), million","2018","2018","Juillet 2025 (rapport SOFI)","millions de No","0.5","E","Valeur estimée"
"CAHD","Coût et abordabilité d’une alimentation saine
 (CoAHD)","LUX","Luxembourg","6205","Valeur","70041","Cost of a healthy diet (CoHD), LCU per person per day","2018","2018","Juillet 2025 (rapport SOFI)","UML/personne/jour","2.43","E","Valeur estimée"
"CAHD","Coût et abordabilité d’une alimentation saine
 (CoAHD)","LUX","Luxembourg","6226","Valeur","70040","Cost of a healthy diet (CoHD), PPP dollar per person per day","2018","2018","Juillet 2025 (rapport SOFI)","Int$ (PPP) per person per day","2.59","E","Valeur estimée"
"CAHD","Coût et abordabilité d’une alimentation saine
 (CoAHD)","LUX","Luxembourg","6121","Valeur","7005","Prevalence of unaffordability (PUA), percent","2018","2018","Juillet 2025 (rapport SOFI)","%","2.1","E","Valeur estimée"
"CAHD","Coût et abordabilité d’une alimentation saine
 (CoAHD)","LUX","Luxembourg","6132","Valeur","7006","Number of people unable to afford a healthy diet (NUA), million","2018","2018","Juillet 2025 (rapport SOFI)","millions de No","<0.1","E","Valeur estimée"
"CAHD","Coût et abordabilité d’une alimentation saine
 (CoAHD)","MKD","Macédoine du Nord","6205","Valeur","70041","Cost of a healthy diet (CoHD), LCU per person per day","2018","2018","Juillet 2025 (rapport SOFI)","UML/personne/jour","74.79","E","Valeur estimée"
"CAHD","Coût et abordabilité d’une alimentation saine
 (CoAHD)","MKD","Macédoine du Nord","6226","Valeur","70040","Cost of a healthy diet (CoHD), PPP dollar per person per day","2018","2018","Juillet 2025 (rapport SOFI)","Int$ (PPP) per person per day","3.3","E","Valeur estimée"
"CAHD","Coût et abordabilité d’une alimentation saine
 (CoAHD)","MKD","Macédoine du Nord","6121","Valeur","7005","Prevalence of unaffordability (PUA), percent","2018","2018","Juillet 2025 (rapport SOFI)","%","21.4","E","Valeur estimée"
"CAHD","Coût et abordabilité d’une alimentation saine
 (CoAHD)","MKD","Macédoine du Nord","6132","Valeur","7006","Number of people unable to afford a healthy diet (NUA), million","2018","2018","Juillet 2025 (rapport SOFI)","millions de No","0.4","E","Valeur estimée"
"CAHD","Coût et abordabilité d’une alimentation saine
 (CoAHD)","MDG","Madagascar","6205","Valeur","70041","Cost of a healthy diet (CoHD), LCU per person per day","2018","2018","Juillet 2025 (rapport SOFI)","UML/personne/jour","3230.83","E","Valeur estimée"
"CAHD","Coût et abordabilité d’une alimentation saine
 (CoAHD)","MDG","Madagascar","6226","Valeur","70040","Cost of a healthy diet (CoHD), PPP dollar per person per day","2018","2018","Juillet 2025 (rapport SOFI)","Int$ (PPP) per person per day","3.18","E","Valeur estimée"
"CAHD","Coût et abordabilité d’une alimentation saine
 (CoAHD)","MDG","Madagascar","6121","Valeur","7005","Prevalence of unaffordability (PUA), percent","2018","2018","Juillet 2025 (rapport SOFI)","%","93.2","E","Valeur estimée"
"CAHD","Coût et abordabilité d’une alimentation saine
 (CoAHD)","MDG","Madagascar","6132","Valeur","7006","Number of people unable to afford a healthy diet (NUA), million","2018","2018","Juillet 2025 (rapport SOFI)","millions de No","25.6","E","Valeur estimée"
"CAHD","Coût et abordabilité d’une alimentation saine
 (CoAHD)","MYS","Malaisie","6205","Valeur","70041","Cost of a healthy diet (CoHD), LCU per person per day","2018","2018","Juillet 2025 (rapport SOFI)","UML/personne/jour","5.23","E","Valeur estimée"
"CAHD","Coût et abordabilité d’une alimentation saine
 (CoAHD)","MYS","Malaisie","6226","Valeur","70040","Cost of a healthy diet (CoHD), PPP dollar per person per day","2018","2018","Juillet 2025 (rapport SOFI)","Int$ (PPP) per person per day","3.2","E","Valeur estimée"
"CAHD","Coût et abordabilité d’une alimentation saine
 (CoAHD)","MYS","Malaisie","6121","Valeur","7005","Prevalence of unaffordability (PUA), percent","2018","2018","Juillet 2025 (rapport SOFI)","%","3.6","E","Valeur estimée"
"CAHD","Coût et abordabilité d’une alimentation saine
 (CoAHD)","MYS","Malaisie","6132","Valeur","7006","Number of people unable to afford a healthy diet (NUA), million","2018","2018","Juillet 2025 (rapport SOFI)","millions de No","1.2","E","Valeur estimée"
"CAHD","Coût et abordabilité d’une alimentation saine
 (CoAHD)","MWI","Malawi","6205","Valeur","70041","Cost of a healthy diet (CoHD), LCU per person per day","2018","2018","Juillet 2025 (rapport SOFI)","UML/personne/jour","673.01","E","Valeur estimée"
"CAHD","Coût et abordabilité d’une alimentation saine
 (CoAHD)","MWI","Malawi","6226","Valeur","70040","Cost of a healthy diet (CoHD), PPP dollar per person per day","2018","2018","Juillet 2025 (rapport SOFI)","Int$ (PPP) per person per day","2.52","E","Valeur estimée"
"CAHD","Coût et abordabilité d’une alimentation saine
 (CoAHD)","MWI","Malawi","6121","Valeur","7005","Prevalence of unaffordability (PUA), percent","2018","2018","Juillet 2025 (rapport SOFI)","%","84.9","E","Valeur estimée"
"CAHD","Coût et abordabilité d’une alimentation saine
 (CoAHD)","MWI","Malawi","6132","Valeur","7006","Number of people unable to afford a healthy diet (NUA), million","2018","2018","Juillet 2025 (rapport SOFI)","millions de No","15.7","E","Valeur estimée"
"CAHD","Coût et abordabilité d’une alimentation saine
 (CoAHD)","MDV","Maldives","6205","Valeur","70041","Cost of a healthy diet (CoHD), LCU per person per day","2018","2018","Juillet 2025 (rapport SOFI)","UML/personne/jour","33.44","E","Valeur estimée"
"CAHD","Coût et abordabilité d’une alimentation saine
 (CoAHD)","MDV","Maldives","6226","Valeur","70040","Cost of a healthy diet (CoHD), PPP dollar per person per day","2018","2018","Juillet 2025 (rapport SOFI)","Int$ (PPP) per person per day","3.34","E","Valeur estimée"
"CAHD","Coût et abordabilité d’une alimentation saine
 (CoAHD)","MDV","Maldives","6121","Valeur","7005","Prevalence of unaffordability (PUA), percent","2018","2018","Juillet 2025 (rapport SOFI)","%","3.2","E","Valeur estimée"
"CAHD","Coût et abordabilité d’une alimentation saine
 (CoAHD)","MDV","Maldives","6132","Valeur","7006","Number of people unable to afford a healthy diet (NUA), million","2018","2018","Juillet 2025 (rapport SOFI)","millions de No","<0.1","E","Valeur estimée"
"CAHD","Coût et abordabilité d’une alimentation saine
 (CoAHD)","MLI","Mali","6205","Valeur","70041","Cost of a healthy diet (CoHD), LCU per person per day","2018","2018","Juillet 2025 (rapport SOFI)","UML/personne/jour","576.15","E","Valeur estimée"
"CAHD","Coût et abordabilité d’une alimentation saine
 (CoAHD)","MLI","Mali","6226","Valeur","70040","Cost of a healthy diet (CoHD), PPP dollar per person per day","2018","2018","Juillet 2025 (rapport SOFI)","Int$ (PPP) per person per day","2.96","E","Valeur estimée"
"CAHD","Coût et abordabilité d’une alimentation saine
 (CoAHD)","MLI","Mali","6121","Valeur","7005","Prevalence of unaffordability (PUA), percent","2018","2018","Juillet 2025 (rapport SOFI)","%","51.9","E","Valeur estimée"
"CAHD","Coût et abordabilité d’une alimentation saine
 (CoAHD)","MLI","Mali","6132","Valeur","7006","Number of people unable to afford a healthy diet (NUA), million","2018","2018","Juillet 2025 (rapport SOFI)","millions de No","10.6","E","Valeur estimée"
"CAHD","Coût et abordabilité d’une alimentation saine
 (CoAHD)","MLT","Malte","6205","Valeur","70041","Cost of a healthy diet (CoHD), LCU per person per day","2018","2018","Juillet 2025 (rapport SOFI)","UML/personne/jour","2.23","E","Valeur estimée"
"CAHD","Coût et abordabilité d’une alimentation saine
 (CoAHD)","MLT","Malte","6226","Valeur","70040","Cost of a healthy diet (CoHD), PPP dollar per person per day","2018","2018","Juillet 2025 (rapport SOFI)","Int$ (PPP) per person per day","3.49","E","Valeur estimée"
"CAHD","Coût et abordabilité d’une alimentation saine
 (CoAHD)","MLT","Malte","6121","Valeur","7005","Prevalence of unaffordability (PUA), percent","2018","2018","Juillet 2025 (rapport SOFI)","%","4.2","E","Valeur estimée"
"CAHD","Coût et abordabilité d’une alimentation saine
 (CoAHD)","MLT","Malte","6132","Valeur","7006","Number of people unable to afford a healthy diet (NUA), million","2018","2018","Juillet 2025 (rapport SOFI)","millions de No","<0.1","E","Valeur estimée"
"CAHD","Coût et abordabilité d’une alimentation saine
 (CoAHD)","MAR","Maroc","6205","Valeur","70041","Cost of a healthy diet (CoHD), LCU per person per day","2018","2018","Juillet 2025 (rapport SOFI)","UML/personne/jour","11.27","E","Valeur estimée"
"CAHD","Coût et abordabilité d’une alimentation saine
 (CoAHD)","MAR","Maroc","6226","Valeur","70040","Cost of a healthy diet (CoHD), PPP dollar per person per day","2018","2018","Juillet 2025 (rapport SOFI)","Int$ (PPP) per person per day","2.5","E","Valeur estimée"
"CAHD","Coût et abordabilité d’une alimentation saine
 (CoAHD)","MAR","Maroc","6121","Valeur","7005","Prevalence of unaffordability (PUA), percent","2018","2018","Juillet 2025 (rapport SOFI)","%","12.5","E","Valeur estimée"
"CAHD","Coût et abordabilité d’une alimentation saine
 (CoAHD)","MAR","Maroc","6132","Valeur","7006","Number of people unable to afford a healthy diet (NUA), million","2018","2018","Juillet 2025 (rapport SOFI)","millions de No","4.5","E","Valeur estimée"
"CAHD","Coût et abordabilité d’une alimentation saine
 (CoAHD)","MUS","Maurice","6205","Valeur","70041","Cost of a healthy diet (CoHD), LCU per person per day","2018","2018","Juillet 2025 (rapport SOFI)","UML/personne/jour","63.79","E","Valeur estimée"
"CAHD","Coût et abordabilité d’une alimentation saine
 (CoAHD)","MUS","Maurice","6226","Valeur","70040","Cost of a healthy diet (CoHD), PPP dollar per person per day","2018","2018","Juillet 2025 (rapport SOFI)","Int$ (PPP) per person per day","3.41","E","Valeur estimée"
"CAHD","Coût et abordabilité d’une alimentation saine
 (CoAHD)","MUS","Maurice","6121","Valeur","7005","Prevalence of unaffordability (PUA), percent","2018","2018","Juillet 2025 (rapport SOFI)","%","13.8","E","Valeur estimée"
"CAHD","Coût et abordabilité d’une alimentation saine
 (CoAHD)","MUS","Maurice","6132","Valeur","7006","Number of people unable to afford a healthy diet (NUA), million","2018","2018","Juillet 2025 (rapport SOFI)","millions de No","0.2","E","Valeur estimée"
"CAHD","Coût et abordabilité d’une alimentation saine
 (CoAHD)","MRT","Mauritanie","6205","Valeur","70041","Cost of a healthy diet (CoHD), LCU per person per day","2018","2018","Juillet 2025 (rapport SOFI)","UML/personne/jour","48.4","E","Valeur estimée"
"CAHD","Coût et abordabilité d’une alimentation saine
 (CoAHD)","MRT","Mauritanie","6226","Valeur","70040","Cost of a healthy diet (CoHD), PPP dollar per person per day","2018","2018","Juillet 2025 (rapport SOFI)","Int$ (PPP) per person per day","3.92","E","Valeur estimée"
"CAHD","Coût et abordabilité d’une alimentation saine
 (CoAHD)","MRT","Mauritanie","6121","Valeur","7005","Prevalence of unaffordability (PUA), percent","2018","2018","Juillet 2025 (rapport SOFI)","%","51.6","E","Valeur estimée"
"CAHD","Coût et abordabilité d’une alimentation saine
 (CoAHD)","MRT","Mauritanie","6132","Valeur","7006","Number of people unable to afford a healthy diet (NUA), million","2018","2018","Juillet 2025 (rapport SOFI)","millions de No","2.2","E","Valeur estimée"
"CAHD","Coût et abordabilité d’une alimentation saine
 (CoAHD)","MEX","Mexique","6205","Valeur","70041","Cost of a healthy diet (CoHD), LCU per person per day","2018","2018","Juillet 2025 (rapport SOFI)","UML/personne/jour","30.77","E","Valeur estimée"
"CAHD","Coût et abordabilité d’une alimentation saine
 (CoAHD)","MEX","Mexique","6226","Valeur","70040","Cost of a healthy diet (CoHD), PPP dollar per person per day","2018","2018","Juillet 2025 (rapport SOFI)","Int$ (PPP) per person per day","2.97","E","Valeur estimée"
"CAHD","Coût et abordabilité d’une alimentation saine
 (CoAHD)","MEX","Mexique","6121","Valeur","7005","Prevalence of unaffordability (PUA), percent","2018","2018","Juillet 2025 (rapport SOFI)","%","27","E","Valeur estimée"
"CAHD","Coût et abordabilité d’une alimentation saine
 (CoAHD)","MEX","Mexique","6132","Valeur","7006","Number of people unable to afford a healthy diet (NUA), million","2018","2018","Juillet 2025 (rapport SOFI)","millions de No","33.7","E","Valeur estimée"
"CAHD","Coût et abordabilité d’une alimentation saine
 (CoAHD)","MNG","Mongolie","6205","Valeur","70041","Cost of a healthy diet (CoHD), LCU per person per day","2018","2018","Juillet 2025 (rapport SOFI)","UML/personne/jour","3944.25","E","Valeur estimée"
"CAHD","Coût et abordabilité d’une alimentation saine
 (CoAHD)","MNG","Mongolie","6226","Valeur","70040","Cost of a healthy diet (CoHD), PPP dollar per person per day","2018","2018","Juillet 2025 (rapport SOFI)","Int$ (PPP) per person per day","4.26","E","Valeur estimée"
"CAHD","Coût et abordabilité d’une alimentation saine
 (CoAHD)","MNG","Mongolie","6121","Valeur","7005","Prevalence of unaffordability (PUA), percent","2018","2018","Juillet 2025 (rapport SOFI)","%","26.7","E","Valeur estimée"
"CAHD","Coût et abordabilité d’une alimentation saine
 (CoAHD)","MNG","Mongolie","6132","Valeur","7006","Number of people unable to afford a healthy diet (NUA), million","2018","2018","Juillet 2025 (rapport SOFI)","millions de No","0.8","E","Valeur estimée"
"CAHD","Coût et abordabilité d’une alimentation saine
 (CoAHD)","MNE","Monténégro","6205","Valeur","70041","Cost of a healthy diet (CoHD), LCU per person per day","2018","2018","Juillet 2025 (rapport SOFI)","UML/personne/jour","1.38","E","Valeur estimée"
"CAHD","Coût et abordabilité d’une alimentation saine
 (CoAHD)","MNE","Monténégro","6226","Valeur","70040","Cost of a healthy diet (CoHD), PPP dollar per person per day","2018","2018","Juillet 2025 (rapport SOFI)","Int$ (PPP) per person per day","3.24","E","Valeur estimée"
"CAHD","Coût et abordabilité d’une alimentation saine
 (CoAHD)","MNE","Monténégro","6121","Valeur","7005","Prevalence of unaffordability (PUA), percent","2018","2018","Juillet 2025 (rapport SOFI)","%","18.4","E","Valeur estimée"
"CAHD","Coût et abordabilité d’une alimentation saine
 (CoAHD)","MNE","Monténégro","6132","Valeur","7006","Number of people unable to afford a healthy diet (NUA), million","2018","2018","Juillet 2025 (rapport SOFI)","millions de No","0.1","E","Valeur estimée"
"CAHD","Coût et abordabilité d’une alimentation saine
 (CoAHD)","MOZ","Mozambique","6205","Valeur","70041","Cost of a healthy diet (CoHD), LCU per person per day","2018","2018","Juillet 2025 (rapport SOFI)","UML/personne/jour","61.88","E","Valeur estimée"
"CAHD","Coût et abordabilité d’une alimentation saine
 (CoAHD)","MOZ","Mozambique","6226","Valeur","70040","Cost of a healthy diet (CoHD), PPP dollar per person per day","2018","2018","Juillet 2025 (rapport SOFI)","Int$ (PPP) per person per day","2.71","E","Valeur estimée"
"CAHD","Coût et abordabilité d’une alimentation saine
 (CoAHD)","MOZ","Mozambique","6121","Valeur","7005","Prevalence of unaffordability (PUA), percent","2018","2018","Juillet 2025 (rapport SOFI)","%","84.7","E","Valeur estimée"
"CAHD","Coût et abordabilité d’une alimentation saine
 (CoAHD)","MOZ","Mozambique","6132","Valeur","7006","Number of people unable to afford a healthy diet (NUA), million","2018","2018","Juillet 2025 (rapport SOFI)","millions de No","24.6","E","Valeur estimée"
"CAHD","Coût et abordabilité d’une alimentation saine
 (CoAHD)","MMR","Myanmar","6205","Valeur","70041","Cost of a healthy diet (CoHD), LCU per person per day","2018","2018","Juillet 2025 (rapport SOFI)","UML/personne/jour","1539.4","E","Valeur estimée"
"CAHD","Coût et abordabilité d’une alimentation saine
 (CoAHD)","MMR","Myanmar","6226","Valeur","70040","Cost of a healthy diet (CoHD), PPP dollar per person per day","2018","2018","Juillet 2025 (rapport SOFI)","Int$ (PPP) per person per day","3.7","E","Valeur estimée"
"CAHD","Coût et abordabilité d’une alimentation saine
 (CoAHD)","MMR","Myanmar","6121","Valeur","7005","Prevalence of unaffordability (PUA), percent","2018","2018","Juillet 2025 (rapport SOFI)","%","42.1","E","Valeur estimée"
"CAHD","Coût et abordabilité d’une alimentation saine
 (CoAHD)","MMR","Myanmar","6132","Valeur","7006","Number of people unable to afford a healthy diet (NUA), million","2018","2018","Juillet 2025 (rapport SOFI)","millions de No","22","E","Valeur estimée"
"CAHD","Coût et abordabilité d’une alimentation saine
 (CoAHD)","NAM","Namibie","6205","Valeur","70041","Cost of a healthy diet (CoHD), LCU per person per day","2018","2018","Juillet 2025 (rapport SOFI)","UML/personne/jour","23.37","E","Valeur estimée"
"CAHD","Coût et abordabilité d’une alimentation saine
 (CoAHD)","NAM","Namibie","6226","Valeur","70040","Cost of a healthy diet (CoHD), PPP dollar per person per day","2018","2018","Juillet 2025 (rapport SOFI)","Int$ (PPP) per person per day","3.26","E","Valeur estimée"
"CAHD","Coût et abordabilité d’une alimentation saine
 (CoAHD)","NAM","Namibie","6121","Valeur","7005","Prevalence of unaffordability (PUA), percent","2018","2018","Juillet 2025 (rapport SOFI)","%","58","E","Valeur estimée"
"CAHD","Coût et abordabilité d’une alimentation saine
 (CoAHD)","NAM","Namibie","6132","Valeur","7006","Number of people unable to afford a healthy diet (NUA), million","2018","2018","Juillet 2025 (rapport SOFI)","millions de No","1.5","E","Valeur estimée"
"CAHD","Coût et abordabilité d’une alimentation saine
 (CoAHD)","NPL","Népal","6205","Valeur","70041","Cost of a healthy diet (CoHD), LCU per person per day","2018","2018","Juillet 2025 (rapport SOFI)","UML/personne/jour","103.43","E","Valeur estimée"
"CAHD","Coût et abordabilité d’une alimentation saine
 (CoAHD)","NPL","Népal","6226","Valeur","70040","Cost of a healthy diet (CoHD), PPP dollar per person per day","2018","2018","Juillet 2025 (rapport SOFI)","Int$ (PPP) per person per day","3.32","E","Valeur estimée"
"CAHD","Coût et abordabilité d’une alimentation saine
 (CoAHD)","NPL","Népal","6121","Valeur","7005","Prevalence of unaffordability (PUA), percent","2018","2018","Juillet 2025 (rapport SOFI)","%","26.7","E","Valeur estimée"
"CAHD","Coût et abordabilité d’une alimentation saine
 (CoAHD)","NPL","Népal","6132","Valeur","7006","Number of people unable to afford a healthy diet (NUA), million","2018","2018","Juillet 2025 (rapport SOFI)","millions de No","7.5","E","Valeur estimée"
"CAHD","Coût et abordabilité d’une alimentation saine
 (CoAHD)","NIC","Nicaragua","6205","Valeur","70041","Cost of a healthy diet (CoHD), LCU per person per day","2018","2018","Juillet 2025 (rapport SOFI)","UML/personne/jour","44.11","E","Valeur estimée"
"CAHD","Coût et abordabilité d’une alimentation saine
 (CoAHD)","NIC","Nicaragua","6226","Valeur","70040","Cost of a healthy diet (CoHD), PPP dollar per person per day","2018","2018","Juillet 2025 (rapport SOFI)","Int$ (PPP) per person per day","3.73","E","Valeur estimée"
"CAHD","Coût et abordabilité d’une alimentation saine
 (CoAHD)","NIC","Nicaragua","6121","Valeur","7005","Prevalence of unaffordability (PUA), percent","2018","2018","Juillet 2025 (rapport SOFI)","%","27.5","E","Valeur estimée"
"CAHD","Coût et abordabilité d’une alimentation saine
 (CoAHD)","NIC","Nicaragua","6132","Valeur","7006","Number of people unable to afford a healthy diet (NUA), million","2018","2018","Juillet 2025 (rapport SOFI)","millions de No","1.8","E","Valeur estimée"
"CAHD","Coût et abordabilité d’une alimentation saine
 (CoAHD)","NER","Niger","6205","Valeur","70041","Cost of a healthy diet (CoHD), LCU per person per day","2018","2018","Juillet 2025 (rapport SOFI)","UML/personne/jour","786.59","E","Valeur estimée"
"CAHD","Coût et abordabilité d’une alimentation saine
 (CoAHD)","NER","Niger","6226","Valeur","70040","Cost of a healthy diet (CoHD), PPP dollar per person per day","2018","2018","Juillet 2025 (rapport SOFI)","Int$ (PPP) per person per day","3.27","E","Valeur estimée"
"CAHD","Coût et abordabilité d’une alimentation saine
 (CoAHD)","NER","Niger","6121","Valeur","7005","Prevalence of unaffordability (PUA), percent","2018","2018","Juillet 2025 (rapport SOFI)","%","84.1","E","Valeur estimée"
"CAHD","Coût et abordabilité d’une alimentation saine
 (CoAHD)","NER","Niger","6132","Valeur","7006","Number of people unable to afford a healthy diet (NUA), million","2018","2018","Juillet 2025 (rapport SOFI)","millions de No","18.6","E","Valeur estimée"
"CAHD","Coût et abordabilité d’une alimentation saine
 (CoAHD)","NGA","Nigéria","6205","Valeur","70041","Cost of a healthy diet (CoHD), LCU per person per day","2018","2018","Juillet 2025 (rapport SOFI)","UML/personne/jour","368.72","E","Valeur estimée"
"CAHD","Coût et abordabilité d’une alimentation saine
 (CoAHD)","NGA","Nigéria","6226","Valeur","70040","Cost of a healthy diet (CoHD), PPP dollar per person per day","2018","2018","Juillet 2025 (rapport SOFI)","Int$ (PPP) per person per day","2.96","E","Valeur estimée"
"CAHD","Coût et abordabilité d’une alimentation saine
 (CoAHD)","NGA","Nigéria","6121","Valeur","7005","Prevalence of unaffordability (PUA), percent","2018","2018","Juillet 2025 (rapport SOFI)","%","74","E","Valeur estimée"
"CAHD","Coût et abordabilité d’une alimentation saine
 (CoAHD)","NGA","Nigéria","6132","Valeur","7006","Number of people unable to afford a healthy diet (NUA), million","2018","2018","Juillet 2025 (rapport SOFI)","millions de No","151.7","E","Valeur estimée"
"CAHD","Coût et abordabilité d’une alimentation saine
 (CoAHD)","NOR","Norvège","6205","Valeur","70041","Cost of a healthy diet (CoHD), LCU per person per day","2018","2018","Juillet 2025 (rapport SOFI)","UML/personne/jour","35.39","E","Valeur estimée"
"CAHD","Coût et abordabilité d’une alimentation saine
 (CoAHD)","NOR","Norvège","6226","Valeur","70040","Cost of a healthy diet (CoHD), PPP dollar per person per day","2018","2018","Juillet 2025 (rapport SOFI)","Int$ (PPP) per person per day","3.43","E","Valeur estimée"
"CAHD","Coût et abordabilité d’une alimentation saine
 (CoAHD)","NOR","Norvège","6121","Valeur","7005","Prevalence of unaffordability (PUA), percent","2018","2018","Juillet 2025 (rapport SOFI)","%","1.7","E","Valeur estimée"
"CAHD","Coût et abordabilité d’une alimentation saine
 (CoAHD)","NOR","Norvège","6132","Valeur","7006","Number of people unable to afford a healthy diet (NUA), million","2018","2018","Juillet 2025 (rapport SOFI)","millions de No","0.1","E","Valeur estimée"
"CAHD","Coût et abordabilité d’une alimentation saine
 (CoAHD)","NZL","Nouvelle-Zélande","6205","Valeur","70041","Cost of a healthy diet (CoHD), LCU per person per day","2018","2018","Juillet 2025 (rapport SOFI)","UML/personne/jour","4.19","E","Valeur estimée"
"CAHD","Coût et abordabilité d’une alimentation saine
 (CoAHD)","NZL","Nouvelle-Zélande","6226","Valeur","70040","Cost of a healthy diet (CoHD), PPP dollar per person per day","2018","2018","Juillet 2025 (rapport SOFI)","Int$ (PPP) per person per day","2.57","E","Valeur estimée"
"CAHD","Coût et abordabilité d’une alimentation saine
 (CoAHD)","NZL","Nouvelle-Zélande","6121","Valeur","7005","Prevalence of unaffordability (PUA), percent","2018","2018","Juillet 2025 (rapport SOFI)","%","3.2","E","Valeur estimée"
"CAHD","Coût et abordabilité d’une alimentation saine
 (CoAHD)","NZL","Nouvelle-Zélande","6132","Valeur","7006","Number of people unable to afford a healthy diet (NUA), million","2018","2018","Juillet 2025 (rapport SOFI)","millions de No","0.8","E","Valeur estimée"
"CAHD","Coût et abordabilité d’une alimentation saine
 (CoAHD)","OMN","Oman","6205","Valeur","70041","Cost of a healthy diet (CoHD), LCU per person per day","2018","2018","Juillet 2025 (rapport SOFI)","UML/personne/jour","0.49","E","Valeur estimée"
"CAHD","Coût et abordabilité d’une alimentation saine
 (CoAHD)","OMN","Oman","6226","Valeur","70040","Cost of a healthy diet (CoHD), PPP dollar per person per day","2018","2018","Juillet 2025 (rapport SOFI)","Int$ (PPP) per person per day","2.39","E","Valeur estimée"
"CAHD","Coût et abordabilité d’une alimentation saine
 (CoAHD)","OMN","Oman","6121","Valeur","7005","Prevalence of unaffordability (PUA), percent","2018","2018","Juillet 2025 (rapport SOFI)","%","","O","Valeur manquante"
"CAHD","Coût et abordabilité d’une alimentation saine
 (CoAHD)","OMN","Oman","6132","Valeur","7006","Number of people unable to afford a healthy diet (NUA), million","2018","2018","Juillet 2025 (rapport SOFI)","millions de No","","O","Valeur manquante"
"CAHD","Coût et abordabilité d’une alimentation saine
 (CoAHD)","UGA","Ouganda","6205","Valeur","70041","Cost of a healthy diet (CoHD), LCU per person per day","2018","2018","Juillet 2025 (rapport SOFI)","UML/personne/jour","3762.14","E","Valeur estimée"
"CAHD","Coût et abordabilité d’une alimentation saine
 (CoAHD)","UGA","Ouganda","6226","Valeur","70040","Cost of a healthy diet (CoHD), PPP dollar per person per day","2018","2018","Juillet 2025 (rapport SOFI)","Int$ (PPP) per person per day","3.03","E","Valeur estimée"
"CAHD","Coût et abordabilité d’une alimentation saine
 (CoAHD)","UGA","Ouganda","6121","Valeur","7005","Prevalence of unaffordability (PUA), percent","2018","2018","Juillet 2025 (rapport SOFI)","%","73","E","Valeur estimée"
"CAHD","Coût et abordabilité d’une alimentation saine
 (CoAHD)","UGA","Ouganda","6132","Valeur","7006","Number of people unable to afford a healthy diet (NUA), million","2018","2018","Juillet 2025 (rapport SOFI)","millions de No","30.3","E","Valeur estimée"
"CAHD","Coût et abordabilité d’une alimentation saine
 (CoAHD)","UZB","Ouzbékistan","6205","Valeur","70041","Cost of a healthy diet (CoHD), LCU per person per day","2018","2018","Juillet 2025 (rapport SOFI)","UML/personne/jour","7507.4","E","Valeur estimée"
"CAHD","Coût et abordabilité d’une alimentation saine
 (CoAHD)","UZB","Ouzbékistan","6226","Valeur","70040","Cost of a healthy diet (CoHD), PPP dollar per person per day","2018","2018","Juillet 2025 (rapport SOFI)","Int$ (PPP) per person per day","4.06","E","Valeur estimée"
"CAHD","Coût et abordabilité d’une alimentation saine
 (CoAHD)","UZB","Ouzbékistan","6121","Valeur","7005","Prevalence of unaffordability (PUA), percent","2018","2018","Juillet 2025 (rapport SOFI)","%","18.4","E","Valeur estimée"
"CAHD","Coût et abordabilité d’une alimentation saine
 (CoAHD)","UZB","Ouzbékistan","6132","Valeur","7006","Number of people unable to afford a healthy diet (NUA), million","2018","2018","Juillet 2025 (rapport SOFI)","millions de No","6","E","Valeur estimée"
"CAHD","Coût et abordabilité d’une alimentation saine
 (CoAHD)","PAK","Pakistan","6205","Valeur","70041","Cost of a healthy diet (CoHD), LCU per person per day","2018","2018","Juillet 2025 (rapport SOFI)","UML/personne/jour","99.49","E","Valeur estimée"
"CAHD","Coût et abordabilité d’une alimentation saine
 (CoAHD)","PAK","Pakistan","6226","Valeur","70040","Cost of a healthy diet (CoHD), PPP dollar per person per day","2018","2018","Juillet 2025 (rapport SOFI)","Int$ (PPP) per person per day","2.91","E","Valeur estimée"
"CAHD","Coût et abordabilité d’une alimentation saine
 (CoAHD)","PAK","Pakistan","6121","Valeur","7005","Prevalence of unaffordability (PUA), percent","2018","2018","Juillet 2025 (rapport SOFI)","%","57.3","E","Valeur estimée"
"CAHD","Coût et abordabilité d’une alimentation saine
 (CoAHD)","PAK","Pakistan","6132","Valeur","7006","Number of people unable to afford a healthy diet (NUA), million","2018","2018","Juillet 2025 (rapport SOFI)","millions de No","130.1","E","Valeur estimée"
"CAHD","Coût et abordabilité d’une alimentation saine
 (CoAHD)","PSE","Palestine","6205","Valeur","70041","Cost of a healthy diet (CoHD), LCU per person per day","2018","2018","Juillet 2025 (rapport SOFI)","UML/personne/jour","5.38","E","Valeur estimée"
"CAHD","Coût et abordabilité d’une alimentation saine
 (CoAHD)","PSE","Palestine","6226","Valeur","70040","Cost of a healthy diet (CoHD), PPP dollar per person per day","2018","2018","Juillet 2025 (rapport SOFI)","Int$ (PPP) per person per day","2.65","E","Valeur estimée"
"CAHD","Coût et abordabilité d’une alimentation saine
 (CoAHD)","PSE","Palestine","6121","Valeur","7005","Prevalence of unaffordability (PUA), percent","2018","2018","Juillet 2025 (rapport SOFI)","%","4.9","E","Valeur estimée"
"CAHD","Coût et abordabilité d’une alimentation saine
 (CoAHD)","PSE","Palestine","6132","Valeur","7006","Number of people unable to afford a healthy diet (NUA), million","2018","2018","Juillet 2025 (rapport SOFI)","millions de No","0.2","E","Valeur estimée"
"CAHD","Coût et abordabilité d’une alimentation saine
 (CoAHD)","PAN","Panama","6205","Valeur","70041","Cost of a healthy diet (CoHD), LCU per person per day","2018","2018","Juillet 2025 (rapport SOFI)","UML/personne/jour","2.01","E","Valeur estimée"
"CAHD","Coût et abordabilité d’une alimentation saine
 (CoAHD)","PAN","Panama","6226","Valeur","70040","Cost of a healthy diet (CoHD), PPP dollar per person per day","2018","2018","Juillet 2025 (rapport SOFI)","Int$ (PPP) per person per day","3.88","E","Valeur estimée"
"CAHD","Coût et abordabilité d’une alimentation saine
 (CoAHD)","PAN","Panama","6121","Valeur","7005","Prevalence of unaffordability (PUA), percent","2018","2018","Juillet 2025 (rapport SOFI)","%","40.6","E","Valeur estimée"
"CAHD","Coût et abordabilité d’une alimentation saine
 (CoAHD)","PAN","Panama","6132","Valeur","7006","Number of people unable to afford a healthy diet (NUA), million","2018","2018","Juillet 2025 (rapport SOFI)","millions de No","1.7","E","Valeur estimée"
"CAHD","Coût et abordabilité d’une alimentation saine
 (CoAHD)","PRY","Paraguay","6205","Valeur","70041","Cost of a healthy diet (CoHD), LCU per person per day","2018","2018","Juillet 2025 (rapport SOFI)","UML/personne/jour","9731.71","E","Valeur estimée"
"CAHD","Coût et abordabilité d’une alimentation saine
 (CoAHD)","PRY","Paraguay","6226","Valeur","70040","Cost of a healthy diet (CoHD), PPP dollar per person per day","2018","2018","Juillet 2025 (rapport SOFI)","Int$ (PPP) per person per day","3.73","E","Valeur estimée"
"CAHD","Coût et abordabilité d’une alimentation saine
 (CoAHD)","PRY","Paraguay","6121","Valeur","7005","Prevalence of unaffordability (PUA), percent","2018","2018","Juillet 2025 (rapport SOFI)","%","22.6","E","Valeur estimée"
"CAHD","Coût et abordabilité d’une alimentation saine
 (CoAHD)","PRY","Paraguay","6132","Valeur","7006","Number of people unable to afford a healthy diet (NUA), million","2018","2018","Juillet 2025 (rapport SOFI)","millions de No","1.5","E","Valeur estimée"
"CAHD","Coût et abordabilité d’une alimentation saine
 (CoAHD)","NLD","Pays-Bas (Royaume des)","6205","Valeur","70041","Cost of a healthy diet (CoHD), LCU per person per day","2018","2018","Juillet 2025 (rapport SOFI)","UML/personne/jour","1.92","E","Valeur estimée"
"CAHD","Coût et abordabilité d’une alimentation saine
 (CoAHD)","NLD","Pays-Bas (Royaume des)","6226","Valeur","70040","Cost of a healthy diet (CoHD), PPP dollar per person per day","2018","2018","Juillet 2025 (rapport SOFI)","Int$ (PPP) per person per day","2.27","E","Valeur estimée"
"CAHD","Coût et abordabilité d’une alimentation saine
 (CoAHD)","NLD","Pays-Bas (Royaume des)","6121","Valeur","7005","Prevalence of unaffordability (PUA), percent","2018","2018","Juillet 2025 (rapport SOFI)","%","1.5","E","Valeur estimée"
"CAHD","Coût et abordabilité d’une alimentation saine
 (CoAHD)","NLD","Pays-Bas (Royaume des)","6132","Valeur","7006","Number of people unable to afford a healthy diet (NUA), million","2018","2018","Juillet 2025 (rapport SOFI)","millions de No","0.3","E","Valeur estimée"
"CAHD","Coût et abordabilité d’une alimentation saine
 (CoAHD)","PER","Pérou","6205","Valeur","70041","Cost of a healthy diet (CoHD), LCU per person per day","2018","2018","Juillet 2025 (rapport SOFI)","UML/personne/jour","6.11","E","Valeur estimée"
"CAHD","Coût et abordabilité d’une alimentation saine
 (CoAHD)","PER","Pérou","6226","Valeur","70040","Cost of a healthy diet (CoHD), PPP dollar per person per day","2018","2018","Juillet 2025 (rapport SOFI)","Int$ (PPP) per person per day","3.19","E","Valeur estimée"
"CAHD","Coût et abordabilité d’une alimentation saine
 (CoAHD)","PER","Pérou","6121","Valeur","7005","Prevalence of unaffordability (PUA), percent","2018","2018","Juillet 2025 (rapport SOFI)","%","30.3","E","Valeur estimée"
"CAHD","Coût et abordabilité d’une alimentation saine
 (CoAHD)","PER","Pérou","6132","Valeur","7006","Number of people unable to afford a healthy diet (NUA), million","2018","2018","Juillet 2025 (rapport SOFI)","millions de No","9.7","E","Valeur estimée"
"CAHD","Coût et abordabilité d’une alimentation saine
 (CoAHD)","PHL","Philippines","6205","Valeur","70041","Cost of a healthy diet (CoHD), LCU per person per day","2018","2018","Juillet 2025 (rapport SOFI)","UML/personne/jour","70.04","E","Valeur estimée"
"CAHD","Coût et abordabilité d’une alimentation saine
 (CoAHD)","PHL","Philippines","6226","Valeur","70040","Cost of a healthy diet (CoHD), PPP dollar per person per day","2018","2018","Juillet 2025 (rapport SOFI)","Int$ (PPP) per person per day","3.4","E","Valeur estimée"
"CAHD","Coût et abordabilité d’une alimentation saine
 (CoAHD)","PHL","Philippines","6121","Valeur","7005","Prevalence of unaffordability (PUA), percent","2018","2018","Juillet 2025 (rapport SOFI)","%","45.4","E","Valeur estimée"
"CAHD","Coût et abordabilité d’une alimentation saine
 (CoAHD)","PHL","Philippines","6132","Valeur","7006","Number of people unable to afford a healthy diet (NUA), million","2018","2018","Juillet 2025 (rapport SOFI)","millions de No","49.7","E","Valeur estimée"
"CAHD","Coût et abordabilité d’une alimentation saine
 (CoAHD)","POL","Pologne","6205","Valeur","70041","Cost of a healthy diet (CoHD), LCU per person per day","2018","2018","Juillet 2025 (rapport SOFI)","UML/personne/jour","5.68","E","Valeur estimée"
"CAHD","Coût et abordabilité d’une alimentation saine
 (CoAHD)","POL","Pologne","6226","Valeur","70040","Cost of a healthy diet (CoHD), PPP dollar per person per day","2018","2018","Juillet 2025 (rapport SOFI)","Int$ (PPP) per person per day","3.03","E","Valeur estimée"
"CAHD","Coût et abordabilité d’une alimentation saine
 (CoAHD)","POL","Pologne","6121","Valeur","7005","Prevalence of unaffordability (PUA), percent","2018","2018","Juillet 2025 (rapport SOFI)","%","14.9","E","Valeur estimée"
"CAHD","Coût et abordabilité d’une alimentation saine
 (CoAHD)","POL","Pologne","6132","Valeur","7006","Number of people unable to afford a healthy diet (NUA), million","2018","2018","Juillet 2025 (rapport SOFI)","millions de No","5.7","E","Valeur estimée"
"CAHD","Coût et abordabilité d’une alimentation saine
 (CoAHD)","PRT","Portugal","6205","Valeur","70041","Cost of a healthy diet (CoHD), LCU per person per day","2018","2018","Juillet 2025 (rapport SOFI)","UML/personne/jour","1.77","E","Valeur estimée"
"CAHD","Coût et abordabilité d’une alimentation saine
 (CoAHD)","PRT","Portugal","6226","Valeur","70040","Cost of a healthy diet (CoHD), PPP dollar per person per day","2018","2018","Juillet 2025 (rapport SOFI)","Int$ (PPP) per person per day","2.73","E","Valeur estimée"
"CAHD","Coût et abordabilité d’une alimentation saine
 (CoAHD)","PRT","Portugal","6121","Valeur","7005","Prevalence of unaffordability (PUA), percent","2018","2018","Juillet 2025 (rapport SOFI)","%","16.1","E","Valeur estimée"
"CAHD","Coût et abordabilité d’une alimentation saine
 (CoAHD)","PRT","Portugal","6132","Valeur","7006","Number of people unable to afford a healthy diet (NUA), million","2018","2018","Juillet 2025 (rapport SOFI)","millions de No","1.7","E","Valeur estimée"
"CAHD","Coût et abordabilité d’une alimentation saine
 (CoAHD)","QAT","Qatar","6205","Valeur","70041","Cost of a healthy diet (CoHD), LCU per person per day","2018","2018","Juillet 2025 (rapport SOFI)","UML/personne/jour","6.68","E","Valeur estimée"
"CAHD","Coût et abordabilité d’une alimentation saine
 (CoAHD)","QAT","Qatar","6226","Valeur","70040","Cost of a healthy diet (CoHD), PPP dollar per person per day","2018","2018","Juillet 2025 (rapport SOFI)","Int$ (PPP) per person per day","2.43","E","Valeur estimée"
"CAHD","Coût et abordabilité d’une alimentation saine
 (CoAHD)","QAT","Qatar","6121","Valeur","7005","Prevalence of unaffordability (PUA), percent","2018","2018","Juillet 2025 (rapport SOFI)","%","<0.1","E","Valeur estimée"
"CAHD","Coût et abordabilité d’une alimentation saine
 (CoAHD)","QAT","Qatar","6132","Valeur","7006","Number of people unable to afford a healthy diet (NUA), million","2018","2018","Juillet 2025 (rapport SOFI)","millions de No","<0.1","E","Valeur estimée"
"CAHD","Coût et abordabilité d’une alimentation saine
 (CoAHD)","SYR","République arabe syrienne","6205","Valeur","70041","Cost of a healthy diet (CoHD), LCU per person per day","2018","2018","Juillet 2025 (rapport SOFI)","UML/personne/jour","531.73","E","Valeur estimée"
"CAHD","Coût et abordabilité d’une alimentation saine
 (CoAHD)","SYR","République arabe syrienne","6226","Valeur","70040","Cost of a healthy diet (CoHD), PPP dollar per person per day","2018","2018","Juillet 2025 (rapport SOFI)","Int$ (PPP) per person per day","2.54","E","Valeur estimée"
"CAHD","Coût et abordabilité d’une alimentation saine
 (CoAHD)","SYR","République arabe syrienne","6121","Valeur","7005","Prevalence of unaffordability (PUA), percent","2018","2018","Juillet 2025 (rapport SOFI)","%","19.2","E","Valeur estimée"
"CAHD","Coût et abordabilité d’une alimentation saine
 (CoAHD)","SYR","République arabe syrienne","6132","Valeur","7006","Number of people unable to afford a healthy diet (NUA), million","2018","2018","Juillet 2025 (rapport SOFI)","millions de No","3.8","E","Valeur estimée"
"CAHD","Coût et abordabilité d’une alimentation saine
 (CoAHD)","CAF","République centrafricaine","6205","Valeur","70041","Cost of a healthy diet (CoHD), LCU per person per day","2018","2018","Juillet 2025 (rapport SOFI)","UML/personne/jour","921.69","E","Valeur estimée"
"CAHD","Coût et abordabilité d’une alimentation saine
 (CoAHD)","CAF","République centrafricaine","6226","Valeur","70040","Cost of a healthy diet (CoHD), PPP dollar per person per day","2018","2018","Juillet 2025 (rapport SOFI)","Int$ (PPP) per person per day","3.08","E","Valeur estimée"
"CAHD","Coût et abordabilité d’une alimentation saine
 (CoAHD)","CAF","République centrafricaine","6121","Valeur","7005","Prevalence of unaffordability (PUA), percent","2018","2018","Juillet 2025 (rapport SOFI)","%","86.1","E","Valeur estimée"
"CAHD","Coût et abordabilité d’une alimentation saine
 (CoAHD)","CAF","République centrafricaine","6132","Valeur","7006","Number of people unable to afford a healthy diet (NUA), million","2018","2018","Juillet 2025 (rapport SOFI)","millions de No","4.2","E","Valeur estimée"
"CAHD","Coût et abordabilité d’une alimentation saine
 (CoAHD)","KOR","République de Corée","6205","Valeur","70041","Cost of a healthy diet (CoHD), LCU per person per day","2018","2018","Juillet 2025 (rapport SOFI)","UML/personne/jour","4819.99","E","Valeur estimée"
"CAHD","Coût et abordabilité d’une alimentation saine
 (CoAHD)","KOR","République de Corée","6226","Valeur","70040","Cost of a healthy diet (CoHD), PPP dollar per person per day","2018","2018","Juillet 2025 (rapport SOFI)","Int$ (PPP) per person per day","4.92","E","Valeur estimée"
"CAHD","Coût et abordabilité d’une alimentation saine
 (CoAHD)","KOR","République de Corée","6121","Valeur","7005","Prevalence of unaffordability (PUA), percent","2018","2018","Juillet 2025 (rapport SOFI)","%","8.5","E","Valeur estimée"
"CAHD","Coût et abordabilité d’une alimentation saine
 (CoAHD)","KOR","République de Corée","6132","Valeur","7006","Number of people unable to afford a healthy diet (NUA), million","2018","2018","Juillet 2025 (rapport SOFI)","millions de No","4.4","E","Valeur estimée"
"CAHD","Coût et abordabilité d’une alimentation saine
 (CoAHD)","MDA","République de Moldova","6205","Valeur","70041","Cost of a healthy diet (CoHD), LCU per person per day","2018","2018","Juillet 2025 (rapport SOFI)","UML/personne/jour","15.72","E","Valeur estimée"
"CAHD","Coût et abordabilité d’une alimentation saine
 (CoAHD)","MDA","République de Moldova","6226","Valeur","70040","Cost of a healthy diet (CoHD), PPP dollar per person per day","2018","2018","Juillet 2025 (rapport SOFI)","Int$ (PPP) per person per day","2.47","E","Valeur estimée"
"CAHD","Coût et abordabilité d’une alimentation saine
 (CoAHD)","MDA","République de Moldova","6121","Valeur","7005","Prevalence of unaffordability (PUA), percent","2018","2018","Juillet 2025 (rapport SOFI)","%","8.9","E","Valeur estimée"
"CAHD","Coût et abordabilité d’une alimentation saine
 (CoAHD)","MDA","République de Moldova","6132","Valeur","7006","Number of people unable to afford a healthy diet (NUA), million","2018","2018","Juillet 2025 (rapport SOFI)","millions de No","0.3","E","Valeur estimée"
"CAHD","Coût et abordabilité d’une alimentation saine
 (CoAHD)","COD","République démocratique du Congo","6205","Valeur","70041","Cost of a healthy diet (CoHD), LCU per person per day","2018","2018","Juillet 2025 (rapport SOFI)","UML/personne/jour","2757.96","E","Valeur estimée"
"CAHD","Coût et abordabilité d’une alimentation saine
 (CoAHD)","COD","République démocratique du Congo","6226","Valeur","70040","Cost of a healthy diet (CoHD), PPP dollar per person per day","2018","2018","Juillet 2025 (rapport SOFI)","Int$ (PPP) per person per day","3.46","E","Valeur estimée"
"CAHD","Coût et abordabilité d’une alimentation saine
 (CoAHD)","COD","République démocratique du Congo","6121","Valeur","7005","Prevalence of unaffordability (PUA), percent","2018","2018","Juillet 2025 (rapport SOFI)","%","92.4","E","Valeur estimée"
"CAHD","Coût et abordabilité d’une alimentation saine
 (CoAHD)","COD","République démocratique du Congo","6132","Valeur","7006","Number of people unable to afford a healthy diet (NUA), million","2018","2018","Juillet 2025 (rapport SOFI)","millions de No","83.2","E","Valeur estimée"
"CAHD","Coût et abordabilité d’une alimentation saine
 (CoAHD)","LAO","République démocratique populaire lao","6205","Valeur","70041","Cost of a healthy diet (CoHD), LCU per person per day","2018","2018","Juillet 2025 (rapport SOFI)","UML/personne/jour","12066.5","E","Valeur estimée"
"CAHD","Coût et abordabilité d’une alimentation saine
 (CoAHD)","LAO","République démocratique populaire lao","6226","Valeur","70040","Cost of a healthy diet (CoHD), PPP dollar per person per day","2018","2018","Juillet 2025 (rapport SOFI)","Int$ (PPP) per person per day","3.77","E","Valeur estimée"
"CAHD","Coût et abordabilité d’une alimentation saine
 (CoAHD)","LAO","République démocratique populaire lao","6121","Valeur","7005","Prevalence of unaffordability (PUA), percent","2018","2018","Juillet 2025 (rapport SOFI)","%","57.1","E","Valeur estimée"
"CAHD","Coût et abordabilité d’une alimentation saine
 (CoAHD)","LAO","République démocratique populaire lao","6132","Valeur","7006","Number of people unable to afford a healthy diet (NUA), million","2018","2018","Juillet 2025 (rapport SOFI)","millions de No","4.1","E","Valeur estimée"
"CAHD","Coût et abordabilité d’une alimentation saine
 (CoAHD)","DOM","République dominicaine","6205","Valeur","70041","Cost of a healthy diet (CoHD), LCU per person per day","2018","2018","Juillet 2025 (rapport SOFI)","UML/personne/jour","84.22","E","Valeur estimée"
"CAHD","Coût et abordabilité d’une alimentation saine
 (CoAHD)","DOM","République dominicaine","6226","Valeur","70040","Cost of a healthy diet (CoHD), PPP dollar per person per day","2018","2018","Juillet 2025 (rapport SOFI)","Int$ (PPP) per person per day","3.48","E","Valeur estimée"
"CAHD","Coût et abordabilité d’une alimentation saine
 (CoAHD)","DOM","République dominicaine","6121","Valeur","7005","Prevalence of unaffordability (PUA), percent","2018","2018","Juillet 2025 (rapport SOFI)","%","23.7","E","Valeur estimée"
"CAHD","Coût et abordabilité d’une alimentation saine
 (CoAHD)","DOM","République dominicaine","6132","Valeur","7006","Number of people unable to afford a healthy diet (NUA), million","2018","2018","Juillet 2025 (rapport SOFI)","millions de No","2.6","E","Valeur estimée"
"CAHD","Coût et abordabilité d’une alimentation saine
 (CoAHD)","TZA","République-Unie de Tanzanie","6205","Valeur","70041","Cost of a healthy diet (CoHD), LCU per person per day","2018","2018","Juillet 2025 (rapport SOFI)","UML/personne/jour","1712.84","E","Valeur estimée"
"CAHD","Coût et abordabilité d’une alimentation saine
 (CoAHD)","TZA","République-Unie de Tanzanie","6226","Valeur","70040","Cost of a healthy diet (CoHD), PPP dollar per person per day","2018","2018","Juillet 2025 (rapport SOFI)","Int$ (PPP) per person per day","2.3","E","Valeur estimée"
"CAHD","Coût et abordabilité d’une alimentation saine
 (CoAHD)","TZA","République-Unie de Tanzanie","6121","Valeur","7005","Prevalence of unaffordability (PUA), percent","2018","2018","Juillet 2025 (rapport SOFI)","%","75.3","E","Valeur estimée"
"CAHD","Coût et abordabilité d’une alimentation saine
 (CoAHD)","TZA","République-Unie de Tanzanie","6132","Valeur","7006","Number of people unable to afford a healthy diet (NUA), million","2018","2018","Juillet 2025 (rapport SOFI)","millions de No","43.2","E","Valeur estimée"
"CAHD","Coût et abordabilité d’une alimentation saine
 (CoAHD)","ROU","Roumanie","6205","Valeur","70041","Cost of a healthy diet (CoHD), LCU per person per day","2018","2018","Juillet 2025 (rapport SOFI)","UML/personne/jour","5.43","E","Valeur estimée"
"CAHD","Coût et abordabilité d’une alimentation saine
 (CoAHD)","ROU","Roumanie","6226","Valeur","70040","Cost of a healthy diet (CoHD), PPP dollar per person per day","2018","2018","Juillet 2025 (rapport SOFI)","Int$ (PPP) per person per day","2.84","E","Valeur estimée"
"CAHD","Coût et abordabilité d’une alimentation saine
 (CoAHD)","ROU","Roumanie","6121","Valeur","7005","Prevalence of unaffordability (PUA), percent","2018","2018","Juillet 2025 (rapport SOFI)","%","68.3","E","Valeur estimée"
"CAHD","Coût et abordabilité d’une alimentation saine
 (CoAHD)","ROU","Roumanie","6132","Valeur","7006","Number of people unable to afford a healthy diet (NUA), million","2018","2018","Juillet 2025 (rapport SOFI)","millions de No","13.4","E","Valeur estimée"
"CAHD","Coût et abordabilité d’une alimentation saine
 (CoAHD)","GBR","Royaume-Uni de Grande-Bretagne et d'Irlande du Nord","6205","Valeur","70041","Cost of a healthy diet (CoHD), LCU per person per day","2018","2018","Juillet 2025 (rapport SOFI)","UML/personne/jour","1.37","E","Valeur estimée"
"CAHD","Coût et abordabilité d’une alimentation saine
 (CoAHD)","GBR","Royaume-Uni de Grande-Bretagne et d'Irlande du Nord","6226","Valeur","70040","Cost of a healthy diet (CoHD), PPP dollar per person per day","2018","2018","Juillet 2025 (rapport SOFI)","Int$ (PPP) per person per day","1.75","E","Valeur estimée"
"CAHD","Coût et abordabilité d’une alimentation saine
 (CoAHD)","GBR","Royaume-Uni de Grande-Bretagne et d'Irlande du Nord","6121","Valeur","7005","Prevalence of unaffordability (PUA), percent","2018","2018","Juillet 2025 (rapport SOFI)","%","3.5","E","Valeur estimée"
"CAHD","Coût et abordabilité d’une alimentation saine
 (CoAHD)","GBR","Royaume-Uni de Grande-Bretagne et d'Irlande du Nord","6132","Valeur","7006","Number of people unable to afford a healthy diet (NUA), million","2018","2018","Juillet 2025 (rapport SOFI)","millions de No","2.3","E","Valeur estimée"
"CAHD","Coût et abordabilité d’une alimentation saine
 (CoAHD)","RWA","Rwanda","6205","Valeur","70041","Cost of a healthy diet (CoHD), LCU per person per day","2018","2018","Juillet 2025 (rapport SOFI)","UML/personne/jour","840.97","E","Valeur estimée"
"CAHD","Coût et abordabilité d’une alimentation saine
 (CoAHD)","RWA","Rwanda","6226","Valeur","70040","Cost of a healthy diet (CoHD), PPP dollar per person per day","2018","2018","Juillet 2025 (rapport SOFI)","Int$ (PPP) per person per day","2.89","E","Valeur estimée"
"CAHD","Coût et abordabilité d’une alimentation saine
 (CoAHD)","RWA","Rwanda","6121","Valeur","7005","Prevalence of unaffordability (PUA), percent","2018","2018","Juillet 2025 (rapport SOFI)","%","76.1","E","Valeur estimée"
"CAHD","Coût et abordabilité d’une alimentation saine
 (CoAHD)","RWA","Rwanda","6132","Valeur","7006","Number of people unable to afford a healthy diet (NUA), million","2018","2018","Juillet 2025 (rapport SOFI)","millions de No","9.5","E","Valeur estimée"
"CAHD","Coût et abordabilité d’une alimentation saine
 (CoAHD)","LCA","Sainte-Lucie","6205","Valeur","70041","Cost of a healthy diet (CoHD), LCU per person per day","2018","2018","Juillet 2025 (rapport SOFI)","UML/personne/jour","7.42","E","Valeur estimée"
"CAHD","Coût et abordabilité d’une alimentation saine
 (CoAHD)","LCA","Sainte-Lucie","6226","Valeur","70040","Cost of a healthy diet (CoHD), PPP dollar per person per day","2018","2018","Juillet 2025 (rapport SOFI)","Int$ (PPP) per person per day","3.8","E","Valeur estimée"
"CAHD","Coût et abordabilité d’une alimentation saine
 (CoAHD)","LCA","Sainte-Lucie","6121","Valeur","7005","Prevalence of unaffordability (PUA), percent","2018","2018","Juillet 2025 (rapport SOFI)","%","8.6","E","Valeur estimée"
"CAHD","Coût et abordabilité d’une alimentation saine
 (CoAHD)","LCA","Sainte-Lucie","6132","Valeur","7006","Number of people unable to afford a healthy diet (NUA), million","2018","2018","Juillet 2025 (rapport SOFI)","millions de No","<0.1","E","Valeur estimée"
"CAHD","Coût et abordabilité d’une alimentation saine
 (CoAHD)","KNA","Saint-Kitts-et-Nevis","6205","Valeur","70041","Cost of a healthy diet (CoHD), LCU per person per day","2018","2018","Juillet 2025 (rapport SOFI)","UML/personne/jour","8.75","E","Valeur estimée"
"CAHD","Coût et abordabilité d’une alimentation saine
 (CoAHD)","KNA","Saint-Kitts-et-Nevis","6226","Valeur","70040","Cost of a healthy diet (CoHD), PPP dollar per person per day","2018","2018","Juillet 2025 (rapport SOFI)","Int$ (PPP) per person per day","3.51","E","Valeur estimée"
"CAHD","Coût et abordabilité d’une alimentation saine
 (CoAHD)","KNA","Saint-Kitts-et-Nevis","6121","Valeur","7005","Prevalence of unaffordability (PUA), percent","2018","2018","Juillet 2025 (rapport SOFI)","%","","O","Valeur manquante"
"CAHD","Coût et abordabilité d’une alimentation saine
 (CoAHD)","KNA","Saint-Kitts-et-Nevis","6132","Valeur","7006","Number of people unable to afford a healthy diet (NUA), million","2018","2018","Juillet 2025 (rapport SOFI)","millions de No","","O","Valeur manquante"
"CAHD","Coût et abordabilité d’une alimentation saine
 (CoAHD)","VCT","Saint-Vincent-et-les Grenadines","6205","Valeur","70041","Cost of a healthy diet (CoHD), LCU per person per day","2018","2018","Juillet 2025 (rapport SOFI)","UML/personne/jour","8.03","E","Valeur estimée"
"CAHD","Coût et abordabilité d’une alimentation saine
 (CoAHD)","VCT","Saint-Vincent-et-les Grenadines","6226","Valeur","70040","Cost of a healthy diet (CoHD), PPP dollar per person per day","2018","2018","Juillet 2025 (rapport SOFI)","Int$ (PPP) per person per day","4.44","E","Valeur estimée"
"CAHD","Coût et abordabilité d’une alimentation saine
 (CoAHD)","VCT","Saint-Vincent-et-les Grenadines","6121","Valeur","7005","Prevalence of unaffordability (PUA), percent","2018","2018","Juillet 2025 (rapport SOFI)","%","","O","Valeur manquante"
"CAHD","Coût et abordabilité d’une alimentation saine
 (CoAHD)","VCT","Saint-Vincent-et-les Grenadines","6132","Valeur","7006","Number of people unable to afford a healthy diet (NUA), million","2018","2018","Juillet 2025 (rapport SOFI)","millions de No","","O","Valeur manquante"
"CAHD","Coût et abordabilité d’une alimentation saine
 (CoAHD)","STP","Sao Tomé-et-Principe","6205","Valeur","70041","Cost of a healthy diet (CoHD), LCU per person per day","2018","2018","Juillet 2025 (rapport SOFI)","UML/personne/jour","27.25","E","Valeur estimée"
"CAHD","Coût et abordabilité d’une alimentation saine
 (CoAHD)","STP","Sao Tomé-et-Principe","6226","Valeur","70040","Cost of a healthy diet (CoHD), PPP dollar per person per day","2018","2018","Juillet 2025 (rapport SOFI)","Int$ (PPP) per person per day","2.63","E","Valeur estimée"
"CAHD","Coût et abordabilité d’une alimentation saine
 (CoAHD)","STP","Sao Tomé-et-Principe","6121","Valeur","7005","Prevalence of unaffordability (PUA), percent","2018","2018","Juillet 2025 (rapport SOFI)","%","48.4","E","Valeur estimée"
"CAHD","Coût et abordabilité d’une alimentation saine
 (CoAHD)","STP","Sao Tomé-et-Principe","6132","Valeur","7006","Number of people unable to afford a healthy diet (NUA), million","2018","2018","Juillet 2025 (rapport SOFI)","millions de No","0.1","E","Valeur estimée"
"CAHD","Coût et abordabilité d’une alimentation saine
 (CoAHD)","SEN","Sénégal","6205","Valeur","70041","Cost of a healthy diet (CoHD), LCU per person per day","2018","2018","Juillet 2025 (rapport SOFI)","UML/personne/jour","637.55","E","Valeur estimée"
"CAHD","Coût et abordabilité d’une alimentation saine
 (CoAHD)","SEN","Sénégal","6226","Valeur","70040","Cost of a healthy diet (CoHD), PPP dollar per person per day","2018","2018","Juillet 2025 (rapport SOFI)","Int$ (PPP) per person per day","2.72","E","Valeur estimée"
"CAHD","Coût et abordabilité d’une alimentation saine
 (CoAHD)","SEN","Sénégal","6121","Valeur","7005","Prevalence of unaffordability (PUA), percent","2018","2018","Juillet 2025 (rapport SOFI)","%","48.6","E","Valeur estimée"
"CAHD","Coût et abordabilité d’une alimentation saine
 (CoAHD)","SEN","Sénégal","6132","Valeur","7006","Number of people unable to afford a healthy diet (NUA), million","2018","2018","Juillet 2025 (rapport SOFI)","millions de No","7.7","E","Valeur estimée"
"CAHD","Coût et abordabilité d’une alimentation saine
 (CoAHD)","SRB","Serbie","6205","Valeur","70041","Cost of a healthy diet (CoHD), LCU per person per day","2018","2018","Juillet 2025 (rapport SOFI)","UML/personne/jour","177.39","E","Valeur estimée"
"CAHD","Coût et abordabilité d’une alimentation saine
 (CoAHD)","SRB","Serbie","6226","Valeur","70040","Cost of a healthy diet (CoHD), PPP dollar per person per day","2018","2018","Juillet 2025 (rapport SOFI)","Int$ (PPP) per person per day","3.64","E","Valeur estimée"
"CAHD","Coût et abordabilité d’une alimentation saine
 (CoAHD)","SRB","Serbie","6121","Valeur","7005","Prevalence of unaffordability (PUA), percent","2018","2018","Juillet 2025 (rapport SOFI)","%","10.2","E","Valeur estimée"
"CAHD","Coût et abordabilité d’une alimentation saine
 (CoAHD)","SRB","Serbie","6132","Valeur","7006","Number of people unable to afford a healthy diet (NUA), million","2018","2018","Juillet 2025 (rapport SOFI)","millions de No","0.7","E","Valeur estimée"
"CAHD","Coût et abordabilité d’une alimentation saine
 (CoAHD)","SYC","Seychelles","6205","Valeur","70041","Cost of a healthy diet (CoHD), LCU per person per day","2018","2018","Juillet 2025 (rapport SOFI)","UML/personne/jour","31.74","E","Valeur estimée"
"CAHD","Coût et abordabilité d’une alimentation saine
 (CoAHD)","SYC","Seychelles","6226","Valeur","70040","Cost of a healthy diet (CoHD), PPP dollar per person per day","2018","2018","Juillet 2025 (rapport SOFI)","Int$ (PPP) per person per day","3.5","E","Valeur estimée"
"CAHD","Coût et abordabilité d’une alimentation saine
 (CoAHD)","SYC","Seychelles","6121","Valeur","7005","Prevalence of unaffordability (PUA), percent","2018","2018","Juillet 2025 (rapport SOFI)","%","40.3","E","Valeur estimée"
"CAHD","Coût et abordabilité d’une alimentation saine
 (CoAHD)","SYC","Seychelles","6132","Valeur","7006","Number of people unable to afford a healthy diet (NUA), million","2018","2018","Juillet 2025 (rapport SOFI)","millions de No","<0.1","E","Valeur estimée"
"CAHD","Coût et abordabilité d’une alimentation saine
 (CoAHD)","SLE","Sierra Leone","6205","Valeur","70041","Cost of a healthy diet (CoHD), LCU per person per day","2018","2018","Juillet 2025 (rapport SOFI)","UML/personne/jour","6739.8","E","Valeur estimée"
"CAHD","Coût et abordabilité d’une alimentation saine
 (CoAHD)","SLE","Sierra Leone","6226","Valeur","70040","Cost of a healthy diet (CoHD), PPP dollar per person per day","2018","2018","Juillet 2025 (rapport SOFI)","Int$ (PPP) per person per day","2.8","E","Valeur estimée"
"CAHD","Coût et abordabilité d’une alimentation saine
 (CoAHD)","SLE","Sierra Leone","6121","Valeur","7005","Prevalence of unaffordability (PUA), percent","2018","2018","Juillet 2025 (rapport SOFI)","%","61.2","E","Valeur estimée"
"CAHD","Coût et abordabilité d’une alimentation saine
 (CoAHD)","SLE","Sierra Leone","6132","Valeur","7006","Number of people unable to afford a healthy diet (NUA), million","2018","2018","Juillet 2025 (rapport SOFI)","millions de No","4.6","E","Valeur estimée"
"CAHD","Coût et abordabilité d’une alimentation saine
 (CoAHD)","SGP","Singapour","6205","Valeur","70041","Cost of a healthy diet (CoHD), LCU per person per day","2018","2018","Juillet 2025 (rapport SOFI)","UML/personne/jour","3.09","E","Valeur estimée"
"CAHD","Coût et abordabilité d’une alimentation saine
 (CoAHD)","SGP","Singapour","6226","Valeur","70040","Cost of a healthy diet (CoHD), PPP dollar per person per day","2018","2018","Juillet 2025 (rapport SOFI)","Int$ (PPP) per person per day","2.86","E","Valeur estimée"
"CAHD","Coût et abordabilité d’une alimentation saine
 (CoAHD)","SGP","Singapour","6121","Valeur","7005","Prevalence of unaffordability (PUA), percent","2018","2018","Juillet 2025 (rapport SOFI)","%","","O","Valeur manquante"
"CAHD","Coût et abordabilité d’une alimentation saine
 (CoAHD)","SGP","Singapour","6132","Valeur","7006","Number of people unable to afford a healthy diet (NUA), million","2018","2018","Juillet 2025 (rapport SOFI)","millions de No","","O","Valeur manquante"
"CAHD","Coût et abordabilité d’une alimentation saine
 (CoAHD)","SXM","Sint Maarten (partie néerlandaise)","6205","Valeur","70041","Cost of a healthy diet (CoHD), LCU per person per day","2018","2018","Juillet 2025 (rapport SOFI)","UML/personne/jour","6.86","E","Valeur estimée"
"CAHD","Coût et abordabilité d’une alimentation saine
 (CoAHD)","SXM","Sint Maarten (partie néerlandaise)","6226","Valeur","70040","Cost of a healthy diet (CoHD), PPP dollar per person per day","2018","2018","Juillet 2025 (rapport SOFI)","Int$ (PPP) per person per day","4.58","E","Valeur estimée"
"CAHD","Coût et abordabilité d’une alimentation saine
 (CoAHD)","SXM","Sint Maarten (partie néerlandaise)","6121","Valeur","7005","Prevalence of unaffordability (PUA), percent","2018","2018","Juillet 2025 (rapport SOFI)","%","","O","Valeur manquante"
"CAHD","Coût et abordabilité d’une alimentation saine
 (CoAHD)","SXM","Sint Maarten (partie néerlandaise)","6132","Valeur","7006","Number of people unable to afford a healthy diet (NUA), million","2018","2018","Juillet 2025 (rapport SOFI)","millions de No","","O","Valeur manquante"
"CAHD","Coût et abordabilité d’une alimentation saine
 (CoAHD)","SVK","Slovaquie","6205","Valeur","70041","Cost of a healthy diet (CoHD), LCU per person per day","2018","2018","Juillet 2025 (rapport SOFI)","UML/personne/jour","1.58","E","Valeur estimée"
"CAHD","Coût et abordabilité d’une alimentation saine
 (CoAHD)","SVK","Slovaquie","6226","Valeur","70040","Cost of a healthy diet (CoHD), PPP dollar per person per day","2018","2018","Juillet 2025 (rapport SOFI)","Int$ (PPP) per person per day","2.53","E","Valeur estimée"
"CAHD","Coût et abordabilité d’une alimentation saine
 (CoAHD)","SVK","Slovaquie","6121","Valeur","7005","Prevalence of unaffordability (PUA), percent","2018","2018","Juillet 2025 (rapport SOFI)","%","18.3","E","Valeur estimée"
"CAHD","Coût et abordabilité d’une alimentation saine
 (CoAHD)","SVK","Slovaquie","6132","Valeur","7006","Number of people unable to afford a healthy diet (NUA), million","2018","2018","Juillet 2025 (rapport SOFI)","millions de No","1","E","Valeur estimée"
"CAHD","Coût et abordabilité d’une alimentation saine
 (CoAHD)","SVN","Slovénie","6205","Valeur","70041","Cost of a healthy diet (CoHD), LCU per person per day","2018","2018","Juillet 2025 (rapport SOFI)","UML/personne/jour","1.73","E","Valeur estimée"
"CAHD","Coût et abordabilité d’une alimentation saine
 (CoAHD)","SVN","Slovénie","6226","Valeur","70040","Cost of a healthy diet (CoHD), PPP dollar per person per day","2018","2018","Juillet 2025 (rapport SOFI)","Int$ (PPP) per person per day","2.7","E","Valeur estimée"
"CAHD","Coût et abordabilité d’une alimentation saine
 (CoAHD)","SVN","Slovénie","6121","Valeur","7005","Prevalence of unaffordability (PUA), percent","2018","2018","Juillet 2025 (rapport SOFI)","%","2.6","E","Valeur estimée"
"CAHD","Coût et abordabilité d’une alimentation saine
 (CoAHD)","SVN","Slovénie","6132","Valeur","7006","Number of people unable to afford a healthy diet (NUA), million","2018","2018","Juillet 2025 (rapport SOFI)","millions de No","0.1","E","Valeur estimée"
"CAHD","Coût et abordabilité d’une alimentation saine
 (CoAHD)","SOM","Somalie","6205","Valeur","70041","Cost of a healthy diet (CoHD), LCU per person per day","2018","2018","Juillet 2025 (rapport SOFI)","UML/personne/jour","1.46","E","Valeur estimée"
"CAHD","Coût et abordabilité d’une alimentation saine
 (CoAHD)","SOM","Somalie","6226","Valeur","70040","Cost of a healthy diet (CoHD), PPP dollar per person per day","2018","2018","Juillet 2025 (rapport SOFI)","Int$ (PPP) per person per day","3.88","E","Valeur estimée"
"CAHD","Coût et abordabilité d’une alimentation saine
 (CoAHD)","SOM","Somalie","6121","Valeur","7005","Prevalence of unaffordability (PUA), percent","2018","2018","Juillet 2025 (rapport SOFI)","%","","O","Valeur manquante"
"CAHD","Coût et abordabilité d’une alimentation saine
 (CoAHD)","SOM","Somalie","6132","Valeur","7006","Number of people unable to afford a healthy diet (NUA), million","2018","2018","Juillet 2025 (rapport SOFI)","millions de No","","O","Valeur manquante"
"CAHD","Coût et abordabilité d’une alimentation saine
 (CoAHD)","SDN","Soudan","6205","Valeur","70041","Cost of a healthy diet (CoHD), LCU per person per day","2018","2018","Juillet 2025 (rapport SOFI)","UML/personne/jour","23.89","E","Valeur estimée"
"CAHD","Coût et abordabilité d’une alimentation saine
 (CoAHD)","SDN","Soudan","6226","Valeur","70040","Cost of a healthy diet (CoHD), PPP dollar per person per day","2018","2018","Juillet 2025 (rapport SOFI)","Int$ (PPP) per person per day","2.77","E","Valeur estimée"
"CAHD","Coût et abordabilité d’une alimentation saine
 (CoAHD)","SDN","Soudan","6121","Valeur","7005","Prevalence of unaffordability (PUA), percent","2018","2018","Juillet 2025 (rapport SOFI)","%","51.3","E","Valeur estimée"
"CAHD","Coût et abordabilité d’une alimentation saine
 (CoAHD)","SDN","Soudan","6132","Valeur","7006","Number of people unable to afford a healthy diet (NUA), million","2018","2018","Juillet 2025 (rapport SOFI)","millions de No","22.7","E","Valeur estimée"
"CAHD","Coût et abordabilité d’une alimentation saine
 (CoAHD)","SSD","Soudan du Sud","6205","Valeur","70041","Cost of a healthy diet (CoHD), LCU per person per day","2018","2018","Juillet 2025 (rapport SOFI)","UML/personne/jour","197.53","E","Valeur estimée"
"CAHD","Coût et abordabilité d’une alimentation saine
 (CoAHD)","SSD","Soudan du Sud","6226","Valeur","70040","Cost of a healthy diet (CoHD), PPP dollar per person per day","2018","2018","Juillet 2025 (rapport SOFI)","Int$ (PPP) per person per day","3.11","E","Valeur estimée"
"CAHD","Coût et abordabilité d’une alimentation saine
 (CoAHD)","SSD","Soudan du Sud","6121","Valeur","7005","Prevalence of unaffordability (PUA), percent","2018","2018","Juillet 2025 (rapport SOFI)","%","88.3","E","Valeur estimée"
"CAHD","Coût et abordabilité d’une alimentation saine
 (CoAHD)","SSD","Soudan du Sud","6132","Valeur","7006","Number of people unable to afford a healthy diet (NUA), million","2018","2018","Juillet 2025 (rapport SOFI)","millions de No","8.9","E","Valeur estimée"
"CAHD","Coût et abordabilité d’une alimentation saine
 (CoAHD)","LKA","Sri Lanka","6205","Valeur","70041","Cost of a healthy diet (CoHD), LCU per person per day","2018","2018","Juillet 2025 (rapport SOFI)","UML/personne/jour","198.4","E","Valeur estimée"
"CAHD","Coût et abordabilité d’une alimentation saine
 (CoAHD)","LKA","Sri Lanka","6226","Valeur","70040","Cost of a healthy diet (CoHD), PPP dollar per person per day","2018","2018","Juillet 2025 (rapport SOFI)","Int$ (PPP) per person per day","3.81","E","Valeur estimée"
"CAHD","Coût et abordabilité d’une alimentation saine
 (CoAHD)","LKA","Sri Lanka","6121","Valeur","7005","Prevalence of unaffordability (PUA), percent","2018","2018","Juillet 2025 (rapport SOFI)","%","32.5","E","Valeur estimée"
"CAHD","Coût et abordabilité d’une alimentation saine
 (CoAHD)","LKA","Sri Lanka","6132","Valeur","7006","Number of people unable to afford a healthy diet (NUA), million","2018","2018","Juillet 2025 (rapport SOFI)","millions de No","7.2","E","Valeur estimée"
"CAHD","Coût et abordabilité d’une alimentation saine
 (CoAHD)","SWE","Suède","6205","Valeur","70041","Cost of a healthy diet (CoHD), LCU per person per day","2018","2018","Juillet 2025 (rapport SOFI)","UML/personne/jour","26.27","E","Valeur estimée"
"CAHD","Coût et abordabilité d’une alimentation saine
 (CoAHD)","SWE","Suède","6226","Valeur","70040","Cost of a healthy diet (CoHD), PPP dollar per person per day","2018","2018","Juillet 2025 (rapport SOFI)","Int$ (PPP) per person per day","2.77","E","Valeur estimée"
"CAHD","Coût et abordabilité d’une alimentation saine
 (CoAHD)","SWE","Suède","6121","Valeur","7005","Prevalence of unaffordability (PUA), percent","2018","2018","Juillet 2025 (rapport SOFI)","%","4.1","E","Valeur estimée"
"CAHD","Coût et abordabilité d’une alimentation saine
 (CoAHD)","SWE","Suède","6132","Valeur","7006","Number of people unable to afford a healthy diet (NUA), million","2018","2018","Juillet 2025 (rapport SOFI)","millions de No","0.4","E","Valeur estimée"
"CAHD","Coût et abordabilité d’une alimentation saine
 (CoAHD)","CHE","Suisse","6205","Valeur","70041","Cost of a healthy diet (CoHD), LCU per person per day","2018","2018","Juillet 2025 (rapport SOFI)","UML/personne/jour","3.32","E","Valeur estimée"
"CAHD","Coût et abordabilité d’une alimentation saine
 (CoAHD)","CHE","Suisse","6226","Valeur","70040","Cost of a healthy diet (CoHD), PPP dollar per person per day","2018","2018","Juillet 2025 (rapport SOFI)","Int$ (PPP) per person per day","2.45","E","Valeur estimée"
"CAHD","Coût et abordabilité d’une alimentation saine
 (CoAHD)","CHE","Suisse","6121","Valeur","7005","Prevalence of unaffordability (PUA), percent","2018","2018","Juillet 2025 (rapport SOFI)","%","1.6","E","Valeur estimée"
"CAHD","Coût et abordabilité d’une alimentation saine
 (CoAHD)","CHE","Suisse","6132","Valeur","7006","Number of people unable to afford a healthy diet (NUA), million","2018","2018","Juillet 2025 (rapport SOFI)","millions de No","0.1","E","Valeur estimée"
"CAHD","Coût et abordabilité d’une alimentation saine
 (CoAHD)","SUR","Suriname","6205","Valeur","70041","Cost of a healthy diet (CoHD), LCU per person per day","2018","2018","Juillet 2025 (rapport SOFI)","UML/personne/jour","14.37","E","Valeur estimée"
"CAHD","Coût et abordabilité d’une alimentation saine
 (CoAHD)","SUR","Suriname","6226","Valeur","70040","Cost of a healthy diet (CoHD), PPP dollar per person per day","2018","2018","Juillet 2025 (rapport SOFI)","Int$ (PPP) per person per day","4.33","E","Valeur estimée"
"CAHD","Coût et abordabilité d’une alimentation saine
 (CoAHD)","SUR","Suriname","6121","Valeur","7005","Prevalence of unaffordability (PUA), percent","2018","2018","Juillet 2025 (rapport SOFI)","%","18.5","E","Valeur estimée"
"CAHD","Coût et abordabilité d’une alimentation saine
 (CoAHD)","SUR","Suriname","6132","Valeur","7006","Number of people unable to afford a healthy diet (NUA), million","2018","2018","Juillet 2025 (rapport SOFI)","millions de No","0.1","E","Valeur estimée"
"CAHD","Coût et abordabilité d’une alimentation saine
 (CoAHD)","TJK","Tadjikistan","6205","Valeur","70041","Cost of a healthy diet (CoHD), LCU per person per day","2018","2018","Juillet 2025 (rapport SOFI)","UML/personne/jour","8.3","E","Valeur estimée"
"CAHD","Coût et abordabilité d’une alimentation saine
 (CoAHD)","TJK","Tadjikistan","6226","Valeur","70040","Cost of a healthy diet (CoHD), PPP dollar per person per day","2018","2018","Juillet 2025 (rapport SOFI)","Int$ (PPP) per person per day","2.99","E","Valeur estimée"
"CAHD","Coût et abordabilité d’une alimentation saine
 (CoAHD)","TJK","Tadjikistan","6121","Valeur","7005","Prevalence of unaffordability (PUA), percent","2018","2018","Juillet 2025 (rapport SOFI)","%","33.5","E","Valeur estimée"
"CAHD","Coût et abordabilité d’une alimentation saine
 (CoAHD)","TJK","Tadjikistan","6132","Valeur","7006","Number of people unable to afford a healthy diet (NUA), million","2018","2018","Juillet 2025 (rapport SOFI)","millions de No","3.1","E","Valeur estimée"
"CAHD","Coût et abordabilité d’une alimentation saine
 (CoAHD)","TCD","Tchad","6205","Valeur","70041","Cost of a healthy diet (CoHD), LCU per person per day","2018","2018","Juillet 2025 (rapport SOFI)","UML/personne/jour","644.09","E","Valeur estimée"
"CAHD","Coût et abordabilité d’une alimentation saine
 (CoAHD)","TCD","Tchad","6226","Valeur","70040","Cost of a healthy diet (CoHD), PPP dollar per person per day","2018","2018","Juillet 2025 (rapport SOFI)","Int$ (PPP) per person per day","2.8","E","Valeur estimée"
"CAHD","Coût et abordabilité d’une alimentation saine
 (CoAHD)","TCD","Tchad","6121","Valeur","7005","Prevalence of unaffordability (PUA), percent","2018","2018","Juillet 2025 (rapport SOFI)","%","61.5","E","Valeur estimée"
"CAHD","Coût et abordabilité d’une alimentation saine
 (CoAHD)","TCD","Tchad","6132","Valeur","7006","Number of people unable to afford a healthy diet (NUA), million","2018","2018","Juillet 2025 (rapport SOFI)","millions de No","9.9","E","Valeur estimée"
"CAHD","Coût et abordabilité d’une alimentation saine
 (CoAHD)","CZE","Tchéquie","6205","Valeur","70041","Cost of a healthy diet (CoHD), LCU per person per day","2018","2018","Juillet 2025 (rapport SOFI)","UML/personne/jour","39.61","E","Valeur estimée"
"CAHD","Coût et abordabilité d’une alimentation saine
 (CoAHD)","CZE","Tchéquie","6226","Valeur","70040","Cost of a healthy diet (CoHD), PPP dollar per person per day","2018","2018","Juillet 2025 (rapport SOFI)","Int$ (PPP) per person per day","2.83","E","Valeur estimée"
"CAHD","Coût et abordabilité d’une alimentation saine
 (CoAHD)","CZE","Tchéquie","6121","Valeur","7005","Prevalence of unaffordability (PUA), percent","2018","2018","Juillet 2025 (rapport SOFI)","%","4.2","E","Valeur estimée"
"CAHD","Coût et abordabilité d’une alimentation saine
 (CoAHD)","CZE","Tchéquie","6132","Valeur","7006","Number of people unable to afford a healthy diet (NUA), million","2018","2018","Juillet 2025 (rapport SOFI)","millions de No","0.4","E","Valeur estimée"
"CAHD","Coût et abordabilité d’une alimentation saine
 (CoAHD)","THA","Thaïlande","6205","Valeur","70041","Cost of a healthy diet (CoHD), LCU per person per day","2018","2018","Juillet 2025 (rapport SOFI)","UML/personne/jour","53.8","E","Valeur estimée"
"CAHD","Coût et abordabilité d’une alimentation saine
 (CoAHD)","THA","Thaïlande","6226","Valeur","70040","Cost of a healthy diet (CoHD), PPP dollar per person per day","2018","2018","Juillet 2025 (rapport SOFI)","Int$ (PPP) per person per day","4.34","E","Valeur estimée"
"CAHD","Coût et abordabilité d’une alimentation saine
 (CoAHD)","THA","Thaïlande","6121","Valeur","7005","Prevalence of unaffordability (PUA), percent","2018","2018","Juillet 2025 (rapport SOFI)","%","23.6","E","Valeur estimée"
"CAHD","Coût et abordabilité d’une alimentation saine
 (CoAHD)","THA","Thaïlande","6132","Valeur","7006","Number of people unable to afford a healthy diet (NUA), million","2018","2018","Juillet 2025 (rapport SOFI)","millions de No","16.8","E","Valeur estimée"
"CAHD","Coût et abordabilité d’une alimentation saine
 (CoAHD)","TGO","Togo","6205","Valeur","70041","Cost of a healthy diet (CoHD), LCU per person per day","2018","2018","Juillet 2025 (rapport SOFI)","UML/personne/jour","615.94","E","Valeur estimée"
"CAHD","Coût et abordabilité d’une alimentation saine
 (CoAHD)","TGO","Togo","6226","Valeur","70040","Cost of a healthy diet (CoHD), PPP dollar per person per day","2018","2018","Juillet 2025 (rapport SOFI)","Int$ (PPP) per person per day","2.6","E","Valeur estimée"
"CAHD","Coût et abordabilité d’une alimentation saine
 (CoAHD)","TGO","Togo","6121","Valeur","7005","Prevalence of unaffordability (PUA), percent","2018","2018","Juillet 2025 (rapport SOFI)","%","55.5","E","Valeur estimée"
"CAHD","Coût et abordabilité d’une alimentation saine
 (CoAHD)","TGO","Togo","6132","Valeur","7006","Number of people unable to afford a healthy diet (NUA), million","2018","2018","Juillet 2025 (rapport SOFI)","millions de No","4.6","E","Valeur estimée"
"CAHD","Coût et abordabilité d’une alimentation saine
 (CoAHD)","TTO","Trinité-et-Tobago","6205","Valeur","70041","Cost of a healthy diet (CoHD), LCU per person per day","2018","2018","Juillet 2025 (rapport SOFI)","UML/personne/jour","16.66","E","Valeur estimée"
"CAHD","Coût et abordabilité d’une alimentation saine
 (CoAHD)","TTO","Trinité-et-Tobago","6226","Valeur","70040","Cost of a healthy diet (CoHD), PPP dollar per person per day","2018","2018","Juillet 2025 (rapport SOFI)","Int$ (PPP) per person per day","3.87","E","Valeur estimée"
"CAHD","Coût et abordabilité d’une alimentation saine
 (CoAHD)","TTO","Trinité-et-Tobago","6121","Valeur","7005","Prevalence of unaffordability (PUA), percent","2018","2018","Juillet 2025 (rapport SOFI)","%","32.5","E","Valeur estimée"
"CAHD","Coût et abordabilité d’une alimentation saine
 (CoAHD)","TTO","Trinité-et-Tobago","6132","Valeur","7006","Number of people unable to afford a healthy diet (NUA), million","2018","2018","Juillet 2025 (rapport SOFI)","millions de No","0.5","E","Valeur estimée"
"CAHD","Coût et abordabilité d’une alimentation saine
 (CoAHD)","TUN","Tunisie","6205","Valeur","70041","Cost of a healthy diet (CoHD), LCU per person per day","2018","2018","Juillet 2025 (rapport SOFI)","UML/personne/jour","2.91","E","Valeur estimée"
"CAHD","Coût et abordabilité d’une alimentation saine
 (CoAHD)","TUN","Tunisie","6226","Valeur","70040","Cost of a healthy diet (CoHD), PPP dollar per person per day","2018","2018","Juillet 2025 (rapport SOFI)","Int$ (PPP) per person per day","3.72","E","Valeur estimée"
"CAHD","Coût et abordabilité d’une alimentation saine
 (CoAHD)","TUN","Tunisie","6121","Valeur","7005","Prevalence of unaffordability (PUA), percent","2018","2018","Juillet 2025 (rapport SOFI)","%","7.3","E","Valeur estimée"
"CAHD","Coût et abordabilité d’une alimentation saine
 (CoAHD)","TUN","Tunisie","6132","Valeur","7006","Number of people unable to afford a healthy diet (NUA), million","2018","2018","Juillet 2025 (rapport SOFI)","millions de No","0.9","E","Valeur estimée"
"CAHD","Coût et abordabilité d’une alimentation saine
 (CoAHD)","TUR","Türkiye","6205","Valeur","70041","Cost of a healthy diet (CoHD), LCU per person per day","2018","2018","Juillet 2025 (rapport SOFI)","UML/personne/jour","6.93","E","Valeur estimée"
"CAHD","Coût et abordabilité d’une alimentation saine
 (CoAHD)","TUR","Türkiye","6226","Valeur","70040","Cost of a healthy diet (CoHD), PPP dollar per person per day","2018","2018","Juillet 2025 (rapport SOFI)","Int$ (PPP) per person per day","3.59","E","Valeur estimée"
"CAHD","Coût et abordabilité d’une alimentation saine
 (CoAHD)","TUR","Türkiye","6121","Valeur","7005","Prevalence of unaffordability (PUA), percent","2018","2018","Juillet 2025 (rapport SOFI)","%","12.3","E","Valeur estimée"
"CAHD","Coût et abordabilité d’une alimentation saine
 (CoAHD)","TUR","Türkiye","6132","Valeur","7006","Number of people unable to afford a healthy diet (NUA), million","2018","2018","Juillet 2025 (rapport SOFI)","millions de No","10.4","E","Valeur estimée"
"CAHD","Coût et abordabilité d’une alimentation saine
 (CoAHD)","URY","Uruguay","6205","Valeur","70041","Cost of a healthy diet (CoHD), LCU per person per day","2018","2018","Juillet 2025 (rapport SOFI)","UML/personne/jour","77.33","E","Valeur estimée"
"CAHD","Coût et abordabilité d’une alimentation saine
 (CoAHD)","URY","Uruguay","6226","Valeur","70040","Cost of a healthy diet (CoHD), PPP dollar per person per day","2018","2018","Juillet 2025 (rapport SOFI)","Int$ (PPP) per person per day","2.93","E","Valeur estimée"
"CAHD","Coût et abordabilité d’une alimentation saine
 (CoAHD)","URY","Uruguay","6121","Valeur","7005","Prevalence of unaffordability (PUA), percent","2018","2018","Juillet 2025 (rapport SOFI)","%","32.3","E","Valeur estimée"
"CAHD","Coût et abordabilité d’une alimentation saine
 (CoAHD)","URY","Uruguay","6132","Valeur","7006","Number of people unable to afford a healthy diet (NUA), million","2018","2018","Juillet 2025 (rapport SOFI)","millions de No","1.1","E","Valeur estimée"
"CAHD","Coût et abordabilité d’une alimentation saine
 (CoAHD)","VNM","Viet Nam","6205","Valeur","70041","Cost of a healthy diet (CoHD), LCU per person per day","2018","2018","Juillet 2025 (rapport SOFI)","UML/personne/jour","25278","E","Valeur estimée"
"CAHD","Coût et abordabilité d’une alimentation saine
 (CoAHD)","VNM","Viet Nam","6226","Valeur","70040","Cost of a healthy diet (CoHD), PPP dollar per person per day","2018","2018","Juillet 2025 (rapport SOFI)","Int$ (PPP) per person per day","3.33","E","Valeur estimée"
"CAHD","Coût et abordabilité d’une alimentation saine
 (CoAHD)","VNM","Viet Nam","6121","Valeur","7005","Prevalence of unaffordability (PUA), percent","2018","2018","Juillet 2025 (rapport SOFI)","%","10.9","E","Valeur estimée"
"CAHD","Coût et abordabilité d’une alimentation saine
 (CoAHD)","VNM","Viet Nam","6132","Valeur","7006","Number of people unable to afford a healthy diet (NUA), million","2018","2018","Juillet 2025 (rapport SOFI)","millions de No","10.5","E","Valeur estimée"
"CAHD","Coût et abordabilité d’une alimentation saine
 (CoAHD)","ZMB","Zambie","6205","Valeur","70041","Cost of a healthy diet (CoHD), LCU per person per day","2018","2018","Juillet 2025 (rapport SOFI)","UML/personne/jour","12.38","E","Valeur estimée"
"CAHD","Coût et abordabilité d’une alimentation saine
 (CoAHD)","ZMB","Zambie","6226","Valeur","70040","Cost of a healthy diet (CoHD), PPP dollar per person per day","2018","2018","Juillet 2025 (rapport SOFI)","Int$ (PPP) per person per day","2.79","E","Valeur estimée"
"CAHD","Coût et abordabilité d’une alimentation saine
 (CoAHD)","ZMB","Zambie","6121","Valeur","7005","Prevalence of unaffordability (PUA), percent","2018","2018","Juillet 2025 (rapport SOFI)","%","78","E","Valeur estimée"
"CAHD","Coût et abordabilité d’une alimentation saine
 (CoAHD)","ZMB","Zambie","6132","Valeur","7006","Number of people unable to afford a healthy diet (NUA), million","2018","2018","Juillet 2025 (rapport SOFI)","millions de No","14","E","Valeur estimée"
"CAHD","Coût et abordabilité d’une alimentation saine
 (CoAHD)","ZWE","Zimbabwe","6205","Valeur","70041","Cost of a healthy diet (CoHD), LCU per person per day","2018","2018","Juillet 2025 (rapport SOFI)","UML/personne/jour","","Q","Valeur manquante; supprimée"
"CAHD","Coût et abordabilité d’une alimentation saine
 (CoAHD)","ZWE","Zimbabwe","6226","Valeur","70040","Cost of a healthy diet (CoHD), PPP dollar per person per day","2018","2018","Juillet 2025 (rapport SOFI)","Int$ (PPP) per person per day","","Q","Valeur manquante; supprimée"
"CAHD","Coût et abordabilité d’une alimentation saine
 (CoAHD)","ZWE","Zimbabwe","6121","Valeur","7005","Prevalence of unaffordability (PUA), percent","2018","2018","Juillet 2025 (rapport SOFI)","%","","Q","Valeur manquante; supprimée"
"CAHD","Coût et abordabilité d’une alimentation saine
 (CoAHD)","ZWE","Zimbabwe","6132","Valeur","7006","Number of people unable to afford a healthy diet (NUA), million","2018","2018","Juillet 2025 (rapport SOFI)","millions de No","","Q","Valeur manquante; supprimée"
