Code Domaine,Domaine,Code zone (ISO3),Zone,Code Élément,Élément,Code Produit,Produit,Code année,Année,Unité,Valeur,Symbole,Description du Symbole,Note
"MK","Indicateurs macro","AFG","Afghanistan","6110","Valeur US$","22008","Produit Intérieur Brut","2018","2018","Millions d’USD","18856.319311","X","Chiffre de source externe",""
"MK","Indicateurs macro","AFG","Afghanistan","6119","Valeur US$ par habitant","22008","Produit Intérieur Brut","2018","2018","USD","513.194331","X","Chiffre de source externe",""
"MK","Indicateurs macro","AFG","Afghanistan","6129","Croissance annuelle US$","22008","Produit Intérieur Brut","2018","2018","%","-0.935067","X","Chiffre de source externe",""
"MK","Indicateurs macro","AFG","Afghanistan","61290","Croissance annuelle US$ par habitant","22008","Produit Intérieur Brut","2018","2018","%","-3.777096","X","Chiffre de source externe",""
"MK","Indicateurs macro","ZAF","Afrique du Sud","6110","Valeur US$","22008","Produit Intérieur Brut","2018","2018","Millions d’USD","405260.711509","X","Chiffre de source externe",""
"MK","Indicateurs macro","ZAF","Afrique du Sud","6119","Valeur US$ par habitant","22008","Produit Intérieur Brut","2018","2018","USD","6914.17788","X","Chiffre de source externe",""
"MK","Indicateurs macro","ZAF","Afrique du Sud","6129","Croissance annuelle US$","22008","Produit Intérieur Brut","2018","2018","%","6.329486","X","Chiffre de source externe",""
"MK","Indicateurs macro","ZAF","Afrique du Sud","61290","Croissance annuelle US$ par habitant","22008","Produit Intérieur Brut","2018","2018","%","4.555595","X","Chiffre de source externe",""
"MK","Indicateurs macro","ALB","Albanie","6110","Valeur US$","22008","Produit Intérieur Brut","2018","2018","Millions d’USD","15156.427728","X","Chiffre de source externe",""
"MK","Indicateurs macro","ALB","Albanie","6119","Valeur US$ par habitant","22008","Produit Intérieur Brut","2018","2018","USD","5236.771954","X","Chiffre de source externe",""
"MK","Indicateurs macro","ALB","Albanie","6129","Croissance annuelle US$","22008","Produit Intérieur Brut","2018","2018","%","16.411217","X","Chiffre de source externe",""
"MK","Indicateurs macro","ALB","Albanie","61290","Croissance annuelle US$ par habitant","22008","Produit Intérieur Brut","2018","2018","%","16.572567","X","Chiffre de source externe",""
"MK","Indicateurs macro","DZA","Algérie","6110","Valeur US$","22008","Produit Intérieur Brut","2018","2018","Millions d’USD","174910.894611","X","Chiffre de source externe",""
"MK","Indicateurs macro","DZA","Algérie","6119","Valeur US$ par habitant","22008","Produit Intérieur Brut","2018","2018","USD","4115.062948","X","Chiffre de source externe",""
"MK","Indicateurs macro","DZA","Algérie","6129","Croissance annuelle US$","22008","Produit Intérieur Brut","2018","2018","%","2.830096","X","Chiffre de source externe",""
"MK","Indicateurs macro","DZA","Algérie","61290","Croissance annuelle US$ par habitant","22008","Produit Intérieur Brut","2018","2018","%","0.85663","X","Chiffre de source externe",""
"MK","Indicateurs macro","DEU","Allemagne","6110","Valeur US$","22008","Produit Intérieur Brut","2018","2018","Millions d’USD","4052008.447223","X","Chiffre de source externe",""
"MK","Indicateurs macro","DEU","Allemagne","6119","Valeur US$ par habitant","22008","Produit Intérieur Brut","2018","2018","USD","48603.587445","X","Chiffre de source externe",""
"MK","Indicateurs macro","DEU","Allemagne","6129","Croissance annuelle US$","22008","Produit Intérieur Brut","2018","2018","%","7.677627","X","Chiffre de source externe",""
"MK","Indicateurs macro","DEU","Allemagne","61290","Croissance annuelle US$ par habitant","22008","Produit Intérieur Brut","2018","2018","%","7.336004","X","Chiffre de source externe",""
"MK","Indicateurs macro","AND","Andorre","6110","Valeur US$","22008","Produit Intérieur Brut","2018","2018","Millions d’USD","3218.419456","X","Chiffre de source externe",""
"MK","Indicateurs macro","AND","Andorre","6119","Valeur US$ par habitant","22008","Produit Intérieur Brut","2018","2018","USD","42819.768719","X","Chiffre de source externe",""
"MK","Indicateurs macro","AND","Andorre","6129","Croissance annuelle US$","22008","Produit Intérieur Brut","2018","2018","%","7.274919","X","Chiffre de source externe",""
"MK","Indicateurs macro","AND","Andorre","61290","Croissance annuelle US$ par habitant","22008","Produit Intérieur Brut","2018","2018","%","5.277484","X","Chiffre de source externe",""
"MK","Indicateurs macro","AGO","Angola","6110","Valeur US$","22008","Produit Intérieur Brut","2018","2018","Millions d’USD","101353.211188","X","Chiffre de source externe",""
"MK","Indicateurs macro","AGO","Angola","6119","Valeur US$ par habitant","22008","Produit Intérieur Brut","2018","2018","USD","3238.416118","X","Chiffre de source externe",""
"MK","Indicateurs macro","AGO","Angola","6129","Croissance annuelle US$","22008","Produit Intérieur Brut","2018","2018","%","-17.007853","X","Chiffre de source externe",""
"MK","Indicateurs macro","AGO","Angola","61290","Croissance annuelle US$ par habitant","22008","Produit Intérieur Brut","2018","2018","%","-19.824847","X","Chiffre de source externe",""
"MK","Indicateurs macro","AIA","Anguilla","6110","Valeur US$","22008","Produit Intérieur Brut","2018","2018","Millions d’USD","318.71881","X","Chiffre de source externe",""
"MK","Indicateurs macro","AIA","Anguilla","6119","Valeur US$ par habitant","22008","Produit Intérieur Brut","2018","2018","USD","21650.622215","X","Chiffre de source externe",""
"MK","Indicateurs macro","AIA","Anguilla","6129","Croissance annuelle US$","22008","Produit Intérieur Brut","2018","2018","%","14.283028","X","Chiffre de source externe",""
"MK","Indicateurs macro","AIA","Anguilla","61290","Croissance annuelle US$ par habitant","22008","Produit Intérieur Brut","2018","2018","%","11.985102","X","Chiffre de source externe",""
"MK","Indicateurs macro","ATG","Antigua-et-Barbuda","6110","Valeur US$","22008","Produit Intérieur Brut","2018","2018","Millions d’USD","1661.481481","X","Chiffre de source externe",""
"MK","Indicateurs macro","ATG","Antigua-et-Barbuda","6119","Valeur US$ par habitant","22008","Produit Intérieur Brut","2018","2018","USD","18272.897537","X","Chiffre de source externe",""
"MK","Indicateurs macro","ATG","Antigua-et-Barbuda","6129","Croissance annuelle US$","22008","Produit Intérieur Brut","2018","2018","%","8.514756","X","Chiffre de source externe",""
"MK","Indicateurs macro","ATG","Antigua-et-Barbuda","61290","Croissance annuelle US$ par habitant","22008","Produit Intérieur Brut","2018","2018","%","7.96816","X","Chiffre de source externe",""
"MK","Indicateurs macro","SAU","Arabie saoudite","6110","Valeur US$","22008","Produit Intérieur Brut","2018","2018","Millions d’USD","846583.791759","X","Chiffre de source externe",""
"MK","Indicateurs macro","SAU","Arabie saoudite","6119","Valeur US$ par habitant","22008","Produit Intérieur Brut","2018","2018","USD","27880.139378","X","Chiffre de source externe",""
"MK","Indicateurs macro","SAU","Arabie saoudite","6129","Croissance annuelle US$","22008","Produit Intérieur Brut","2018","2018","%","18.404206","X","Chiffre de source externe",""
"MK","Indicateurs macro","SAU","Arabie saoudite","61290","Croissance annuelle US$ par habitant","22008","Produit Intérieur Brut","2018","2018","%","20.031332","X","Chiffre de source externe",""
"MK","Indicateurs macro","ARG","Argentine","6110","Valeur US$","22008","Produit Intérieur Brut","2018","2018","Millions d’USD","524819.898586","X","Chiffre de source externe",""
"MK","Indicateurs macro","ARG","Argentine","6119","Valeur US$ par habitant","22008","Produit Intérieur Brut","2018","2018","USD","11752.800163","X","Chiffre de source externe",""
"MK","Indicateurs macro","ARG","Argentine","6129","Croissance annuelle US$","22008","Produit Intérieur Brut","2018","2018","%","-18.459176","X","Chiffre de source externe",""
"MK","Indicateurs macro","ARG","Argentine","61290","Croissance annuelle US$ par habitant","22008","Produit Intérieur Brut","2018","2018","%","-19.127477","X","Chiffre de source externe",""
"MK","Indicateurs macro","ARM","Arménie","6110","Valeur US$","22008","Produit Intérieur Brut","2018","2018","Millions d’USD","12457.940705","X","Chiffre de source externe",""
"MK","Indicateurs macro","ARM","Arménie","6119","Valeur US$ par habitant","22008","Produit Intérieur Brut","2018","2018","USD","4281.131507","X","Chiffre de source externe",""
"MK","Indicateurs macro","ARM","Arménie","6129","Croissance annuelle US$","22008","Produit Intérieur Brut","2018","2018","%","8.071874","X","Chiffre de source externe",""
"MK","Indicateurs macro","ARM","Arménie","61290","Croissance annuelle US$ par habitant","22008","Produit Intérieur Brut","2018","2018","%","8.25753","X","Chiffre de source externe",""
"MK","Indicateurs macro","ABW","Aruba","6110","Valeur US$","22008","Produit Intérieur Brut","2018","2018","Millions d’USD","3276.184358","X","Chiffre de source externe",""
"MK","Indicateurs macro","ABW","Aruba","6119","Valeur US$ par habitant","22008","Produit Intérieur Brut","2018","2018","USD","30781.948639","X","Chiffre de source externe",""
"MK","Indicateurs macro","ABW","Aruba","6129","Croissance annuelle US$","22008","Produit Intérieur Brut","2018","2018","%","5.942064","X","Chiffre de source externe",""
"MK","Indicateurs macro","ABW","Aruba","61290","Croissance annuelle US$ par habitant","22008","Produit Intérieur Brut","2018","2018","%","5.243794","X","Chiffre de source externe",""
"MK","Indicateurs macro","AUS","Australie","6110","Valeur US$","22008","Produit Intérieur Brut","2018","2018","Millions d’USD","1454947.196306","X","Chiffre de source externe",""
"MK","Indicateurs macro","AUS","Australie","6119","Valeur US$ par habitant","22008","Produit Intérieur Brut","2018","2018","USD","57920.551509","X","Chiffre de source externe",""
"MK","Indicateurs macro","AUS","Australie","6129","Croissance annuelle US$","22008","Produit Intérieur Brut","2018","2018","%","3.05688","X","Chiffre de source externe",""
"MK","Indicateurs macro","AUS","Australie","61290","Croissance annuelle US$ par habitant","22008","Produit Intérieur Brut","2018","2018","%","1.462323","X","Chiffre de source externe",""
"MK","Indicateurs macro","AUT","Autriche","6110","Valeur US$","22008","Produit Intérieur Brut","2018","2018","Millions d’USD","452582.294973","X","Chiffre de source externe",""
"MK","Indicateurs macro","AUT","Autriche","6119","Valeur US$ par habitant","22008","Produit Intérieur Brut","2018","2018","USD","51187.535062","X","Chiffre de source externe",""
"MK","Indicateurs macro","AUT","Autriche","6129","Croissance annuelle US$","22008","Produit Intérieur Brut","2018","2018","%","9.075388","X","Chiffre de source externe",""
"MK","Indicateurs macro","AUT","Autriche","61290","Croissance annuelle US$ par habitant","22008","Produit Intérieur Brut","2018","2018","%","8.546483","X","Chiffre de source externe",""
"MK","Indicateurs macro","AZE","Azerbaïdjan","6110","Valeur US$","22008","Produit Intérieur Brut","2018","2018","Millions d’USD","47112.479289","X","Chiffre de source externe",""
"MK","Indicateurs macro","AZE","Azerbaïdjan","6119","Valeur US$ par habitant","22008","Produit Intérieur Brut","2018","2018","USD","4692.578739","X","Chiffre de source externe",""
"MK","Indicateurs macro","AZE","Azerbaïdjan","6129","Croissance annuelle US$","22008","Produit Intérieur Brut","2018","2018","%","15.283489","X","Chiffre de source externe",""
"MK","Indicateurs macro","AZE","Azerbaïdjan","61290","Croissance annuelle US$ par habitant","22008","Produit Intérieur Brut","2018","2018","%","14.465062","X","Chiffre de source externe",""
"MK","Indicateurs macro","BHS","Bahamas","6110","Valeur US$","22008","Produit Intérieur Brut","2018","2018","Millions d’USD","12615.806799","X","Chiffre de source externe",""
"MK","Indicateurs macro","BHS","Bahamas","6119","Valeur US$ par habitant","22008","Produit Intérieur Brut","2018","2018","USD","32124.381519","X","Chiffre de source externe",""
"MK","Indicateurs macro","BHS","Bahamas","6129","Croissance annuelle US$","22008","Produit Intérieur Brut","2018","2018","%","3.098287","X","Chiffre de source externe",""
"MK","Indicateurs macro","BHS","Bahamas","61290","Croissance annuelle US$ par habitant","22008","Produit Intérieur Brut","2018","2018","%","2.512199","X","Chiffre de source externe",""
"MK","Indicateurs macro","BHR","Bahreïn","6110","Valeur US$","22008","Produit Intérieur Brut","2018","2018","Millions d’USD","37801.861702","X","Chiffre de source externe",""
"MK","Indicateurs macro","BHR","Bahreïn","6119","Valeur US$ par habitant","22008","Produit Intérieur Brut","2018","2018","USD","25241.197951","X","Chiffre de source externe",""
"MK","Indicateurs macro","BHR","Bahreïn","6129","Croissance annuelle US$","22008","Produit Intérieur Brut","2018","2018","%","6.563154","X","Chiffre de source externe",""
"MK","Indicateurs macro","BHR","Bahreïn","61290","Croissance annuelle US$ par habitant","22008","Produit Intérieur Brut","2018","2018","%","5.45097","X","Chiffre de source externe",""
"MK","Indicateurs macro","BGD","Bangladesh","6110","Valeur US$","22008","Produit Intérieur Brut","2018","2018","Millions d’USD","316205.585001","X","Chiffre de source externe",""
"MK","Indicateurs macro","BGD","Bangladesh","6119","Valeur US$ par habitant","22008","Produit Intérieur Brut","2018","2018","USD","1933.705869","X","Chiffre de source externe",""
"MK","Indicateurs macro","BGD","Bangladesh","6129","Croissance annuelle US$","22008","Produit Intérieur Brut","2018","2018","%","9.429594","X","Chiffre de source externe",""
"MK","Indicateurs macro","BGD","Bangladesh","61290","Croissance annuelle US$ par habitant","22008","Produit Intérieur Brut","2018","2018","%","8.534903","X","Chiffre de source externe",""
"MK","Indicateurs macro","BRB","Barbade","6110","Valeur US$","22008","Produit Intérieur Brut","2018","2018","Millions d’USD","5629.916177","X","Chiffre de source externe",""
"MK","Indicateurs macro","BRB","Barbade","6119","Valeur US$ par habitant","22008","Produit Intérieur Brut","2018","2018","USD","20055.951512","X","Chiffre de source externe",""
"MK","Indicateurs macro","BRB","Barbade","6129","Croissance annuelle US$","22008","Produit Intérieur Brut","2018","2018","%","2.040398","X","Chiffre de source externe",""
"MK","Indicateurs macro","BRB","Barbade","61290","Croissance annuelle US$ par habitant","22008","Produit Intérieur Brut","2018","2018","%","1.844286","X","Chiffre de source externe",""
"MK","Indicateurs macro","BLR","Bélarus","6110","Valeur US$","22008","Produit Intérieur Brut","2018","2018","Millions d’USD","60031.016756","X","Chiffre de source externe",""
"MK","Indicateurs macro","BLR","Bélarus","6119","Valeur US$ par habitant","22008","Produit Intérieur Brut","2018","2018","USD","6332.365027","X","Chiffre de source externe",""
"MK","Indicateurs macro","BLR","Bélarus","6129","Croissance annuelle US$","22008","Produit Intérieur Brut","2018","2018","%","9.69495","X","Chiffre de source externe",""
"MK","Indicateurs macro","BLR","Bélarus","61290","Croissance annuelle US$ par habitant","22008","Produit Intérieur Brut","2018","2018","%","9.877294","X","Chiffre de source externe",""
"MK","Indicateurs macro","BEL","Belgique","6110","Valeur US$","22008","Produit Intérieur Brut","2018","2018","Millions d’USD","542638.913428","X","Chiffre de source externe",""
"MK","Indicateurs macro","BEL","Belgique","6119","Valeur US$ par habitant","22008","Produit Intérieur Brut","2018","2018","USD","47480.76545","X","Chiffre de source externe",""
"MK","Indicateurs macro","BEL","Belgique","6129","Croissance annuelle US$","22008","Produit Intérieur Brut","2018","2018","%","8.330888","X","Chiffre de source externe",""
"MK","Indicateurs macro","BEL","Belgique","61290","Croissance annuelle US$ par habitant","22008","Produit Intérieur Brut","2018","2018","%","7.837751","X","Chiffre de source externe",""
"MK","Indicateurs macro","BLZ","Belize","6110","Valeur US$","22008","Produit Intérieur Brut","2018","2018","Millions d’USD","2307.987003","X","Chiffre de source externe",""
"MK","Indicateurs macro","BLZ","Belize","6119","Valeur US$ par habitant","22008","Produit Intérieur Brut","2018","2018","USD","6070.031948","X","Chiffre de source externe",""
"MK","Indicateurs macro","BLZ","Belize","6129","Croissance annuelle US$","22008","Produit Intérieur Brut","2018","2018","%","1.171641","X","Chiffre de source externe",""
"MK","Indicateurs macro","BLZ","Belize","61290","Croissance annuelle US$ par habitant","22008","Produit Intérieur Brut","2018","2018","%","-0.697589","X","Chiffre de source externe",""
"MK","Indicateurs macro","BEN","Bénin","6110","Valeur US$","22008","Produit Intérieur Brut","2018","2018","Millions d’USD","14262.40808","X","Chiffre de source externe",""
"MK","Indicateurs macro","BEN","Bénin","6119","Valeur US$ par habitant","22008","Produit Intérieur Brut","2018","2018","USD","1151.740923","X","Chiffre de source externe",""
"MK","Indicateurs macro","BEN","Bénin","6129","Croissance annuelle US$","22008","Produit Intérieur Brut","2018","2018","%","12.287786","X","Chiffre de source externe",""
"MK","Indicateurs macro","BEN","Bénin","61290","Croissance annuelle US$ par habitant","22008","Produit Intérieur Brut","2018","2018","%","9.172438","X","Chiffre de source externe",""
"MK","Indicateurs macro","BMU","Bermudes","6110","Valeur US$","22008","Produit Intérieur Brut","2018","2018","Millions d’USD","7225.976889","X","Chiffre de source externe",""
"MK","Indicateurs macro","BMU","Bermudes","6119","Valeur US$ par habitant","22008","Produit Intérieur Brut","2018","2018","USD","113204.820369","X","Chiffre de source externe",""
"MK","Indicateurs macro","BMU","Bermudes","6129","Croissance annuelle US$","22008","Produit Intérieur Brut","2018","2018","%","1.494964","X","Chiffre de source externe",""
"MK","Indicateurs macro","BMU","Bermudes","61290","Croissance annuelle US$ par habitant","22008","Produit Intérieur Brut","2018","2018","%","1.093475","X","Chiffre de source externe",""
"MK","Indicateurs macro","BTN","Bhoutan","6110","Valeur US$","22008","Produit Intérieur Brut","2018","2018","Millions d’USD","2583.335718","X","Chiffre de source externe",""
"MK","Indicateurs macro","BTN","Bhoutan","6119","Valeur US$ par habitant","22008","Produit Intérieur Brut","2018","2018","USD","3400.204167","X","Chiffre de source externe",""
"MK","Indicateurs macro","BTN","Bhoutan","6129","Croissance annuelle US$","22008","Produit Intérieur Brut","2018","2018","%","-0.309579","X","Chiffre de source externe",""
"MK","Indicateurs macro","BTN","Bhoutan","61290","Croissance annuelle US$ par habitant","22008","Produit Intérieur Brut","2018","2018","%","-1.021345","X","Chiffre de source externe",""
"MK","Indicateurs macro","BOL","Bolivie (État plurinational de)","6110","Valeur US$","22008","Produit Intérieur Brut","2018","2018","Millions d’USD","40287.647931","X","Chiffre de source externe",""
"MK","Indicateurs macro","BOL","Bolivie (État plurinational de)","6119","Valeur US$ par habitant","22008","Produit Intérieur Brut","2018","2018","USD","3500.726422","X","Chiffre de source externe",""
"MK","Indicateurs macro","BOL","Bolivie (État plurinational de)","6129","Croissance annuelle US$","22008","Produit Intérieur Brut","2018","2018","%","7.408857","X","Chiffre de source externe",""
"MK","Indicateurs macro","BOL","Bolivie (État plurinational de)","61290","Croissance annuelle US$ par habitant","22008","Produit Intérieur Brut","2018","2018","%","5.880276","X","Chiffre de source externe",""
"MK","Indicateurs macro","BIH","Bosnie-Herzégovine","6110","Valeur US$","22008","Produit Intérieur Brut","2018","2018","Millions d’USD","20484.052605","X","Chiffre de source externe",""
"MK","Indicateurs macro","BIH","Bosnie-Herzégovine","6119","Valeur US$ par habitant","22008","Produit Intérieur Brut","2018","2018","USD","6047.845469","X","Chiffre de source externe",""
"MK","Indicateurs macro","BIH","Bosnie-Herzégovine","6129","Croissance annuelle US$","22008","Produit Intérieur Brut","2018","2018","%","11.773611","X","Chiffre de source externe",""
"MK","Indicateurs macro","BIH","Bosnie-Herzégovine","61290","Croissance annuelle US$ par habitant","22008","Produit Intérieur Brut","2018","2018","%","13.149166","X","Chiffre de source externe",""
"MK","Indicateurs macro","BWA","Botswana","6110","Valeur US$","22008","Produit Intérieur Brut","2018","2018","Millions d’USD","17031.90449","X","Chiffre de source externe",""
"MK","Indicateurs macro","BWA","Botswana","6119","Valeur US$ par habitant","22008","Produit Intérieur Brut","2018","2018","USD","7407.942571","X","Chiffre de source externe",""
"MK","Indicateurs macro","BWA","Botswana","6129","Croissance annuelle US$","22008","Produit Intérieur Brut","2018","2018","%","5.754206","X","Chiffre de source externe",""
"MK","Indicateurs macro","BWA","Botswana","61290","Croissance annuelle US$ par habitant","22008","Produit Intérieur Brut","2018","2018","%","4.264171","X","Chiffre de source externe",""
"MK","Indicateurs macro","BRA","Brésil","6110","Valeur US$","22008","Produit Intérieur Brut","2018","2018","Millions d’USD","1916933.708375","X","Chiffre de source externe",""
"MK","Indicateurs macro","BRA","Brésil","6119","Valeur US$ par habitant","22008","Produit Intérieur Brut","2018","2018","USD","9300.660752","X","Chiffre de source externe",""
"MK","Indicateurs macro","BRA","Brésil","6129","Croissance annuelle US$","22008","Produit Intérieur Brut","2018","2018","%","-7.103462","X","Chiffre de source externe",""
"MK","Indicateurs macro","BRA","Brésil","61290","Croissance annuelle US$ par habitant","22008","Produit Intérieur Brut","2018","2018","%","-7.736189","X","Chiffre de source externe",""
"MK","Indicateurs macro","BRN","Brunéi Darussalam","6110","Valeur US$","22008","Produit Intérieur Brut","2018","2018","Millions d’USD","13566.912772","X","Chiffre de source externe",""
"MK","Indicateurs macro","BRN","Brunéi Darussalam","6119","Valeur US$ par habitant","22008","Produit Intérieur Brut","2018","2018","USD","30988.164424","X","Chiffre de source externe",""
"MK","Indicateurs macro","BRN","Brunéi Darussalam","6129","Croissance annuelle US$","22008","Produit Intérieur Brut","2018","2018","%","11.86285","X","Chiffre de source externe",""
"MK","Indicateurs macro","BRN","Brunéi Darussalam","61290","Croissance annuelle US$ par habitant","22008","Produit Intérieur Brut","2018","2018","%","10.575739","X","Chiffre de source externe",""
"MK","Indicateurs macro","BGR","Bulgarie","6110","Valeur US$","22008","Produit Intérieur Brut","2018","2018","Millions d’USD","66251.595363","X","Chiffre de source externe",""
"MK","Indicateurs macro","BGR","Bulgarie","6119","Valeur US$ par habitant","22008","Produit Intérieur Brut","2018","2018","USD","9431.17375","X","Chiffre de source externe",""
"MK","Indicateurs macro","BGR","Bulgarie","6129","Croissance annuelle US$","22008","Produit Intérieur Brut","2018","2018","%","11.972693","X","Chiffre de source externe",""
"MK","Indicateurs macro","BGR","Bulgarie","61290","Croissance annuelle US$ par habitant","22008","Produit Intérieur Brut","2018","2018","%","12.783867","X","Chiffre de source externe",""
"MK","Indicateurs macro","BFA","Burkina Faso","6110","Valeur US$","22008","Produit Intérieur Brut","2018","2018","Millions d’USD","15890.06621","X","Chiffre de source externe",""
"MK","Indicateurs macro","BFA","Burkina Faso","6119","Valeur US$ par habitant","22008","Produit Intérieur Brut","2018","2018","USD","777.465618","X","Chiffre de source externe",""
"MK","Indicateurs macro","BFA","Burkina Faso","6129","Croissance annuelle US$","22008","Produit Intérieur Brut","2018","2018","%","12.639939","X","Chiffre de source externe",""
"MK","Indicateurs macro","BFA","Burkina Faso","61290","Croissance annuelle US$ par habitant","22008","Produit Intérieur Brut","2018","2018","%","9.64249","X","Chiffre de source externe",""
"MK","Indicateurs macro","BDI","Burundi","6110","Valeur US$","22008","Produit Intérieur Brut","2018","2018","Millions d’USD","3317.319375","X","Chiffre de source externe",""
"MK","Indicateurs macro","BDI","Burundi","6119","Valeur US$ par habitant","22008","Produit Intérieur Brut","2018","2018","USD","279.71959","X","Chiffre de source externe",""
"MK","Indicateurs macro","BDI","Burundi","6129","Croissance annuelle US$","22008","Produit Intérieur Brut","2018","2018","%","0.591072","X","Chiffre de source externe",""
"MK","Indicateurs macro","BDI","Burundi","61290","Croissance annuelle US$ par habitant","22008","Produit Intérieur Brut","2018","2018","%","-2.400372","X","Chiffre de source externe",""
"MK","Indicateurs macro","CPV","Cabo Verde","6110","Valeur US$","22008","Produit Intérieur Brut","2018","2018","Millions d’USD","2205.099509","X","Chiffre de source externe",""
"MK","Indicateurs macro","CPV","Cabo Verde","6119","Valeur US$ par habitant","22008","Produit Intérieur Brut","2018","2018","USD","4294.965105","X","Chiffre de source externe",""
"MK","Indicateurs macro","CPV","Cabo Verde","6129","Croissance annuelle US$","22008","Produit Intérieur Brut","2018","2018","%","10.434899","X","Chiffre de source externe",""
"MK","Indicateurs macro","CPV","Cabo Verde","61290","Croissance annuelle US$ par habitant","22008","Produit Intérieur Brut","2018","2018","%","10.322618","X","Chiffre de source externe",""
"MK","Indicateurs macro","KHM","Cambodge","6110","Valeur US$","22008","Produit Intérieur Brut","2018","2018","Millions d’USD","32803.7682","X","Chiffre de source externe",""
"MK","Indicateurs macro","KHM","Cambodge","6119","Valeur US$ par habitant","22008","Produit Intérieur Brut","2018","2018","USD","2015.651778","X","Chiffre de source externe",""
"MK","Indicateurs macro","KHM","Cambodge","6129","Croissance annuelle US$","22008","Produit Intérieur Brut","2018","2018","%","12.793928","X","Chiffre de source externe",""
"MK","Indicateurs macro","KHM","Cambodge","61290","Croissance annuelle US$ par habitant","22008","Produit Intérieur Brut","2018","2018","%","11.399823","X","Chiffre de source externe",""
"MK","Indicateurs macro","CMR","Cameroun","6110","Valeur US$","22008","Produit Intérieur Brut","2018","2018","Millions d’USD","39973.842059","X","Chiffre de source externe",""
"MK","Indicateurs macro","CMR","Cameroun","6119","Valeur US$ par habitant","22008","Produit Intérieur Brut","2018","2018","USD","1611.433721","X","Chiffre de source externe",""
"MK","Indicateurs macro","CMR","Cameroun","6129","Croissance annuelle US$","22008","Produit Intérieur Brut","2018","2018","%","10.735321","X","Chiffre de source externe",""
"MK","Indicateurs macro","CMR","Cameroun","61290","Croissance annuelle US$ par habitant","22008","Produit Intérieur Brut","2018","2018","%","7.709713","X","Chiffre de source externe",""
"MK","Indicateurs macro","CAN","Canada","6110","Valeur US$","22008","Produit Intérieur Brut","2018","2018","Millions d’USD","1725300.253576","X","Chiffre de source externe",""
"MK","Indicateurs macro","CAN","Canada","6119","Valeur US$ par habitant","22008","Produit Intérieur Brut","2018","2018","USD","46260.893478","X","Chiffre de source externe",""
"MK","Indicateurs macro","CAN","Canada","6129","Croissance annuelle US$","22008","Produit Intérieur Brut","2018","2018","%","4.61021","X","Chiffre de source externe",""
"MK","Indicateurs macro","CAN","Canada","61290","Croissance annuelle US$ par habitant","22008","Produit Intérieur Brut","2018","2018","%","3.245583","X","Chiffre de source externe",""
"MK","Indicateurs macro","CHL","Chili","6110","Valeur US$","22008","Produit Intérieur Brut","2018","2018","Millions d’USD","295402.646018","X","Chiffre de source externe",""
"MK","Indicateurs macro","CHL","Chili","6119","Valeur US$ par habitant","22008","Produit Intérieur Brut","2018","2018","USD","15635.402512","X","Chiffre de source externe",""
"MK","Indicateurs macro","CHL","Chili","6129","Croissance annuelle US$","22008","Produit Intérieur Brut","2018","2018","%","6.888612","X","Chiffre de source externe",""
"MK","Indicateurs macro","CHL","Chili","61290","Croissance annuelle US$ par habitant","22008","Produit Intérieur Brut","2018","2018","%","4.99717","X","Chiffre de source externe",""
"MK","Indicateurs macro","HKG","Chine - RAS de Hong-Kong","6110","Valeur US$","22008","Produit Intérieur Brut","2018","2018","Millions d’USD","361731.070996","X","Chiffre de source externe",""
"MK","Indicateurs macro","HKG","Chine - RAS de Hong-Kong","6119","Valeur US$ par habitant","22008","Produit Intérieur Brut","2018","2018","USD","48416.771831","X","Chiffre de source externe",""
"MK","Indicateurs macro","HKG","Chine - RAS de Hong-Kong","6129","Croissance annuelle US$","22008","Produit Intérieur Brut","2018","2018","%","5.995225","X","Chiffre de source externe",""
"MK","Indicateurs macro","HKG","Chine - RAS de Hong-Kong","61290","Croissance annuelle US$ par habitant","22008","Produit Intérieur Brut","2018","2018","%","5.622074","X","Chiffre de source externe",""
"MK","Indicateurs macro","MAC","Chine - RAS de Macao","6110","Valeur US$","22008","Produit Intérieur Brut","2018","2018","Millions d’USD","55190.658491","X","Chiffre de source externe",""
"MK","Indicateurs macro","MAC","Chine - RAS de Macao","6119","Valeur US$ par habitant","22008","Produit Intérieur Brut","2018","2018","USD","83778.087853","X","Chiffre de source externe",""
"MK","Indicateurs macro","MAC","Chine - RAS de Macao","6129","Croissance annuelle US$","22008","Produit Intérieur Brut","2018","2018","%","9.54033","X","Chiffre de source externe",""
"MK","Indicateurs macro","MAC","Chine - RAS de Macao","61290","Croissance annuelle US$ par habitant","22008","Produit Intérieur Brut","2018","2018","%","7.508809","X","Chiffre de source externe",""
"MK","Indicateurs macro","CHN","Chine, continentale","6110","Valeur US$","22008","Produit Intérieur Brut","2018","2018","Millions d’USD","13894907.046052","X","Chiffre de source externe",""
"MK","Indicateurs macro","CHN","Chine, continentale","6119","Valeur US$ par habitant","22008","Produit Intérieur Brut","2018","2018","USD","9791.979809","X","Chiffre de source externe",""
"MK","Indicateurs macro","CHN","Chine, continentale","6129","Croissance annuelle US$","22008","Produit Intérieur Brut","2018","2018","%","12.870459","X","Chiffre de source externe",""
"MK","Indicateurs macro","CHN","Chine, continentale","61290","Croissance annuelle US$ par habitant","22008","Produit Intérieur Brut","2018","2018","%","12.34117","X","Chiffre de source externe",""
"MK","Indicateurs macro","CYP","Chypre","6110","Valeur US$","22008","Produit Intérieur Brut","2018","2018","Millions d’USD","25754.019759","X","Chiffre de source externe",""
"MK","Indicateurs macro","CYP","Chypre","6119","Valeur US$ par habitant","22008","Produit Intérieur Brut","2018","2018","USD","20266.986501","X","Chiffre de source externe",""
"MK","Indicateurs macro","CYP","Chypre","6129","Croissance annuelle US$","22008","Produit Intérieur Brut","2018","2018","%","12.234892","X","Chiffre de source externe",""
"MK","Indicateurs macro","CYP","Chypre","61290","Croissance annuelle US$ par habitant","22008","Produit Intérieur Brut","2018","2018","%","10.780924","X","Chiffre de source externe",""
"MK","Indicateurs macro","COL","Colombie","6110","Valeur US$","22008","Produit Intérieur Brut","2018","2018","Millions d’USD","334198.218101","X","Chiffre de source externe",""
"MK","Indicateurs macro","COL","Colombie","6119","Valeur US$ par habitant","22008","Produit Intérieur Brut","2018","2018","USD","6816.968114","X","Chiffre de source externe",""
"MK","Indicateurs macro","COL","Colombie","6129","Croissance annuelle US$","22008","Produit Intérieur Brut","2018","2018","%","7.160537","X","Chiffre de source externe",""
"MK","Indicateurs macro","COL","Colombie","61290","Croissance annuelle US$ par habitant","22008","Produit Intérieur Brut","2018","2018","%","5.207718","X","Chiffre de source externe",""
"MK","Indicateurs macro","COM","Comores","6110","Valeur US$","22008","Produit Intérieur Brut","2018","2018","Millions d’USD","1188.79745","X","Chiffre de source externe",""
"MK","Indicateurs macro","COM","Comores","6119","Valeur US$ par habitant","22008","Produit Intérieur Brut","2018","2018","USD","1540.711323","X","Chiffre de source externe",""
"MK","Indicateurs macro","COM","Comores","6129","Croissance annuelle US$","22008","Produit Intérieur Brut","2018","2018","%","10.335399","X","Chiffre de source externe",""
"MK","Indicateurs macro","COM","Comores","61290","Croissance annuelle US$ par habitant","22008","Produit Intérieur Brut","2018","2018","%","8.201805","X","Chiffre de source externe",""
"MK","Indicateurs macro","COG","Congo","6110","Valeur US$","22008","Produit Intérieur Brut","2018","2018","Millions d’USD","14773.900278","X","Chiffre de source externe",""
"MK","Indicateurs macro","COG","Congo","6119","Valeur US$ par habitant","22008","Produit Intérieur Brut","2018","2018","USD","2694.43413","X","Chiffre de source externe",""
"MK","Indicateurs macro","COG","Congo","6129","Croissance annuelle US$","22008","Produit Intérieur Brut","2018","2018","%","24.837838","X","Chiffre de source externe",""
"MK","Indicateurs macro","COG","Congo","61290","Croissance annuelle US$ par habitant","22008","Produit Intérieur Brut","2018","2018","%","21.830069","X","Chiffre de source externe",""
"MK","Indicateurs macro","CRI","Costa Rica","6110","Valeur US$","22008","Produit Intérieur Brut","2018","2018","Millions d’USD","62420.164965","X","Chiffre de source externe",""
"MK","Indicateurs macro","CRI","Costa Rica","6119","Valeur US$ par habitant","22008","Produit Intérieur Brut","2018","2018","USD","12590.249373","X","Chiffre de source externe",""
"MK","Indicateurs macro","CRI","Costa Rica","6129","Croissance annuelle US$","22008","Produit Intérieur Brut","2018","2018","%","3.146472","X","Chiffre de source externe",""
"MK","Indicateurs macro","CRI","Costa Rica","61290","Croissance annuelle US$ par habitant","22008","Produit Intérieur Brut","2018","2018","%","2.217724","X","Chiffre de source externe",""
"MK","Indicateurs macro","CIV","Côte d'Ivoire","6110","Valeur US$","22008","Produit Intérieur Brut","2018","2018","Millions d’USD","58522.477745","X","Chiffre de source externe",""
"MK","Indicateurs macro","CIV","Côte d'Ivoire","6119","Valeur US$ par habitant","22008","Produit Intérieur Brut","2018","2018","USD","2130.866231","X","Chiffre de source externe",""
"MK","Indicateurs macro","CIV","Côte d'Ivoire","6129","Croissance annuelle US$","22008","Produit Intérieur Brut","2018","2018","%","11.445183","X","Chiffre de source externe",""
"MK","Indicateurs macro","CIV","Côte d'Ivoire","61290","Croissance annuelle US$ par habitant","22008","Produit Intérieur Brut","2018","2018","%","8.47971","X","Chiffre de source externe",""
"MK","Indicateurs macro","HRV","Croatie","6110","Valeur US$","22008","Produit Intérieur Brut","2018","2018","Millions d’USD","62657.499599","X","Chiffre de source externe",""
"MK","Indicateurs macro","HRV","Croatie","6119","Valeur US$ par habitant","22008","Produit Intérieur Brut","2018","2018","USD","15567.591185","X","Chiffre de source externe",""
"MK","Indicateurs macro","HRV","Croatie","6129","Croissance annuelle US$","22008","Produit Intérieur Brut","2018","2018","%","10.754477","X","Chiffre de source externe",""
"MK","Indicateurs macro","HRV","Croatie","61290","Croissance annuelle US$ par habitant","22008","Produit Intérieur Brut","2018","2018","%","12.24956","X","Chiffre de source externe",""
"MK","Indicateurs macro","CUB","Cuba","6110","Valeur US$","22008","Produit Intérieur Brut","2018","2018","Millions d’USD","100050","X","Chiffre de source externe",""
"MK","Indicateurs macro","CUB","Cuba","6119","Valeur US$ par habitant","22008","Produit Intérieur Brut","2018","2018","USD","8911.459241","X","Chiffre de source externe",""
"MK","Indicateurs macro","CUB","Cuba","6129","Croissance annuelle US$","22008","Produit Intérieur Brut","2018","2018","%","3.303012","X","Chiffre de source externe",""
"MK","Indicateurs macro","CUB","Cuba","61290","Croissance annuelle US$ par habitant","22008","Produit Intérieur Brut","2018","2018","%","3.493583","X","Chiffre de source externe",""
"MK","Indicateurs macro","CUW","Curaçao","6110","Valeur US$","22008","Produit Intérieur Brut","2018","2018","Millions d’USD","3046.36482","X","Chiffre de source externe",""
"MK","Indicateurs macro","CUW","Curaçao","6119","Valeur US$ par habitant","22008","Produit Intérieur Brut","2018","2018","USD","16776.660983","X","Chiffre de source externe",""
"MK","Indicateurs macro","CUW","Curaçao","6129","Croissance annuelle US$","22008","Produit Intérieur Brut","2018","2018","%","0.426302","X","Chiffre de source externe",""
"MK","Indicateurs macro","CUW","Curaçao","61290","Croissance annuelle US$ par habitant","22008","Produit Intérieur Brut","2018","2018","%","-6.800791","X","Chiffre de source externe",""
"MK","Indicateurs macro","DNK","Danemark","6110","Valeur US$","22008","Produit Intérieur Brut","2018","2018","Millions d’USD","355293.374912","X","Chiffre de source externe",""
"MK","Indicateurs macro","DNK","Danemark","6119","Valeur US$ par habitant","22008","Produit Intérieur Brut","2018","2018","USD","61322.771325","X","Chiffre de source externe",""
"MK","Indicateurs macro","DNK","Danemark","6129","Croissance annuelle US$","22008","Produit Intérieur Brut","2018","2018","%","7.141744","X","Chiffre de source externe",""
"MK","Indicateurs macro","DNK","Danemark","61290","Croissance annuelle US$ par habitant","22008","Produit Intérieur Brut","2018","2018","%","6.611817","X","Chiffre de source externe",""
"MK","Indicateurs macro","DJI","Djibouti","6110","Valeur US$","22008","Produit Intérieur Brut","2018","2018","Millions d’USD","2913.465488","X","Chiffre de source externe",""
"MK","Indicateurs macro","DJI","Djibouti","6119","Valeur US$ par habitant","22008","Produit Intérieur Brut","2018","2018","USD","2718.084162","X","Chiffre de source externe",""
"MK","Indicateurs macro","DJI","Djibouti","6129","Croissance annuelle US$","22008","Produit Intérieur Brut","2018","2018","%","5.461648","X","Chiffre de source externe",""
"MK","Indicateurs macro","DJI","Djibouti","61290","Croissance annuelle US$ par habitant","22008","Produit Intérieur Brut","2018","2018","%","3.784948","X","Chiffre de source externe",""
"MK","Indicateurs macro","DMA","Dominique","6110","Valeur US$","22008","Produit Intérieur Brut","2018","2018","Millions d’USD","554.77037","X","Chiffre de source externe",""
"MK","Indicateurs macro","DMA","Dominique","6119","Valeur US$ par habitant","22008","Produit Intérieur Brut","2018","2018","USD","8137.505524","X","Chiffre de source externe",""
"MK","Indicateurs macro","DMA","Dominique","6129","Croissance annuelle US$","22008","Produit Intérieur Brut","2018","2018","%","6.543186","X","Chiffre de source externe",""
"MK","Indicateurs macro","DMA","Dominique","61290","Croissance annuelle US$ par habitant","22008","Produit Intérieur Brut","2018","2018","%","7.046408","X","Chiffre de source externe",""
"MK","Indicateurs macro","EGY","Égypte","6110","Valeur US$","22008","Produit Intérieur Brut","2018","2018","Millions d’USD","262628.678275","X","Chiffre de source externe",""
"MK","Indicateurs macro","EGY","Égypte","6119","Valeur US$ par habitant","22008","Produit Intérieur Brut","2018","2018","USD","2485.082095","X","Chiffre de source externe",""
"MK","Indicateurs macro","EGY","Égypte","6129","Croissance annuelle US$","22008","Produit Intérieur Brut","2018","2018","%","27.744284","X","Chiffre de source externe",""
"MK","Indicateurs macro","EGY","Égypte","61290","Croissance annuelle US$ par habitant","22008","Produit Intérieur Brut","2018","2018","%","25.343643","X","Chiffre de source externe",""
"MK","Indicateurs macro","SLV","El Salvador","6110","Valeur US$","22008","Produit Intérieur Brut","2018","2018","Millions d’USD","26020.853736","X","Chiffre de source externe",""
"MK","Indicateurs macro","SLV","El Salvador","6119","Valeur US$ par habitant","22008","Produit Intérieur Brut","2018","2018","USD","4183.546474","X","Chiffre de source externe",""
"MK","Indicateurs macro","SLV","El Salvador","6129","Croissance annuelle US$","22008","Produit Intérieur Brut","2018","2018","%","4.170126","X","Chiffre de source externe",""
"MK","Indicateurs macro","SLV","El Salvador","61290","Croissance annuelle US$ par habitant","22008","Produit Intérieur Brut","2018","2018","%","4.065048","X","Chiffre de source externe",""
"MK","Indicateurs macro","ARE","Émirats arabes unis","6110","Valeur US$","22008","Produit Intérieur Brut","2018","2018","Millions d’USD","427049.44846","X","Chiffre de source externe",""
"MK","Indicateurs macro","ARE","Émirats arabes unis","6119","Valeur US$ par habitant","22008","Produit Intérieur Brut","2018","2018","USD","45689.032634","X","Chiffre de source externe",""
"MK","Indicateurs macro","ARE","Émirats arabes unis","6129","Croissance annuelle US$","22008","Produit Intérieur Brut","2018","2018","%","9.354948","X","Chiffre de source externe",""
"MK","Indicateurs macro","ARE","Émirats arabes unis","61290","Croissance annuelle US$ par habitant","22008","Produit Intérieur Brut","2018","2018","%","8.038236","X","Chiffre de source externe",""
"MK","Indicateurs macro","ECU","Équateur","6110","Valeur US$","22008","Produit Intérieur Brut","2018","2018","Millions d’USD","107478.961","X","Chiffre de source externe",""
"MK","Indicateurs macro","ECU","Équateur","6119","Valeur US$ par habitant","22008","Produit Intérieur Brut","2018","2018","USD","6303.919051","X","Chiffre de source externe",""
"MK","Indicateurs macro","ECU","Équateur","6129","Croissance annuelle US$","22008","Produit Intérieur Brut","2018","2018","%","2.882691","X","Chiffre de source externe",""
"MK","Indicateurs macro","ECU","Équateur","61290","Croissance annuelle US$ par habitant","22008","Produit Intérieur Brut","2018","2018","%","1.132571","X","Chiffre de source externe",""
"MK","Indicateurs macro","ERI","Érythrée","6110","Valeur US$","22008","Produit Intérieur Brut","2018","2018","Millions d’USD","2005.658375","X","Chiffre de source externe",""
"MK","Indicateurs macro","ERI","Érythrée","6119","Valeur US$ par habitant","22008","Produit Intérieur Brut","2018","2018","USD","628.189423","X","Chiffre de source externe",""
"MK","Indicateurs macro","ERI","Érythrée","6129","Croissance annuelle US$","22008","Produit Intérieur Brut","2018","2018","%","5.341035","X","Chiffre de source externe",""
"MK","Indicateurs macro","ERI","Érythrée","61290","Croissance annuelle US$ par habitant","22008","Produit Intérieur Brut","2018","2018","%","3.941656","X","Chiffre de source externe",""
"MK","Indicateurs macro","ESP","Espagne","6110","Valeur US$","22008","Produit Intérieur Brut","2018","2018","Millions d’USD","1431642.809327","X","Chiffre de source externe",""
"MK","Indicateurs macro","ESP","Espagne","6119","Valeur US$ par habitant","22008","Produit Intérieur Brut","2018","2018","USD","30400.447009","X","Chiffre de source externe",""
"MK","Indicateurs macro","ESP","Espagne","6129","Croissance annuelle US$","22008","Produit Intérieur Brut","2018","2018","%","8.313855","X","Chiffre de source externe",""
"MK","Indicateurs macro","ESP","Espagne","61290","Croissance annuelle US$ par habitant","22008","Produit Intérieur Brut","2018","2018","%","7.798135","X","Chiffre de source externe",""
"MK","Indicateurs macro","EST","Estonie","6110","Valeur US$","22008","Produit Intérieur Brut","2018","2018","Millions d’USD","31222.632741","X","Chiffre de source externe",""
"MK","Indicateurs macro","EST","Estonie","6119","Valeur US$ par habitant","22008","Produit Intérieur Brut","2018","2018","USD","23618.35945","X","Chiffre de source externe",""
"MK","Indicateurs macro","EST","Estonie","6129","Croissance annuelle US$","22008","Produit Intérieur Brut","2018","2018","%","13.663066","X","Chiffre de source externe",""
"MK","Indicateurs macro","EST","Estonie","61290","Croissance annuelle US$ par habitant","22008","Produit Intérieur Brut","2018","2018","%","13.272715","X","Chiffre de source externe",""
"MK","Indicateurs macro","SWZ","Eswatini","6110","Valeur US$","22008","Produit Intérieur Brut","2018","2018","Millions d’USD","4668.774864","X","Chiffre de source externe",""
"MK","Indicateurs macro","SWZ","Eswatini","6119","Valeur US$ par habitant","22008","Produit Intérieur Brut","2018","2018","USD","3994.060261","X","Chiffre de source externe",""
"MK","Indicateurs macro","SWZ","Eswatini","6129","Croissance annuelle US$","22008","Produit Intérieur Brut","2018","2018","%","5.992426","X","Chiffre de source externe",""
"MK","Indicateurs macro","SWZ","Eswatini","61290","Croissance annuelle US$ par habitant","22008","Produit Intérieur Brut","2018","2018","%","5.019032","X","Chiffre de source externe",""
"MK","Indicateurs macro","USA","États-Unis d'Amérique","6110","Valeur US$","22008","Produit Intérieur Brut","2018","2018","Millions d’USD","20656516","X","Chiffre de source externe",""
"MK","Indicateurs macro","USA","États-Unis d'Amérique","6119","Valeur US$ par habitant","22008","Produit Intérieur Brut","2018","2018","USD","61650.844422","X","Chiffre de source externe",""
"MK","Indicateurs macro","USA","États-Unis d'Amérique","6129","Croissance annuelle US$","22008","Produit Intérieur Brut","2018","2018","%","5.325355","X","Chiffre de source externe",""
"MK","Indicateurs macro","USA","États-Unis d'Amérique","61290","Croissance annuelle US$ par habitant","22008","Produit Intérieur Brut","2018","2018","%","4.428877","X","Chiffre de source externe",""
"MK","Indicateurs macro","ETH","Éthiopie","6110","Valeur US$","22008","Produit Intérieur Brut","2018","2018","Millions d’USD","80210.324516","X","Chiffre de source externe",""
"MK","Indicateurs macro","ETH","Éthiopie","6119","Valeur US$ par habitant","22008","Produit Intérieur Brut","2018","2018","USD","711.941844","X","Chiffre de source externe",""
"MK","Indicateurs macro","ETH","Éthiopie","6129","Croissance annuelle US$","22008","Produit Intérieur Brut","2018","2018","%","4.447754","X","Chiffre de source externe",""
"MK","Indicateurs macro","ETH","Éthiopie","61290","Croissance annuelle US$ par habitant","22008","Produit Intérieur Brut","2018","2018","%","1.668697","X","Chiffre de source externe",""
"MK","Indicateurs macro","RUS","Fédération de Russie","6110","Valeur US$","22008","Produit Intérieur Brut","2018","2018","Millions d’USD","1657328.764646","X","Chiffre de source externe",""
"MK","Indicateurs macro","RUS","Fédération de Russie","6119","Valeur US$ par habitant","22008","Produit Intérieur Brut","2018","2018","USD","11318.221115","X","Chiffre de source externe",""
"MK","Indicateurs macro","RUS","Fédération de Russie","6129","Croissance annuelle US$","22008","Produit Intérieur Brut","2018","2018","%","5.280742","X","Chiffre de source externe",""
"MK","Indicateurs macro","RUS","Fédération de Russie","61290","Croissance annuelle US$ par habitant","22008","Produit Intérieur Brut","2018","2018","%","5.10578","X","Chiffre de source externe",""
"MK","Indicateurs macro","FJI","Fidji","6110","Valeur US$","22008","Produit Intérieur Brut","2018","2018","Millions d’USD","5581.425889","X","Chiffre de source externe",""
"MK","Indicateurs macro","FJI","Fidji","6119","Valeur US$ par habitant","22008","Produit Intérieur Brut","2018","2018","USD","6085.420407","X","Chiffre de source externe",""
"MK","Indicateurs macro","FJI","Fidji","6129","Croissance annuelle US$","22008","Produit Intérieur Brut","2018","2018","%","4.258127","X","Chiffre de source externe",""
"MK","Indicateurs macro","FJI","Fidji","61290","Croissance annuelle US$ par habitant","22008","Produit Intérieur Brut","2018","2018","%","4.437559","X","Chiffre de source externe",""
"MK","Indicateurs macro","FIN","Finlande","6110","Valeur US$","22008","Produit Intérieur Brut","2018","2018","Millions d’USD","273869.255596","X","Chiffre de source externe",""
"MK","Indicateurs macro","FIN","Finlande","6119","Valeur US$ par habitant","22008","Produit Intérieur Brut","2018","2018","USD","49652.34572","X","Chiffre de source externe",""
"MK","Indicateurs macro","FIN","Finlande","6129","Croissance annuelle US$","22008","Produit Intérieur Brut","2018","2018","%","7.887895","X","Chiffre de source externe",""
"MK","Indicateurs macro","FIN","Finlande","61290","Croissance annuelle US$ par habitant","22008","Produit Intérieur Brut","2018","2018","%","7.744315","X","Chiffre de source externe",""
"MK","Indicateurs macro","FRA","France","6110","Valeur US$","22008","Produit Intérieur Brut","2018","2018","Millions d’USD","2781576.320884","X","Chiffre de source externe",""
"MK","Indicateurs macro","FRA","France","6119","Valeur US$ par habitant","22008","Produit Intérieur Brut","2018","2018","USD","42454.147492","X","Chiffre de source externe",""
"MK","Indicateurs macro","FRA","France","6129","Croissance annuelle US$","22008","Produit Intérieur Brut","2018","2018","%","7.443716","X","Chiffre de source externe",""
"MK","Indicateurs macro","FRA","France","61290","Croissance annuelle US$ par habitant","22008","Produit Intérieur Brut","2018","2018","%","7.058728","X","Chiffre de source externe",""
"MK","Indicateurs macro","GAB","Gabon","6110","Valeur US$","22008","Produit Intérieur Brut","2018","2018","Millions d’USD","16867.33232","X","Chiffre de source externe",""
"MK","Indicateurs macro","GAB","Gabon","6119","Valeur US$ par habitant","22008","Produit Intérieur Brut","2018","2018","USD","7624.281922","X","Chiffre de source externe",""
"MK","Indicateurs macro","GAB","Gabon","6129","Croissance annuelle US$","22008","Produit Intérieur Brut","2018","2018","%","12.978779","X","Chiffre de source externe",""
"MK","Indicateurs macro","GAB","Gabon","61290","Croissance annuelle US$ par habitant","22008","Produit Intérieur Brut","2018","2018","%","10.148714","X","Chiffre de source externe",""
"MK","Indicateurs macro","GMB","Gambie","6110","Valeur US$","22008","Produit Intérieur Brut","2018","2018","Millions d’USD","1667.680799","X","Chiffre de source externe",""
"MK","Indicateurs macro","GMB","Gambie","6119","Valeur US$ par habitant","22008","Produit Intérieur Brut","2018","2018","USD","694.973562","X","Chiffre de source externe",""
"MK","Indicateurs macro","GMB","Gambie","6129","Croissance annuelle US$","22008","Produit Intérieur Brut","2018","2018","%","10.816004","X","Chiffre de source externe",""
"MK","Indicateurs macro","GMB","Gambie","61290","Croissance annuelle US$ par habitant","22008","Produit Intérieur Brut","2018","2018","%","8.163263","X","Chiffre de source externe",""
"MK","Indicateurs macro","GEO","Géorgie","6110","Valeur US$","22008","Produit Intérieur Brut","2018","2018","Millions d’USD","17905.435774","X","Chiffre de source externe",""
"MK","Indicateurs macro","GEO","Géorgie","6119","Valeur US$ par habitant","22008","Produit Intérieur Brut","2018","2018","USD","4718.31782","X","Chiffre de source externe",""
"MK","Indicateurs macro","GEO","Géorgie","6129","Croissance annuelle US$","22008","Produit Intérieur Brut","2018","2018","%","8.69543","X","Chiffre de source externe",""
"MK","Indicateurs macro","GEO","Géorgie","61290","Croissance annuelle US$ par habitant","22008","Produit Intérieur Brut","2018","2018","%","8.637629","X","Chiffre de source externe",""
"MK","Indicateurs macro","GHA","Ghana","6110","Valeur US$","22008","Produit Intérieur Brut","2018","2018","Millions d’USD","67298.913746","X","Chiffre de source externe",""
"MK","Indicateurs macro","GHA","Ghana","6119","Valeur US$ par habitant","22008","Produit Intérieur Brut","2018","2018","USD","2196.612913","X","Chiffre de source externe",""
"MK","Indicateurs macro","GHA","Ghana","6129","Croissance annuelle US$","22008","Produit Intérieur Brut","2018","2018","%","11.411123","X","Chiffre de source externe",""
"MK","Indicateurs macro","GHA","Ghana","61290","Croissance annuelle US$ par habitant","22008","Produit Intérieur Brut","2018","2018","%","9.122976","X","Chiffre de source externe",""
"MK","Indicateurs macro","GRC","Grèce","6110","Valeur US$","22008","Produit Intérieur Brut","2018","2018","Millions d’USD","213298.873494","X","Chiffre de source externe",""
"MK","Indicateurs macro","GRC","Grèce","6119","Valeur US$ par habitant","22008","Produit Intérieur Brut","2018","2018","USD","19877.176803","X","Chiffre de source externe",""
"MK","Indicateurs macro","GRC","Grèce","6129","Croissance annuelle US$","22008","Produit Intérieur Brut","2018","2018","%","6.446601","X","Chiffre de source externe",""
"MK","Indicateurs macro","GRC","Grèce","61290","Croissance annuelle US$ par habitant","22008","Produit Intérieur Brut","2018","2018","%","6.671678","X","Chiffre de source externe",""
"MK","Indicateurs macro","GRD","Grenade","6110","Valeur US$","22008","Produit Intérieur Brut","2018","2018","Millions d’USD","1166.514815","X","Chiffre de source externe",""
"MK","Indicateurs macro","GRD","Grenade","6119","Valeur US$ par habitant","22008","Produit Intérieur Brut","2018","2018","USD","10083.021279","X","Chiffre de source externe",""
"MK","Indicateurs macro","GRD","Grenade","6129","Croissance annuelle US$","22008","Produit Intérieur Brut","2018","2018","%","3.627018","X","Chiffre de source externe",""
"MK","Indicateurs macro","GRD","Grenade","61290","Croissance annuelle US$ par habitant","22008","Produit Intérieur Brut","2018","2018","%","3.400401","X","Chiffre de source externe",""
"MK","Indicateurs macro","GRL","Groenland","6110","Valeur US$","22008","Produit Intérieur Brut","2018","2018","Millions d’USD","3055.782249","X","Chiffre de source externe",""
"MK","Indicateurs macro","GRL","Groenland","6119","Valeur US$ par habitant","22008","Produit Intérieur Brut","2018","2018","USD","54496.014149","X","Chiffre de source externe",""
"MK","Indicateurs macro","GRL","Groenland","6129","Croissance annuelle US$","22008","Produit Intérieur Brut","2018","2018","%","7.159763","X","Chiffre de source externe",""
"MK","Indicateurs macro","GRL","Groenland","61290","Croissance annuelle US$ par habitant","22008","Produit Intérieur Brut","2018","2018","%","7.154986","X","Chiffre de source externe",""
"MK","Indicateurs macro","GTM","Guatemala","6110","Valeur US$","22008","Produit Intérieur Brut","2018","2018","Millions d’USD","73328.369928","X","Chiffre de source externe",""
"MK","Indicateurs macro","GTM","Guatemala","6119","Valeur US$ par habitant","22008","Produit Intérieur Brut","2018","2018","USD","4352.946759","X","Chiffre de source externe",""
"MK","Indicateurs macro","GTM","Guatemala","6129","Croissance annuelle US$","22008","Produit Intérieur Brut","2018","2018","%","2.337091","X","Chiffre de source externe",""
"MK","Indicateurs macro","GTM","Guatemala","61290","Croissance annuelle US$ par habitant","22008","Produit Intérieur Brut","2018","2018","%","0.646256","X","Chiffre de source externe",""
"MK","Indicateurs macro","GIN","Guinée","6110","Valeur US$","22008","Produit Intérieur Brut","2018","2018","Millions d’USD","11857.030366","X","Chiffre de source externe",""
"MK","Indicateurs macro","GIN","Guinée","6119","Valeur US$ par habitant","22008","Produit Intérieur Brut","2018","2018","USD","933.273616","X","Chiffre de source externe",""
"MK","Indicateurs macro","GIN","Guinée","6129","Croissance annuelle US$","22008","Produit Intérieur Brut","2018","2018","%","14.841756","X","Chiffre de source externe",""
"MK","Indicateurs macro","GIN","Guinée","61290","Croissance annuelle US$ par habitant","22008","Produit Intérieur Brut","2018","2018","%","11.957193","X","Chiffre de source externe",""
"MK","Indicateurs macro","GNQ","Guinée équatoriale","6110","Valeur US$","22008","Produit Intérieur Brut","2018","2018","Millions d’USD","13097.013925","X","Chiffre de source externe",""
"MK","Indicateurs macro","GNQ","Guinée équatoriale","6119","Valeur US$ par habitant","22008","Produit Intérieur Brut","2018","2018","USD","8102.471956","X","Chiffre de source externe",""
"MK","Indicateurs macro","GNQ","Guinée équatoriale","6129","Croissance annuelle US$","22008","Produit Intérieur Brut","2018","2018","%","7.344578","X","Chiffre de source externe",""
"MK","Indicateurs macro","GNQ","Guinée équatoriale","61290","Croissance annuelle US$ par habitant","22008","Produit Intérieur Brut","2018","2018","%","3.756745","X","Chiffre de source externe",""
"MK","Indicateurs macro","GNB","Guinée-Bissau","6110","Valeur US$","22008","Produit Intérieur Brut","2018","2018","Millions d’USD","1427.473462","X","Chiffre de source externe",""
"MK","Indicateurs macro","GNB","Guinée-Bissau","6119","Valeur US$ par habitant","22008","Produit Intérieur Brut","2018","2018","USD","742.637393","X","Chiffre de source externe",""
"MK","Indicateurs macro","GNB","Guinée-Bissau","6129","Croissance annuelle US$","22008","Produit Intérieur Brut","2018","2018","%","5.724912","X","Chiffre de source externe",""
"MK","Indicateurs macro","GNB","Guinée-Bissau","61290","Croissance annuelle US$ par habitant","22008","Produit Intérieur Brut","2018","2018","%","3.244499","X","Chiffre de source externe",""
"MK","Indicateurs macro","GUY","Guyana","6110","Valeur US$","22008","Produit Intérieur Brut","2018","2018","Millions d’USD","4787.637006","X","Chiffre de source externe",""
"MK","Indicateurs macro","GUY","Guyana","6119","Valeur US$ par habitant","22008","Produit Intérieur Brut","2018","2018","USD","6048.390802","X","Chiffre de source externe",""
"MK","Indicateurs macro","GUY","Guyana","6129","Croissance annuelle US$","22008","Produit Intérieur Brut","2018","2018","%","0.831113","X","Chiffre de source externe",""
"MK","Indicateurs macro","GUY","Guyana","61290","Croissance annuelle US$ par habitant","22008","Produit Intérieur Brut","2018","2018","%","-2.108517","X","Chiffre de source externe",""
"MK","Indicateurs macro","HTI","Haïti","6110","Valeur US$","22008","Produit Intérieur Brut","2018","2018","Millions d’USD","15730.391434","X","Chiffre de source externe",""
"MK","Indicateurs macro","HTI","Haïti","6119","Valeur US$ par habitant","22008","Produit Intérieur Brut","2018","2018","USD","1434.945381","X","Chiffre de source externe",""
"MK","Indicateurs macro","HTI","Haïti","6129","Croissance annuelle US$","22008","Produit Intérieur Brut","2018","2018","%","3.027569","X","Chiffre de source externe",""
"MK","Indicateurs macro","HTI","Haïti","61290","Croissance annuelle US$ par habitant","22008","Produit Intérieur Brut","2018","2018","%","1.668495","X","Chiffre de source externe",""
"MK","Indicateurs macro","HND","Honduras","6110","Valeur US$","22008","Produit Intérieur Brut","2018","2018","Millions d’USD","24067.75465","X","Chiffre de source externe",""
"MK","Indicateurs macro","HND","Honduras","6119","Valeur US$ par habitant","22008","Produit Intérieur Brut","2018","2018","USD","2464.642687","X","Chiffre de source externe",""
"MK","Indicateurs macro","HND","Honduras","6129","Croissance annuelle US$","22008","Produit Intérieur Brut","2018","2018","%","4.026178","X","Chiffre de source externe",""
"MK","Indicateurs macro","HND","Honduras","61290","Croissance annuelle US$ par habitant","22008","Produit Intérieur Brut","2018","2018","%","2.139856","X","Chiffre de source externe",""
"MK","Indicateurs macro","HUN","Hongrie","6110","Valeur US$","22008","Produit Intérieur Brut","2018","2018","Millions d’USD","161184.691014","X","Chiffre de source externe",""
"MK","Indicateurs macro","HUN","Hongrie","6119","Valeur US$ par habitant","22008","Produit Intérieur Brut","2018","2018","USD","16490.505627","X","Chiffre de source externe",""
"MK","Indicateurs macro","HUN","Hongrie","6129","Croissance annuelle US$","22008","Produit Intérieur Brut","2018","2018","%","12.45305","X","Chiffre de source externe",""
"MK","Indicateurs macro","HUN","Hongrie","61290","Croissance annuelle US$ par habitant","22008","Produit Intérieur Brut","2018","2018","%","12.582031","X","Chiffre de source externe",""
"MK","Indicateurs macro","CYM","Îles Caïmanes","6110","Valeur US$","22008","Produit Intérieur Brut","2018","2018","Millions d’USD","5530.178561","X","Chiffre de source externe",""
"MK","Indicateurs macro","CYM","Îles Caïmanes","6119","Valeur US$ par habitant","22008","Produit Intérieur Brut","2018","2018","USD","83866.190895","X","Chiffre de source externe",""
"MK","Indicateurs macro","CYM","Îles Caïmanes","6129","Croissance annuelle US$","22008","Produit Intérieur Brut","2018","2018","%","7.043698","X","Chiffre de source externe",""
"MK","Indicateurs macro","CYM","Îles Caïmanes","61290","Croissance annuelle US$ par habitant","22008","Produit Intérieur Brut","2018","2018","%","4.762909","X","Chiffre de source externe",""
"MK","Indicateurs macro","COK","Îles Cook","6110","Valeur US$","22008","Produit Intérieur Brut","2018","2018","Millions d’USD","362.713702","X","Chiffre de source externe",""
"MK","Indicateurs macro","COK","Îles Cook","6119","Valeur US$ par habitant","22008","Produit Intérieur Brut","2018","2018","USD","21854.83094","X","Chiffre de source externe",""
"MK","Indicateurs macro","COK","Îles Cook","6129","Croissance annuelle US$","22008","Produit Intérieur Brut","2018","2018","%","4.949145","X","Chiffre de source externe",""
"MK","Indicateurs macro","COK","Îles Cook","61290","Croissance annuelle US$ par habitant","22008","Produit Intérieur Brut","2018","2018","%","7.797914","X","Chiffre de source externe",""
"MK","Indicateurs macro","MHL","Îles Marshall","6110","Valeur US$","22008","Produit Intérieur Brut","2018","2018","Millions d’USD","219.330307","X","Chiffre de source externe",""
"MK","Indicateurs macro","MHL","Îles Marshall","6119","Valeur US$ par habitant","22008","Produit Intérieur Brut","2018","2018","USD","4843.332384","X","Chiffre de source externe",""
"MK","Indicateurs macro","MHL","Îles Marshall","6129","Croissance annuelle US$","22008","Produit Intérieur Brut","2018","2018","%","3.116606","X","Chiffre de source externe",""
"MK","Indicateurs macro","MHL","Îles Marshall","61290","Croissance annuelle US$ par habitant","22008","Produit Intérieur Brut","2018","2018","%","5.949267","X","Chiffre de source externe",""
"MK","Indicateurs macro","SLB","Îles Salomon","6110","Valeur US$","22008","Produit Intérieur Brut","2018","2018","Millions d’USD","1615.473275","X","Chiffre de source externe",""
"MK","Indicateurs macro","SLB","Îles Salomon","6119","Valeur US$ par habitant","22008","Produit Intérieur Brut","2018","2018","USD","2278.199121","X","Chiffre de source externe",""
"MK","Indicateurs macro","SLB","Îles Salomon","6129","Croissance annuelle US$","22008","Produit Intérieur Brut","2018","2018","%","9.911809","X","Chiffre de source externe",""
"MK","Indicateurs macro","SLB","Îles Salomon","61290","Croissance annuelle US$ par habitant","22008","Produit Intérieur Brut","2018","2018","%","6.280198","X","Chiffre de source externe",""
"MK","Indicateurs macro","TCA","Îles Turques-et-Caïques","6110","Valeur US$","22008","Produit Intérieur Brut","2018","2018","Millions d’USD","1113.178","X","Chiffre de source externe",""
"MK","Indicateurs macro","TCA","Îles Turques-et-Caïques","6119","Valeur US$ par habitant","22008","Produit Intérieur Brut","2018","2018","USD","26785.807957","X","Chiffre de source externe",""
"MK","Indicateurs macro","TCA","Îles Turques-et-Caïques","6129","Croissance annuelle US$","22008","Produit Intérieur Brut","2018","2018","%","8.88264","X","Chiffre de source externe",""
"MK","Indicateurs macro","TCA","Îles Turques-et-Caïques","61290","Croissance annuelle US$ par habitant","22008","Produit Intérieur Brut","2018","2018","%","4.570145","X","Chiffre de source externe",""
"MK","Indicateurs macro","VGB","Îles Vierges britanniques","6110","Valeur US$","22008","Produit Intérieur Brut","2018","2018","Millions d’USD","1386.9","X","Chiffre de source externe",""
"MK","Indicateurs macro","VGB","Îles Vierges britanniques","6119","Valeur US$ par habitant","22008","Produit Intérieur Brut","2018","2018","USD","40017.889604","X","Chiffre de source externe",""
"MK","Indicateurs macro","VGB","Îles Vierges britanniques","6129","Croissance annuelle US$","22008","Produit Intérieur Brut","2018","2018","%","5.89448","X","Chiffre de source externe",""
"MK","Indicateurs macro","VGB","Îles Vierges britanniques","61290","Croissance annuelle US$ par habitant","22008","Produit Intérieur Brut","2018","2018","%","-0.08819","X","Chiffre de source externe",""
"MK","Indicateurs macro","IND","Inde","6110","Valeur US$","22008","Produit Intérieur Brut","2018","2018","Millions d’USD","2763534.978089","X","Chiffre de source externe",""
"MK","Indicateurs macro","IND","Inde","6119","Valeur US$ par habitant","22008","Produit Intérieur Brut","2018","2018","USD","2010.342092","X","Chiffre de source externe",""
"MK","Indicateurs macro","IND","Inde","6129","Croissance annuelle US$","22008","Produit Intérieur Brut","2018","2018","%","5.304439","X","Chiffre de source externe",""
"MK","Indicateurs macro","IND","Inde","61290","Croissance annuelle US$ par habitant","22008","Produit Intérieur Brut","2018","2018","%","4.155251","X","Chiffre de source externe",""
"MK","Indicateurs macro","IDN","Indonésie","6110","Valeur US$","22008","Produit Intérieur Brut","2018","2018","Millions d’USD","1042271.532953","X","Chiffre de source externe",""
"MK","Indicateurs macro","IDN","Indonésie","6119","Valeur US$ par habitant","22008","Produit Intérieur Brut","2018","2018","USD","3860.953524","X","Chiffre de source externe",""
"MK","Indicateurs macro","IDN","Indonésie","6129","Croissance annuelle US$","22008","Produit Intérieur Brut","2018","2018","%","2.624291","X","Chiffre de source externe",""
"MK","Indicateurs macro","IDN","Indonésie","61290","Croissance annuelle US$ par habitant","22008","Produit Intérieur Brut","2018","2018","%","1.633908","X","Chiffre de source externe",""
"MK","Indicateurs macro","IRN","Iran (République islamique d')","6110","Valeur US$","22008","Produit Intérieur Brut","2018","2018","Millions d’USD","316943.063027","X","Chiffre de source externe",""
"MK","Indicateurs macro","IRN","Iran (République islamique d')","6119","Valeur US$ par habitant","22008","Produit Intérieur Brut","2018","2018","USD","3680.334778","X","Chiffre de source externe",""
"MK","Indicateurs macro","IRN","Iran (République islamique d')","6129","Croissance annuelle US$","22008","Produit Intérieur Brut","2018","2018","%","-37.078268","X","Chiffre de source externe",""
"MK","Indicateurs macro","IRN","Iran (République islamique d')","61290","Croissance annuelle US$ par habitant","22008","Produit Intérieur Brut","2018","2018","%","-37.875581","X","Chiffre de source externe",""
"MK","Indicateurs macro","IRQ","Iraq","6110","Valeur US$","22008","Produit Intérieur Brut","2018","2018","Millions d’USD","227367.469034","X","Chiffre de source externe",""
"MK","Indicateurs macro","IRQ","Iraq","6119","Valeur US$ par habitant","22008","Produit Intérieur Brut","2018","2018","USD","5646.689251","X","Chiffre de source externe",""
"MK","Indicateurs macro","IRQ","Iraq","6129","Croissance annuelle US$","22008","Produit Intérieur Brut","2018","2018","%","21.44553","X","Chiffre de source externe",""
"MK","Indicateurs macro","IRQ","Iraq","61290","Croissance annuelle US$ par habitant","22008","Produit Intérieur Brut","2018","2018","%","18.645763","X","Chiffre de source externe",""
"MK","Indicateurs macro","IRL","Irlande","6110","Valeur US$","22008","Produit Intérieur Brut","2018","2018","Millions d’USD","395461.21646","X","Chiffre de source externe",""
"MK","Indicateurs macro","IRL","Irlande","6119","Valeur US$ par habitant","22008","Produit Intérieur Brut","2018","2018","USD","81160.946542","X","Chiffre de source externe",""
"MK","Indicateurs macro","IRL","Irlande","6129","Croissance annuelle US$","22008","Produit Intérieur Brut","2018","2018","%","13.464695","X","Chiffre de source externe",""
"MK","Indicateurs macro","IRL","Irlande","61290","Croissance annuelle US$ par habitant","22008","Produit Intérieur Brut","2018","2018","%","12.014063","X","Chiffre de source externe",""
"MK","Indicateurs macro","ISL","Islande","6110","Valeur US$","22008","Produit Intérieur Brut","2018","2018","Millions d’USD","26260.850582","X","Chiffre de source externe",""
"MK","Indicateurs macro","ISL","Islande","6119","Valeur US$ par habitant","22008","Produit Intérieur Brut","2018","2018","USD","74424.126075","X","Chiffre de source externe",""
"MK","Indicateurs macro","ISL","Islande","6129","Croissance annuelle US$","22008","Produit Intérieur Brut","2018","2018","%","6.197621","X","Chiffre de source externe",""
"MK","Indicateurs macro","ISL","Islande","61290","Croissance annuelle US$ par habitant","22008","Produit Intérieur Brut","2018","2018","%","3.391851","X","Chiffre de source externe",""
"MK","Indicateurs macro","ISR","Israël","6110","Valeur US$","22008","Produit Intérieur Brut","2018","2018","Millions d’USD","376309.165107","X","Chiffre de source externe",""
"MK","Indicateurs macro","ISR","Israël","6119","Valeur US$ par habitant","22008","Produit Intérieur Brut","2018","2018","USD","44219.297829","X","Chiffre de source externe",""
"MK","Indicateurs macro","ISR","Israël","6129","Croissance annuelle US$","22008","Produit Intérieur Brut","2018","2018","%","4.979667","X","Chiffre de source externe",""
"MK","Indicateurs macro","ISR","Israël","61290","Croissance annuelle US$ par habitant","22008","Produit Intérieur Brut","2018","2018","%","3.150617","X","Chiffre de source externe",""
"MK","Indicateurs macro","ITA","Italie","6110","Valeur US$","22008","Produit Intérieur Brut","2018","2018","Millions d’USD","2099435.266459","X","Chiffre de source externe",""
"MK","Indicateurs macro","ITA","Italie","6119","Valeur US$ par habitant","22008","Produit Intérieur Brut","2018","2018","USD","34829.502197","X","Chiffre de source externe",""
"MK","Indicateurs macro","ITA","Italie","6129","Croissance annuelle US$","22008","Produit Intérieur Brut","2018","2018","%","6.531334","X","Chiffre de source externe",""
"MK","Indicateurs macro","ITA","Italie","61290","Croissance annuelle US$ par habitant","22008","Produit Intérieur Brut","2018","2018","%","6.730725","X","Chiffre de source externe",""
"MK","Indicateurs macro","JAM","Jamaïque","6110","Valeur US$","22008","Produit Intérieur Brut","2018","2018","Millions d’USD","15730.792204","X","Chiffre de source externe",""
"MK","Indicateurs macro","JAM","Jamaïque","6119","Valeur US$ par habitant","22008","Produit Intérieur Brut","2018","2018","USD","5578.102248","X","Chiffre de source externe",""
"MK","Indicateurs macro","JAM","Jamaïque","6129","Croissance annuelle US$","22008","Produit Intérieur Brut","2018","2018","%","6.224646","X","Chiffre de source externe",""
"MK","Indicateurs macro","JAM","Jamaïque","61290","Croissance annuelle US$ par habitant","22008","Produit Intérieur Brut","2018","2018","%","6.061397","X","Chiffre de source externe",""
"MK","Indicateurs macro","JPN","Japon","6110","Valeur US$","22008","Produit Intérieur Brut","2018","2018","Millions d’USD","5040880.939325","X","Chiffre de source externe",""
"MK","Indicateurs macro","JPN","Japon","6119","Valeur US$ par habitant","22008","Produit Intérieur Brut","2018","2018","USD","39719.049749","X","Chiffre de source externe",""
"MK","Indicateurs macro","JPN","Japon","6129","Croissance annuelle US$","22008","Produit Intérieur Brut","2018","2018","%","2.231742","X","Chiffre de source externe",""
"MK","Indicateurs macro","JPN","Japon","61290","Croissance annuelle US$ par habitant","22008","Produit Intérieur Brut","2018","2018","%","2.353583","X","Chiffre de source externe",""
"MK","Indicateurs macro","JOR","Jordanie","6110","Valeur US$","22008","Produit Intérieur Brut","2018","2018","Millions d’USD","43370.84507","X","Chiffre de source externe",""
"MK","Indicateurs macro","JOR","Jordanie","6119","Valeur US$ par habitant","22008","Produit Intérieur Brut","2018","2018","USD","4145.438402","X","Chiffre de source externe",""
"MK","Indicateurs macro","JOR","Jordanie","6129","Croissance annuelle US$","22008","Produit Intérieur Brut","2018","2018","%","4.235664","X","Chiffre de source externe",""
"MK","Indicateurs macro","JOR","Jordanie","61290","Croissance annuelle US$ par habitant","22008","Produit Intérieur Brut","2018","2018","%","1.96331","X","Chiffre de source externe",""
"MK","Indicateurs macro","KAZ","Kazakhstan","6110","Valeur US$","22008","Produit Intérieur Brut","2018","2018","Millions d’USD","179339.977517","X","Chiffre de source externe",""
"MK","Indicateurs macro","KAZ","Kazakhstan","6119","Valeur US$ par habitant","22008","Produit Intérieur Brut","2018","2018","USD","9472.485514","X","Chiffre de source externe",""
"MK","Indicateurs macro","KAZ","Kazakhstan","6129","Croissance annuelle US$","22008","Produit Intérieur Brut","2018","2018","%","7.514241","X","Chiffre de source externe",""
"MK","Indicateurs macro","KAZ","Kazakhstan","61290","Croissance annuelle US$ par habitant","22008","Produit Intérieur Brut","2018","2018","%","5.919673","X","Chiffre de source externe",""
"MK","Indicateurs macro","KEN","Kenya","6110","Valeur US$","22008","Produit Intérieur Brut","2018","2018","Millions d’USD","92202.979941","X","Chiffre de source externe",""
"MK","Indicateurs macro","KEN","Kenya","6119","Valeur US$ par habitant","22008","Produit Intérieur Brut","2018","2018","USD","1836.452736","X","Chiffre de source externe",""
"MK","Indicateurs macro","KEN","Kenya","6129","Croissance annuelle US$","22008","Produit Intérieur Brut","2018","2018","%","12.392615","X","Chiffre de source externe",""
"MK","Indicateurs macro","KEN","Kenya","61290","Croissance annuelle US$ par habitant","22008","Produit Intérieur Brut","2018","2018","%","10.133122","X","Chiffre de source externe",""
"MK","Indicateurs macro","KGZ","Kirghizistan","6110","Valeur US$","22008","Produit Intérieur Brut","2018","2018","Millions d’USD","8642.188048","X","Chiffre de source externe",""
"MK","Indicateurs macro","KGZ","Kirghizistan","6119","Valeur US$ par habitant","22008","Produit Intérieur Brut","2018","2018","USD","1362.748859","X","Chiffre de source externe",""
"MK","Indicateurs macro","KGZ","Kirghizistan","6129","Croissance annuelle US$","22008","Produit Intérieur Brut","2018","2018","%","8.560592","X","Chiffre de source externe",""
"MK","Indicateurs macro","KGZ","Kirghizistan","61290","Croissance annuelle US$ par habitant","22008","Produit Intérieur Brut","2018","2018","%","6.479288","X","Chiffre de source externe",""
"MK","Indicateurs macro","KIR","Kiribati","6110","Valeur US$","22008","Produit Intérieur Brut","2018","2018","Millions d’USD","233.514678","X","Chiffre de source externe",""
"MK","Indicateurs macro","KIR","Kiribati","6119","Valeur US$ par habitant","22008","Produit Intérieur Brut","2018","2018","USD","1912.745608","X","Chiffre de source externe",""
"MK","Indicateurs macro","KIR","Kiribati","6129","Croissance annuelle US$","22008","Produit Intérieur Brut","2018","2018","%","4.773498","X","Chiffre de source externe",""
"MK","Indicateurs macro","KIR","Kiribati","61290","Croissance annuelle US$ par habitant","22008","Produit Intérieur Brut","2018","2018","%","3.220992","X","Chiffre de source externe",""
"MK","Indicateurs macro","KWT","Koweït","6110","Valeur US$","22008","Produit Intérieur Brut","2018","2018","Millions d’USD","138646.089714","X","Chiffre de source externe",""
"MK","Indicateurs macro","KWT","Koweït","6119","Valeur US$ par habitant","22008","Produit Intérieur Brut","2018","2018","USD","32068.855663","X","Chiffre de source externe",""
"MK","Indicateurs macro","KWT","Koweït","6129","Croissance annuelle US$","22008","Produit Intérieur Brut","2018","2018","%","14.880111","X","Chiffre de source externe",""
"MK","Indicateurs macro","KWT","Koweït","61290","Croissance annuelle US$ par habitant","22008","Produit Intérieur Brut","2018","2018","%","10.397372","X","Chiffre de source externe",""
"MK","Indicateurs macro","LSO","Lesotho","6110","Valeur US$","22008","Produit Intérieur Brut","2018","2018","Millions d’USD","2556.24715","X","Chiffre de source externe",""
"MK","Indicateurs macro","LSO","Lesotho","6119","Valeur US$ par habitant","22008","Produit Intérieur Brut","2018","2018","USD","1170.655632","X","Chiffre de source externe",""
"MK","Indicateurs macro","LSO","Lesotho","6129","Croissance annuelle US$","22008","Produit Intérieur Brut","2018","2018","%","10.816363","X","Chiffre de source externe",""
"MK","Indicateurs macro","LSO","Lesotho","61290","Croissance annuelle US$ par habitant","22008","Produit Intérieur Brut","2018","2018","%","9.471887","X","Chiffre de source externe",""
"MK","Indicateurs macro","LVA","Lettonie","6110","Valeur US$","22008","Produit Intérieur Brut","2018","2018","Millions d’USD","33247.935477","X","Chiffre de source externe",""
"MK","Indicateurs macro","LVA","Lettonie","6119","Valeur US$ par habitant","22008","Produit Intérieur Brut","2018","2018","USD","17248.465687","X","Chiffre de source externe",""
"MK","Indicateurs macro","LVA","Lettonie","6129","Croissance annuelle US$","22008","Produit Intérieur Brut","2018","2018","%","13.122615","X","Chiffre de source externe",""
"MK","Indicateurs macro","LVA","Lettonie","61290","Croissance annuelle US$ par habitant","22008","Produit Intérieur Brut","2018","2018","%","14.003259","X","Chiffre de source externe",""
"MK","Indicateurs macro","LBN","Liban","6110","Valeur US$","22008","Produit Intérieur Brut","2018","2018","Millions d’USD","54899.215466","X","Chiffre de source externe",""
"MK","Indicateurs macro","LBN","Liban","6119","Valeur US$ par habitant","22008","Produit Intérieur Brut","2018","2018","USD","9174.150928","X","Chiffre de source externe",""
"MK","Indicateurs macro","LBN","Liban","6129","Croissance annuelle US$","22008","Produit Intérieur Brut","2018","2018","%","3.524009","X","Chiffre de source externe",""
"MK","Indicateurs macro","LBN","Liban","61290","Croissance annuelle US$ par habitant","22008","Produit Intérieur Brut","2018","2018","%","6.568919","X","Chiffre de source externe",""
"MK","Indicateurs macro","LBR","Libéria","6110","Valeur US$","22008","Produit Intérieur Brut","2018","2018","Millions d’USD","3241.295405","X","Chiffre de source externe",""
"MK","Indicateurs macro","LBR","Libéria","6119","Valeur US$ par habitant","22008","Produit Intérieur Brut","2018","2018","USD","655.505564","X","Chiffre de source externe",""
"MK","Indicateurs macro","LBR","Libéria","6129","Croissance annuelle US$","22008","Produit Intérieur Brut","2018","2018","%","1.151655","X","Chiffre de source externe",""
"MK","Indicateurs macro","LBR","Libéria","61290","Croissance annuelle US$ par habitant","22008","Produit Intérieur Brut","2018","2018","%","-0.808106","X","Chiffre de source externe",""
"MK","Indicateurs macro","LBY","Libye","6110","Valeur US$","22008","Produit Intérieur Brut","2018","2018","Millions d’USD","76686.048499","X","Chiffre de source externe",""
"MK","Indicateurs macro","LBY","Libye","6119","Valeur US$ par habitant","22008","Produit Intérieur Brut","2018","2018","USD","11196.589033","X","Chiffre de source externe",""
"MK","Indicateurs macro","LBY","Libye","6129","Croissance annuelle US$","22008","Produit Intérieur Brut","2018","2018","%","14.188443","X","Chiffre de source externe",""
"MK","Indicateurs macro","LBY","Libye","61290","Croissance annuelle US$ par habitant","22008","Produit Intérieur Brut","2018","2018","%","12.349755","X","Chiffre de source externe",""
"MK","Indicateurs macro","LIE","Liechtenstein","6110","Valeur US$","22008","Produit Intérieur Brut","2018","2018","Millions d’USD","6692.561378","X","Chiffre de source externe",""
"MK","Indicateurs macro","LIE","Liechtenstein","6119","Valeur US$ par habitant","22008","Produit Intérieur Brut","2018","2018","USD","175526.47961","X","Chiffre de source externe",""
"MK","Indicateurs macro","LIE","Liechtenstein","6129","Croissance annuelle US$","22008","Produit Intérieur Brut","2018","2018","%","3.371022","X","Chiffre de source externe",""
"MK","Indicateurs macro","LIE","Liechtenstein","61290","Croissance annuelle US$ par habitant","22008","Produit Intérieur Brut","2018","2018","%","2.61733","X","Chiffre de source externe",""
"MK","Indicateurs macro","LTU","Lituanie","6110","Valeur US$","22008","Produit Intérieur Brut","2018","2018","Millions d’USD","54261.795149","X","Chiffre de source externe",""
"MK","Indicateurs macro","LTU","Lituanie","6119","Valeur US$ par habitant","22008","Produit Intérieur Brut","2018","2018","USD","19362.077115","X","Chiffre de source externe",""
"MK","Indicateurs macro","LTU","Lituanie","6129","Croissance annuelle US$","22008","Produit Intérieur Brut","2018","2018","%","13.621171","X","Chiffre de source externe",""
"MK","Indicateurs macro","LTU","Lituanie","61290","Croissance annuelle US$ par habitant","22008","Produit Intérieur Brut","2018","2018","%","14.709125","X","Chiffre de source externe",""
"MK","Indicateurs macro","LUX","Luxembourg","6110","Valeur US$","22008","Produit Intérieur Brut","2018","2018","Millions d’USD","71000.35976","X","Chiffre de source externe",""
"MK","Indicateurs macro","LUX","Luxembourg","6119","Valeur US$ par habitant","22008","Produit Intérieur Brut","2018","2018","USD","116757.511927","X","Chiffre de source externe",""
"MK","Indicateurs macro","LUX","Luxembourg","6129","Croissance annuelle US$","22008","Produit Intérieur Brut","2018","2018","%","8.047487","X","Chiffre de source externe",""
"MK","Indicateurs macro","LUX","Luxembourg","61290","Croissance annuelle US$ par habitant","22008","Produit Intérieur Brut","2018","2018","%","5.98542","X","Chiffre de source externe",""
"MK","Indicateurs macro","MKD","Macédoine du Nord","6110","Valeur US$","22008","Produit Intérieur Brut","2018","2018","Millions d’USD","12683.068033","X","Chiffre de source externe",""
"MK","Indicateurs macro","MKD","Macédoine du Nord","6119","Valeur US$ par habitant","22008","Produit Intérieur Brut","2018","2018","USD","6606.698829","X","Chiffre de source externe",""
"MK","Indicateurs macro","MKD","Macédoine du Nord","6129","Croissance annuelle US$","22008","Produit Intérieur Brut","2018","2018","%","12.169447","X","Chiffre de source externe",""
"MK","Indicateurs macro","MKD","Macédoine du Nord","61290","Croissance annuelle US$ par habitant","22008","Produit Intérieur Brut","2018","2018","%","13.405239","X","Chiffre de source externe",""
"MK","Indicateurs macro","MDG","Madagascar","6110","Valeur US$","22008","Produit Intérieur Brut","2018","2018","Millions d’USD","13760.033283","X","Chiffre de source externe",""
"MK","Indicateurs macro","MDG","Madagascar","6119","Valeur US$ par habitant","22008","Produit Intérieur Brut","2018","2018","USD","500.457186","X","Chiffre de source externe",""
"MK","Indicateurs macro","MDG","Madagascar","6129","Croissance annuelle US$","22008","Produit Intérieur Brut","2018","2018","%","4.430068","X","Chiffre de source externe",""
"MK","Indicateurs macro","MDG","Madagascar","61290","Croissance annuelle US$ par habitant","22008","Produit Intérieur Brut","2018","2018","%","1.746474","X","Chiffre de source externe",""
"MK","Indicateurs macro","MYS","Malaisie","6110","Valeur US$","22008","Produit Intérieur Brut","2018","2018","Millions d’USD","358788.923981","X","Chiffre de source externe",""
"MK","Indicateurs macro","MYS","Malaisie","6119","Valeur US$ par habitant","22008","Produit Intérieur Brut","2018","2018","USD","10901.804374","X","Chiffre de source externe",""
"MK","Indicateurs macro","MYS","Malaisie","6129","Croissance annuelle US$","22008","Produit Intérieur Brut","2018","2018","%","12.434549","X","Chiffre de source externe",""
"MK","Indicateurs macro","MYS","Malaisie","61290","Croissance annuelle US$ par habitant","22008","Produit Intérieur Brut","2018","2018","%","10.537387","X","Chiffre de source externe",""
"MK","Indicateurs macro","MWI","Malawi","6110","Valeur US$","22008","Produit Intérieur Brut","2018","2018","Millions d’USD","9879.22035","X","Chiffre de source externe",""
"MK","Indicateurs macro","MWI","Malawi","6119","Valeur US$ par habitant","22008","Produit Intérieur Brut","2018","2018","USD","533.202567","X","Chiffre de source externe",""
"MK","Indicateurs macro","MWI","Malawi","6129","Croissance annuelle US$","22008","Produit Intérieur Brut","2018","2018","%","10.462034","X","Chiffre de source externe",""
"MK","Indicateurs macro","MWI","Malawi","61290","Croissance annuelle US$ par habitant","22008","Produit Intérieur Brut","2018","2018","%","7.550458","X","Chiffre de source externe",""
"MK","Indicateurs macro","MDV","Maldives","6110","Valeur US$","22008","Produit Intérieur Brut","2018","2018","Millions d’USD","5404.344065","X","Chiffre de source externe",""
"MK","Indicateurs macro","MDV","Maldives","6119","Valeur US$ par habitant","22008","Produit Intérieur Brut","2018","2018","USD","11423.295709","X","Chiffre de source externe",""
"MK","Indicateurs macro","MDV","Maldives","6129","Croissance annuelle US$","22008","Produit Intérieur Brut","2018","2018","%","12.206512","X","Chiffre de source externe",""
"MK","Indicateurs macro","MDV","Maldives","61290","Croissance annuelle US$ par habitant","22008","Produit Intérieur Brut","2018","2018","%","8.693614","X","Chiffre de source externe",""
"MK","Indicateurs macro","MLI","Mali","6110","Valeur US$","22008","Produit Intérieur Brut","2018","2018","Millions d’USD","17070.867578","X","Chiffre de source externe",""
"MK","Indicateurs macro","MLI","Mali","6119","Valeur US$ par habitant","22008","Produit Intérieur Brut","2018","2018","USD","835.08673","X","Chiffre de source externe",""
"MK","Indicateurs macro","MLI","Mali","6129","Croissance annuelle US$","22008","Produit Intérieur Brut","2018","2018","%","11.097139","X","Chiffre de source externe",""
"MK","Indicateurs macro","MLI","Mali","61290","Croissance annuelle US$ par habitant","22008","Produit Intérieur Brut","2018","2018","%","7.678583","X","Chiffre de source externe",""
"MK","Indicateurs macro","MLT","Malte","6110","Valeur US$","22008","Produit Intérieur Brut","2018","2018","Millions d’USD","16153.804358","X","Chiffre de source externe",""
"MK","Indicateurs macro","MLT","Malte","6119","Valeur US$ par habitant","22008","Produit Intérieur Brut","2018","2018","USD","33337.229034","X","Chiffre de source externe",""
"MK","Indicateurs macro","MLT","Malte","6129","Croissance annuelle US$","22008","Produit Intérieur Brut","2018","2018","%","14.06971","X","Chiffre de source externe",""
"MK","Indicateurs macro","MLT","Malte","61290","Croissance annuelle US$ par habitant","22008","Produit Intérieur Brut","2018","2018","%","10.148955","X","Chiffre de source externe",""
"MK","Indicateurs macro","MAR","Maroc","6110","Valeur US$","22008","Produit Intérieur Brut","2018","2018","Millions d’USD","127341.141871","X","Chiffre de source externe",""
"MK","Indicateurs macro","MAR","Maroc","6119","Valeur US$ par habitant","22008","Produit Intérieur Brut","2018","2018","USD","3553.069046","X","Chiffre de source externe",""
"MK","Indicateurs macro","MAR","Maroc","6129","Croissance annuelle US$","22008","Produit Intérieur Brut","2018","2018","%","7.424097","X","Chiffre de source externe",""
"MK","Indicateurs macro","MAR","Maroc","61290","Croissance annuelle US$ par habitant","22008","Produit Intérieur Brut","2018","2018","%","6.245038","X","Chiffre de source externe",""
"MK","Indicateurs macro","MUS","Maurice","6110","Valeur US$","22008","Produit Intérieur Brut","2018","2018","Millions d’USD","14735.674219","X","Chiffre de source externe",""
"MK","Indicateurs macro","MUS","Maurice","6119","Valeur US$ par habitant","22008","Produit Intérieur Brut","2018","2018","USD","11433.342025","X","Chiffre de source externe",""
"MK","Indicateurs macro","MUS","Maurice","6129","Croissance annuelle US$","22008","Produit Intérieur Brut","2018","2018","%","7.453734","X","Chiffre de source externe",""
"MK","Indicateurs macro","MUS","Maurice","61290","Croissance annuelle US$ par habitant","22008","Produit Intérieur Brut","2018","2018","%","7.605597","X","Chiffre de source externe",""
"MK","Indicateurs macro","MRT","Mauritanie","6110","Valeur US$","22008","Produit Intérieur Brut","2018","2018","Millions d’USD","7473.550557","X","Chiffre de source externe",""
"MK","Indicateurs macro","MRT","Mauritanie","6119","Valeur US$ par habitant","22008","Produit Intérieur Brut","2018","2018","USD","1722.935289","X","Chiffre de source externe",""
"MK","Indicateurs macro","MRT","Mauritanie","6129","Croissance annuelle US$","22008","Produit Intérieur Brut","2018","2018","%","9.902958","X","Chiffre de source externe",""
"MK","Indicateurs macro","MRT","Mauritanie","61290","Croissance annuelle US$ par habitant","22008","Produit Intérieur Brut","2018","2018","%","6.683021","X","Chiffre de source externe",""
"MK","Indicateurs macro","MEX","Mexique","6110","Valeur US$","22008","Produit Intérieur Brut","2018","2018","Millions d’USD","1256300.20464","X","Chiffre de source externe",""
"MK","Indicateurs macro","MEX","Mexique","6119","Valeur US$ par habitant","22008","Produit Intérieur Brut","2018","2018","USD","10084.793931","X","Chiffre de source externe",""
"MK","Indicateurs macro","MEX","Mexique","6129","Croissance annuelle US$","22008","Produit Intérieur Brut","2018","2018","%","5.507477","X","Chiffre de source externe",""
"MK","Indicateurs macro","MEX","Mexique","61290","Croissance annuelle US$ par habitant","22008","Produit Intérieur Brut","2018","2018","%","4.513453","X","Chiffre de source externe",""
"MK","Indicateurs macro","FSM","Micronésie (États fédérés de)","6110","Valeur US$","22008","Produit Intérieur Brut","2018","2018","Millions d’USD","392","X","Chiffre de source externe",""
"MK","Indicateurs macro","FSM","Micronésie (États fédérés de)","6119","Valeur US$ par habitant","22008","Produit Intérieur Brut","2018","2018","USD","3566.570679","X","Chiffre de source externe",""
"MK","Indicateurs macro","FSM","Micronésie (États fédérés de)","6129","Croissance annuelle US$","22008","Produit Intérieur Brut","2018","2018","%","9.192201","X","Chiffre de source externe",""
"MK","Indicateurs macro","FSM","Micronésie (États fédérés de)","61290","Croissance annuelle US$ par habitant","22008","Produit Intérieur Brut","2018","2018","%","8.766994","X","Chiffre de source externe",""
"MK","Indicateurs macro","MCO","Monaco","6110","Valeur US$","22008","Produit Intérieur Brut","2018","2018","Millions d’USD","7184.33676","X","Chiffre de source externe",""
"MK","Indicateurs macro","MCO","Monaco","6119","Valeur US$ par habitant","22008","Produit Intérieur Brut","2018","2018","USD","188295.922116","X","Chiffre de source externe",""
"MK","Indicateurs macro","MCO","Monaco","6129","Croissance annuelle US$","22008","Produit Intérieur Brut","2018","2018","%","11.727033","X","Chiffre de source externe",""
"MK","Indicateurs macro","MCO","Monaco","61290","Croissance annuelle US$ par habitant","22008","Produit Intérieur Brut","2018","2018","%","10.331708","X","Chiffre de source externe",""
"MK","Indicateurs macro","MNG","Mongolie","6110","Valeur US$","22008","Produit Intérieur Brut","2018","2018","Millions d’USD","13178.082983","X","Chiffre de source externe",""
"MK","Indicateurs macro","MNG","Mongolie","6119","Valeur US$ par habitant","22008","Produit Intérieur Brut","2018","2018","USD","4160.134489","X","Chiffre de source externe",""
"MK","Indicateurs macro","MNG","Mongolie","6129","Croissance annuelle US$","22008","Produit Intérieur Brut","2018","2018","%","14.783231","X","Chiffre de source externe",""
"MK","Indicateurs macro","MNG","Mongolie","61290","Croissance annuelle US$ par habitant","22008","Produit Intérieur Brut","2018","2018","%","12.488005","X","Chiffre de source externe",""
"MK","Indicateurs macro","MNE","Monténégro","6110","Valeur US$","22008","Produit Intérieur Brut","2018","2018","Millions d’USD","5506.944403","X","Chiffre de source externe",""
"MK","Indicateurs macro","MNE","Monténégro","6119","Valeur US$ par habitant","22008","Produit Intérieur Brut","2018","2018","USD","8942.820912","X","Chiffre de source externe",""
"MK","Indicateurs macro","MNE","Monténégro","6129","Croissance annuelle US$","22008","Produit Intérieur Brut","2018","2018","%","13.390889","X","Chiffre de source externe",""
"MK","Indicateurs macro","MNE","Monténégro","61290","Croissance annuelle US$ par habitant","22008","Produit Intérieur Brut","2018","2018","%","14.186087","X","Chiffre de source externe",""
"MK","Indicateurs macro","MSR","Montserrat","6110","Valeur US$","22008","Produit Intérieur Brut","2018","2018","Millions d’USD","62.092593","X","Chiffre de source externe",""
"MK","Indicateurs macro","MSR","Montserrat","6119","Valeur US$ par habitant","22008","Produit Intérieur Brut","2018","2018","USD","13589.974303","X","Chiffre de source externe",""
"MK","Indicateurs macro","MSR","Montserrat","6129","Croissance annuelle US$","22008","Produit Intérieur Brut","2018","2018","%","4.065798","X","Chiffre de source externe",""
"MK","Indicateurs macro","MSR","Montserrat","61290","Croissance annuelle US$ par habitant","22008","Produit Intérieur Brut","2018","2018","%","4.82881","X","Chiffre de source externe",""
"MK","Indicateurs macro","MOZ","Mozambique","6110","Valeur US$","22008","Produit Intérieur Brut","2018","2018","Millions d’USD","15017.35884","X","Chiffre de source externe",""
"MK","Indicateurs macro","MOZ","Mozambique","6119","Valeur US$ par habitant","22008","Produit Intérieur Brut","2018","2018","USD","517.507247","X","Chiffre de source externe",""
"MK","Indicateurs macro","MOZ","Mozambique","6129","Croissance annuelle US$","22008","Produit Intérieur Brut","2018","2018","%","13.213461","X","Chiffre de source externe",""
"MK","Indicateurs macro","MOZ","Mozambique","61290","Croissance annuelle US$ par habitant","22008","Produit Intérieur Brut","2018","2018","%","9.888486","X","Chiffre de source externe",""
"MK","Indicateurs macro","MMR","Myanmar","6110","Valeur US$","22008","Produit Intérieur Brut","2018","2018","Millions d’USD","69256.6622","X","Chiffre de source externe",""
"MK","Indicateurs macro","MMR","Myanmar","6119","Valeur US$ par habitant","22008","Produit Intérieur Brut","2018","2018","USD","1324.922245","X","Chiffre de source externe",""
"MK","Indicateurs macro","MMR","Myanmar","6129","Croissance annuelle US$","22008","Produit Intérieur Brut","2018","2018","%","7.373015","X","Chiffre de source externe",""
"MK","Indicateurs macro","MMR","Myanmar","61290","Croissance annuelle US$ par habitant","22008","Produit Intérieur Brut","2018","2018","%","6.597981","X","Chiffre de source externe",""
"MK","Indicateurs macro","NAM","Namibie","6110","Valeur US$","22008","Produit Intérieur Brut","2018","2018","Millions d’USD","13682.019419","X","Chiffre de source externe",""
"MK","Indicateurs macro","NAM","Namibie","6119","Valeur US$ par habitant","22008","Produit Intérieur Brut","2018","2018","USD","5308.609297","X","Chiffre de source externe",""
"MK","Indicateurs macro","NAM","Namibie","6129","Croissance annuelle US$","22008","Produit Intérieur Brut","2018","2018","%","6.165029","X","Chiffre de source externe",""
"MK","Indicateurs macro","NAM","Namibie","61290","Croissance annuelle US$ par habitant","22008","Produit Intérieur Brut","2018","2018","%","3.26209","X","Chiffre de source externe",""
"MK","Indicateurs macro","NRU","Nauru","6110","Valeur US$","22008","Produit Intérieur Brut","2018","2018","Millions d’USD","145.977574","X","Chiffre de source externe",""
"MK","Indicateurs macro","NRU","Nauru","6119","Valeur US$ par habitant","22008","Produit Intérieur Brut","2018","2018","USD","12718.586268","X","Chiffre de source externe",""
"MK","Indicateurs macro","NRU","Nauru","6129","Croissance annuelle US$","22008","Produit Intérieur Brut","2018","2018","%","13.621057","X","Chiffre de source externe",""
"MK","Indicateurs macro","NRU","Nauru","61290","Croissance annuelle US$ par habitant","22008","Produit Intérieur Brut","2018","2018","%","12.10149","X","Chiffre de source externe",""
"MK","Indicateurs macro","NPL","Népal","6110","Valeur US$","22008","Produit Intérieur Brut","2018","2018","Millions d’USD","31726.289775","X","Chiffre de source externe",""
"MK","Indicateurs macro","NPL","Népal","6119","Valeur US$ par habitant","22008","Produit Intérieur Brut","2018","2018","USD","1129.866138","X","Chiffre de source externe",""
"MK","Indicateurs macro","NPL","Népal","6129","Croissance annuelle US$","22008","Produit Intérieur Brut","2018","2018","%","7.754895","X","Chiffre de source externe",""
"MK","Indicateurs macro","NPL","Népal","61290","Croissance annuelle US$ par habitant","22008","Produit Intérieur Brut","2018","2018","%","7.492293","X","Chiffre de source externe",""
"MK","Indicateurs macro","NIC","Nicaragua","6110","Valeur US$","22008","Produit Intérieur Brut","2018","2018","Millions d’USD","13025.221836","X","Chiffre de source externe",""
"MK","Indicateurs macro","NIC","Nicaragua","6119","Valeur US$ par habitant","22008","Produit Intérieur Brut","2018","2018","USD","2035.165472","X","Chiffre de source externe",""
"MK","Indicateurs macro","NIC","Nicaragua","6129","Croissance annuelle US$","22008","Produit Intérieur Brut","2018","2018","%","-5.517749","X","Chiffre de source externe",""
"MK","Indicateurs macro","NIC","Nicaragua","61290","Croissance annuelle US$ par habitant","22008","Produit Intérieur Brut","2018","2018","%","-6.755577","X","Chiffre de source externe",""
"MK","Indicateurs macro","NER","Niger","6110","Valeur US$","22008","Produit Intérieur Brut","2018","2018","Millions d’USD","12808.662634","X","Chiffre de source externe",""
"MK","Indicateurs macro","NER","Niger","6119","Valeur US$ par habitant","22008","Produit Intérieur Brut","2018","2018","USD","577.277033","X","Chiffre de source externe",""
"MK","Indicateurs macro","NER","Niger","6129","Croissance annuelle US$","22008","Produit Intérieur Brut","2018","2018","%","14.515345","X","Chiffre de source externe",""
"MK","Indicateurs macro","NER","Niger","61290","Croissance annuelle US$ par habitant","22008","Produit Intérieur Brut","2018","2018","%","10.630968","X","Chiffre de source externe",""
"MK","Indicateurs macro","NGA","Nigéria","6110","Valeur US$","22008","Produit Intérieur Brut","2018","2018","Millions d’USD","421737.59974","X","Chiffre de source externe",""
"MK","Indicateurs macro","NGA","Nigéria","6119","Valeur US$ par habitant","22008","Produit Intérieur Brut","2018","2018","USD","2057.871391","X","Chiffre de source externe",""
"MK","Indicateurs macro","NGA","Nigéria","6129","Croissance annuelle US$","22008","Produit Intérieur Brut","2018","2018","%","12.240478","X","Chiffre de source externe",""
"MK","Indicateurs macro","NGA","Nigéria","61290","Croissance annuelle US$ par habitant","22008","Produit Intérieur Brut","2018","2018","%","9.675057","X","Chiffre de source externe",""
"MK","Indicateurs macro","NOR","Norvège","6110","Valeur US$","22008","Produit Intérieur Brut","2018","2018","Millions d’USD","439788.625884","X","Chiffre de source externe",""
"MK","Indicateurs macro","NOR","Norvège","6119","Valeur US$ par habitant","22008","Produit Intérieur Brut","2018","2018","USD","82795.391141","X","Chiffre de source externe",""
"MK","Indicateurs macro","NOR","Norvège","6129","Croissance annuelle US$","22008","Produit Intérieur Brut","2018","2018","%","9.46952","X","Chiffre de source externe",""
"MK","Indicateurs macro","NOR","Norvège","61290","Croissance annuelle US$ par habitant","22008","Produit Intérieur Brut","2018","2018","%","8.749238","X","Chiffre de source externe",""
"MK","Indicateurs macro","NCL","Nouvelle-Calédonie","6110","Valeur US$","22008","Produit Intérieur Brut","2018","2018","Millions d’USD","9896.402295","X","Chiffre de source externe",""
"MK","Indicateurs macro","NCL","Nouvelle-Calédonie","6119","Valeur US$ par habitant","22008","Produit Intérieur Brut","2018","2018","USD","34902.89692","X","Chiffre de source externe",""
"MK","Indicateurs macro","NCL","Nouvelle-Calédonie","6129","Croissance annuelle US$","22008","Produit Intérieur Brut","2018","2018","%","7.88312","X","Chiffre de source externe",""
"MK","Indicateurs macro","NCL","Nouvelle-Calédonie","61290","Croissance annuelle US$ par habitant","22008","Produit Intérieur Brut","2018","2018","%","7.885023","X","Chiffre de source externe",""
"MK","Indicateurs macro","NZL","Nouvelle-Zélande","6110","Valeur US$","22008","Produit Intérieur Brut","2018","2018","Millions d’USD","211846.555691","X","Chiffre de source externe",""
"MK","Indicateurs macro","NZL","Nouvelle-Zélande","6119","Valeur US$ par habitant","22008","Produit Intérieur Brut","2018","2018","USD","43226.518945","X","Chiffre de source externe",""
"MK","Indicateurs macro","NZL","Nouvelle-Zélande","6129","Croissance annuelle US$","22008","Produit Intérieur Brut","2018","2018","%","2.555545","X","Chiffre de source externe",""
"MK","Indicateurs macro","NZL","Nouvelle-Zélande","61290","Croissance annuelle US$ par habitant","22008","Produit Intérieur Brut","2018","2018","%","0.712051","X","Chiffre de source externe",""
"MK","Indicateurs macro","OMN","Oman","6110","Valeur US$","22008","Produit Intérieur Brut","2018","2018","Millions d’USD","91505.918083","X","Chiffre de source externe",""
"MK","Indicateurs macro","OMN","Oman","6119","Valeur US$ par habitant","22008","Produit Intérieur Brut","2018","2018","USD","19901.773826","X","Chiffre de source externe",""
"MK","Indicateurs macro","OMN","Oman","6129","Croissance annuelle US$","22008","Produit Intérieur Brut","2018","2018","%","13.170657","X","Chiffre de source externe",""
"MK","Indicateurs macro","OMN","Oman","61290","Croissance annuelle US$ par habitant","22008","Produit Intérieur Brut","2018","2018","%","11.681998","X","Chiffre de source externe",""
"MK","Indicateurs macro","UGA","Ouganda","6110","Valeur US$","22008","Produit Intérieur Brut","2018","2018","Millions d’USD","34075.64068","X","Chiffre de source externe",""
"MK","Indicateurs macro","UGA","Ouganda","6119","Valeur US$ par habitant","22008","Produit Intérieur Brut","2018","2018","USD","819.799337","X","Chiffre de source externe",""
"MK","Indicateurs macro","UGA","Ouganda","6129","Croissance annuelle US$","22008","Produit Intérieur Brut","2018","2018","%","7.857006","X","Chiffre de source externe",""
"MK","Indicateurs macro","UGA","Ouganda","61290","Croissance annuelle US$ par habitant","22008","Produit Intérieur Brut","2018","2018","%","4.254208","X","Chiffre de source externe",""
"MK","Indicateurs macro","UZB","Ouzbékistan","6110","Valeur US$","22008","Produit Intérieur Brut","2018","2018","Millions d’USD","52870.108218","X","Chiffre de source externe",""
"MK","Indicateurs macro","UZB","Ouzbékistan","6119","Valeur US$ par habitant","22008","Produit Intérieur Brut","2018","2018","USD","1633.129681","X","Chiffre de source externe",""
"MK","Indicateurs macro","UZB","Ouzbékistan","6129","Croissance annuelle US$","22008","Produit Intérieur Brut","2018","2018","%","-14.837336","X","Chiffre de source externe",""
"MK","Indicateurs macro","UZB","Ouzbékistan","61290","Croissance annuelle US$ par habitant","22008","Produit Intérieur Brut","2018","2018","%","-16.295528","X","Chiffre de source externe",""
"MK","Indicateurs macro","PAK","Pakistan","6110","Valeur US$","22008","Produit Intérieur Brut","2018","2018","Millions d’USD","321691.849252","X","Chiffre de source externe",""
"MK","Indicateurs macro","PAK","Pakistan","6119","Valeur US$ par habitant","22008","Produit Intérieur Brut","2018","2018","USD","1417.588768","X","Chiffre de source externe",""
"MK","Indicateurs macro","PAK","Pakistan","6129","Croissance annuelle US$","22008","Produit Intérieur Brut","2018","2018","%","-4.58122","X","Chiffre de source externe",""
"MK","Indicateurs macro","PAK","Pakistan","61290","Croissance annuelle US$ par habitant","22008","Produit Intérieur Brut","2018","2018","%","-6.118038","X","Chiffre de source externe",""
"MK","Indicateurs macro","PLW","Palaos","6110","Valeur US$","22008","Produit Intérieur Brut","2018","2018","Millions d’USD","284.883094","X","Chiffre de source externe",""
"MK","Indicateurs macro","PLW","Palaos","6119","Valeur US$ par habitant","22008","Produit Intérieur Brut","2018","2018","USD","15991.641303","X","Chiffre de source externe",""
"MK","Indicateurs macro","PLW","Palaos","6129","Croissance annuelle US$","22008","Produit Intérieur Brut","2018","2018","%","-0.259235","X","Chiffre de source externe",""
"MK","Indicateurs macro","PLW","Palaos","61290","Croissance annuelle US$ par habitant","22008","Produit Intérieur Brut","2018","2018","%","-0.273232","X","Chiffre de source externe",""
"MK","Indicateurs macro","PSE","Palestine","6110","Valeur US$","22008","Produit Intérieur Brut","2018","2018","Millions d’USD","16276.6","X","Chiffre de source externe",""
"MK","Indicateurs macro","PSE","Palestine","6119","Valeur US$ par habitant","22008","Produit Intérieur Brut","2018","2018","USD","3355.590065","X","Chiffre de source externe",""
"MK","Indicateurs macro","PSE","Palestine","6129","Croissance annuelle US$","22008","Produit Intérieur Brut","2018","2018","%","0.921379","X","Chiffre de source externe",""
"MK","Indicateurs macro","PSE","Palestine","61290","Croissance annuelle US$ par habitant","22008","Produit Intérieur Brut","2018","2018","%","-1.322547","X","Chiffre de source externe",""
"MK","Indicateurs macro","PAN","Panama","6110","Valeur US$","22008","Produit Intérieur Brut","2018","2018","Millions d’USD","67294.2","X","Chiffre de source externe",""
"MK","Indicateurs macro","PAN","Panama","6119","Valeur US$ par habitant","22008","Produit Intérieur Brut","2018","2018","USD","16145.981853","X","Chiffre de source externe",""
"MK","Indicateurs macro","PAN","Panama","6129","Croissance annuelle US$","22008","Produit Intérieur Brut","2018","2018","%","4.723616","X","Chiffre de source externe",""
"MK","Indicateurs macro","PAN","Panama","61290","Croissance annuelle US$ par habitant","22008","Produit Intérieur Brut","2018","2018","%","2.986033","X","Chiffre de source externe",""
"MK","Indicateurs macro","PNG","Papouasie-Nouvelle-Guinée","6110","Valeur US$","22008","Produit Intérieur Brut","2018","2018","Millions d’USD","24109.780117","X","Chiffre de source externe",""
"MK","Indicateurs macro","PNG","Papouasie-Nouvelle-Guinée","6119","Valeur US$ par habitant","22008","Produit Intérieur Brut","2018","2018","USD","2566.368138","X","Chiffre de source externe",""
"MK","Indicateurs macro","PNG","Papouasie-Nouvelle-Guinée","6129","Croissance annuelle US$","22008","Produit Intérieur Brut","2018","2018","%","6.011089","X","Chiffre de source externe",""
"MK","Indicateurs macro","PNG","Papouasie-Nouvelle-Guinée","61290","Croissance annuelle US$ par habitant","22008","Produit Intérieur Brut","2018","2018","%","3.575929","X","Chiffre de source externe",""
"MK","Indicateurs macro","PRY","Paraguay","6110","Valeur US$","22008","Produit Intérieur Brut","2018","2018","Millions d’USD","40225.448569","X","Chiffre de source externe",""
"MK","Indicateurs macro","PRY","Paraguay","6119","Valeur US$ par habitant","22008","Produit Intérieur Brut","2018","2018","USD","6258.450439","X","Chiffre de source externe",""
"MK","Indicateurs macro","PRY","Paraguay","6129","Croissance annuelle US$","22008","Produit Intérieur Brut","2018","2018","%","3.149767","X","Chiffre de source externe",""
"MK","Indicateurs macro","PRY","Paraguay","61290","Croissance annuelle US$ par habitant","22008","Produit Intérieur Brut","2018","2018","%","1.725929","X","Chiffre de source externe",""
"MK","Indicateurs macro","NLD","Pays-Bas (Royaume des)","6110","Valeur US$","22008","Produit Intérieur Brut","2018","2018","Millions d’USD","929733.599797","X","Chiffre de source externe",""
"MK","Indicateurs macro","NLD","Pays-Bas (Royaume des)","6119","Valeur US$ par habitant","22008","Produit Intérieur Brut","2018","2018","USD","53367.698957","X","Chiffre de source externe",""
"MK","Indicateurs macro","NLD","Pays-Bas (Royaume des)","6129","Croissance annuelle US$","22008","Produit Intérieur Brut","2018","2018","%","9.60821","X","Chiffre de source externe",""
"MK","Indicateurs macro","NLD","Pays-Bas (Royaume des)","61290","Croissance annuelle US$ par habitant","22008","Produit Intérieur Brut","2018","2018","%","8.941867","X","Chiffre de source externe",""
"MK","Indicateurs macro","PER","Pérou","6110","Valeur US$","22008","Produit Intérieur Brut","2018","2018","Millions d’USD","222597.030191","X","Chiffre de source externe",""
"MK","Indicateurs macro","PER","Pérou","6119","Valeur US$ par habitant","22008","Produit Intérieur Brut","2018","2018","USD","6978.491966","X","Chiffre de source externe",""
"MK","Indicateurs macro","PER","Pérou","6129","Croissance annuelle US$","22008","Produit Intérieur Brut","2018","2018","%","5.492247","X","Chiffre de source externe",""
"MK","Indicateurs macro","PER","Pérou","61290","Croissance annuelle US$ par habitant","22008","Produit Intérieur Brut","2018","2018","%","3.597387","X","Chiffre de source externe",""
"MK","Indicateurs macro","PHL","Philippines","6110","Valeur US$","22008","Produit Intérieur Brut","2018","2018","Millions d’USD","346841.89689","X","Chiffre de source externe",""
"MK","Indicateurs macro","PHL","Philippines","6119","Valeur US$ par habitant","22008","Produit Intérieur Brut","2018","2018","USD","3168.510383","X","Chiffre de source externe",""
"MK","Indicateurs macro","PHL","Philippines","6129","Croissance annuelle US$","22008","Produit Intérieur Brut","2018","2018","%","5.589722","X","Chiffre de source externe",""
"MK","Indicateurs macro","PHL","Philippines","61290","Croissance annuelle US$ par habitant","22008","Produit Intérieur Brut","2018","2018","%","4.291769","X","Chiffre de source externe",""
"MK","Indicateurs macro","POL","Pologne","6110","Valeur US$","22008","Produit Intérieur Brut","2018","2018","Millions d’USD","594616.687356","X","Chiffre de source externe",""
"MK","Indicateurs macro","POL","Pologne","6119","Valeur US$ par habitant","22008","Produit Intérieur Brut","2018","2018","USD","15549.164278","X","Chiffre de source externe",""
"MK","Indicateurs macro","POL","Pologne","6129","Croissance annuelle US$","22008","Produit Intérieur Brut","2018","2018","%","12.540773","X","Chiffre de source externe",""
"MK","Indicateurs macro","POL","Pologne","61290","Croissance annuelle US$ par habitant","22008","Produit Intérieur Brut","2018","2018","%","12.581644","X","Chiffre de source externe",""
"MK","Indicateurs macro","PYF","Polynésie française","6110","Valeur US$","22008","Produit Intérieur Brut","2018","2018","Millions d’USD","6135.116261","X","Chiffre de source externe",""
"MK","Indicateurs macro","PYF","Polynésie française","6119","Valeur US$ par habitant","22008","Produit Intérieur Brut","2018","2018","USD","21925.576891","X","Chiffre de source externe",""
"MK","Indicateurs macro","PYF","Polynésie française","6129","Croissance annuelle US$","22008","Produit Intérieur Brut","2018","2018","%","5.173073","X","Chiffre de source externe",""
"MK","Indicateurs macro","PYF","Polynésie française","61290","Croissance annuelle US$ par habitant","22008","Produit Intérieur Brut","2018","2018","%","5.274932","X","Chiffre de source externe",""
"MK","Indicateurs macro","PRI","Porto Rico","6110","Valeur US$","22008","Produit Intérieur Brut","2018","2018","Millions d’USD","100958.1","X","Chiffre de source externe",""
"MK","Indicateurs macro","PRI","Porto Rico","6119","Valeur US$ par habitant","22008","Produit Intérieur Brut","2018","2018","USD","30685.71835","X","Chiffre de source externe",""
"MK","Indicateurs macro","PRI","Porto Rico","6129","Croissance annuelle US$","22008","Produit Intérieur Brut","2018","2018","%","-2.404551","X","Chiffre de source externe",""
"MK","Indicateurs macro","PRI","Porto Rico","61290","Croissance annuelle US$ par habitant","22008","Produit Intérieur Brut","2018","2018","%","0.022099","X","Chiffre de source externe",""
"MK","Indicateurs macro","PRT","Portugal","6110","Valeur US$","22008","Produit Intérieur Brut","2018","2018","Millions d’USD","242092.894543","X","Chiffre de source externe",""
"MK","Indicateurs macro","PRT","Portugal","6119","Valeur US$ par habitant","22008","Produit Intérieur Brut","2018","2018","USD","23446.452101","X","Chiffre de source externe",""
"MK","Indicateurs macro","PRT","Portugal","6129","Croissance annuelle US$","22008","Produit Intérieur Brut","2018","2018","%","9.61225","X","Chiffre de source externe",""
"MK","Indicateurs macro","PRT","Portugal","61290","Croissance annuelle US$ par habitant","22008","Produit Intérieur Brut","2018","2018","%","9.670542","X","Chiffre de source externe",""
"MK","Indicateurs macro","QAT","Qatar","6110","Valeur US$","22008","Produit Intérieur Brut","2018","2018","Millions d’USD","183334.953813","X","Chiffre de source externe",""
"MK","Indicateurs macro","QAT","Qatar","6119","Valeur US$ par habitant","22008","Produit Intérieur Brut","2018","2018","USD","66398.234431","X","Chiffre de source externe",""
"MK","Indicateurs macro","QAT","Qatar","6129","Croissance annuelle US$","22008","Produit Intérieur Brut","2018","2018","%","13.802578","X","Chiffre de source externe",""
"MK","Indicateurs macro","QAT","Qatar","61290","Croissance annuelle US$ par habitant","22008","Produit Intérieur Brut","2018","2018","%","11.559101","X","Chiffre de source externe",""
"MK","Indicateurs macro","SYR","République arabe syrienne","6110","Valeur US$","22008","Produit Intérieur Brut","2018","2018","Millions d’USD","22985.573019","X","Chiffre de source externe",""
"MK","Indicateurs macro","SYR","République arabe syrienne","6119","Valeur US$ par habitant","22008","Produit Intérieur Brut","2018","2018","USD","1174.060425","X","Chiffre de source externe",""
"MK","Indicateurs macro","SYR","République arabe syrienne","6129","Croissance annuelle US$","22008","Produit Intérieur Brut","2018","2018","%","31.525171","X","Chiffre de source externe",""
"MK","Indicateurs macro","SYR","République arabe syrienne","61290","Croissance annuelle US$ par habitant","22008","Produit Intérieur Brut","2018","2018","%","29.152507","X","Chiffre de source externe",""
"MK","Indicateurs macro","CAF","République centrafricaine","6110","Valeur US$","22008","Produit Intérieur Brut","2018","2018","Millions d’USD","2220.978586","X","Chiffre de source externe",""
"MK","Indicateurs macro","CAF","République centrafricaine","6119","Valeur US$ par habitant","22008","Produit Intérieur Brut","2018","2018","USD","455.243848","X","Chiffre de source externe",""
"MK","Indicateurs macro","CAF","République centrafricaine","6129","Croissance annuelle US$","22008","Produit Intérieur Brut","2018","2018","%","7.171984","X","Chiffre de source externe",""
"MK","Indicateurs macro","CAF","République centrafricaine","61290","Croissance annuelle US$ par habitant","22008","Produit Intérieur Brut","2018","2018","%","5.301527","X","Chiffre de source externe",""
"MK","Indicateurs macro","KOR","République de Corée","6110","Valeur US$","22008","Produit Intérieur Brut","2018","2018","Millions d’USD","1824251.399035","X","Chiffre de source externe",""
"MK","Indicateurs macro","KOR","République de Corée","6119","Valeur US$ par habitant","22008","Produit Intérieur Brut","2018","2018","USD","35325.712971","X","Chiffre de source externe",""
"MK","Indicateurs macro","KOR","République de Corée","6129","Croissance annuelle US$","22008","Produit Intérieur Brut","2018","2018","%","6.669098","X","Chiffre de source externe",""
"MK","Indicateurs macro","KOR","République de Corée","61290","Croissance annuelle US$ par habitant","22008","Produit Intérieur Brut","2018","2018","%","6.349709","X","Chiffre de source externe",""
"MK","Indicateurs macro","MDA","République de Moldova","6110","Valeur US$","22008","Produit Intérieur Brut","2018","2018","Millions d’USD","11252.353608","X","Chiffre de source externe",""
"MK","Indicateurs macro","MDA","République de Moldova","6119","Valeur US$ par habitant","22008","Produit Intérieur Brut","2018","2018","USD","3567.902195","X","Chiffre de source externe",""
"MK","Indicateurs macro","MDA","République de Moldova","6129","Croissance annuelle US$","22008","Produit Intérieur Brut","2018","2018","%","18.26651","X","Chiffre de source externe",""
"MK","Indicateurs macro","MDA","République de Moldova","61290","Croissance annuelle US$ par habitant","22008","Produit Intérieur Brut","2018","2018","%","19.756179","X","Chiffre de source externe",""
"MK","Indicateurs macro","COD","République démocratique du Congo","6110","Valeur US$","22008","Produit Intérieur Brut","2018","2018","Millions d’USD","47146.00431","X","Chiffre de source externe",""
"MK","Indicateurs macro","COD","République démocratique du Congo","6119","Valeur US$ par habitant","22008","Produit Intérieur Brut","2018","2018","USD","523.56733","X","Chiffre de source externe",""
"MK","Indicateurs macro","COD","République démocratique du Congo","6129","Croissance annuelle US$","22008","Produit Intérieur Brut","2018","2018","%","25.246859","X","Chiffre de source externe",""
"MK","Indicateurs macro","COD","République démocratique du Congo","61290","Croissance annuelle US$ par habitant","22008","Produit Intérieur Brut","2018","2018","%","21.123903","X","Chiffre de source externe",""
"MK","Indicateurs macro","LAO","République démocratique populaire lao","6110","Valeur US$","22008","Produit Intérieur Brut","2018","2018","Millions d’USD","18141.664443","X","Chiffre de source externe",""
"MK","Indicateurs macro","LAO","République démocratique populaire lao","6119","Valeur US$ par habitant","22008","Produit Intérieur Brut","2018","2018","USD","2545.110818","X","Chiffre de source externe",""
"MK","Indicateurs macro","LAO","République démocratique populaire lao","6129","Croissance annuelle US$","22008","Produit Intérieur Brut","2018","2018","%","6.309574","X","Chiffre de source externe",""
"MK","Indicateurs macro","LAO","République démocratique populaire lao","61290","Croissance annuelle US$ par habitant","22008","Produit Intérieur Brut","2018","2018","%","4.670526","X","Chiffre de source externe",""
"MK","Indicateurs macro","DOM","République dominicaine","6110","Valeur US$","22008","Produit Intérieur Brut","2018","2018","Millions d’USD","85555.390387","X","Chiffre de source externe",""
"MK","Indicateurs macro","DOM","République dominicaine","6119","Valeur US$ par habitant","22008","Produit Intérieur Brut","2018","2018","USD","7934.981067","X","Chiffre de source externe",""
"MK","Indicateurs macro","DOM","République dominicaine","6129","Croissance annuelle US$","22008","Produit Intérieur Brut","2018","2018","%","6.94685","X","Chiffre de source externe",""
"MK","Indicateurs macro","DOM","République dominicaine","61290","Croissance annuelle US$ par habitant","22008","Produit Intérieur Brut","2018","2018","%","5.804081","X","Chiffre de source externe",""
"MK","Indicateurs macro","PRK","République populaire démocratique de Corée","6110","Valeur US$","22008","Produit Intérieur Brut","2018","2018","Millions d’USD","17487.261057","X","Chiffre de source externe",""
"MK","Indicateurs macro","PRK","République populaire démocratique de Corée","6119","Valeur US$ par habitant","22008","Produit Intérieur Brut","2018","2018","USD","674.37282","X","Chiffre de source externe",""
"MK","Indicateurs macro","PRK","République populaire démocratique de Corée","6129","Croissance annuelle US$","22008","Produit Intérieur Brut","2018","2018","%","0.705661","X","Chiffre de source externe",""
"MK","Indicateurs macro","PRK","République populaire démocratique de Corée","61290","Croissance annuelle US$ par habitant","22008","Produit Intérieur Brut","2018","2018","%","0.265112","X","Chiffre de source externe",""
"MK","Indicateurs macro","TZA","République-Unie de Tanzanie","6110","Valeur US$","22008","Produit Intérieur Brut","2018","2018","Millions d’USD","56423.690612","X","Chiffre de source externe",""
"MK","Indicateurs macro","TZA","République-Unie de Tanzanie","6119","Valeur US$ par habitant","22008","Produit Intérieur Brut","2018","2018","USD","982.355427","X","Chiffre de source externe",""
"MK","Indicateurs macro","TZA","République-Unie de Tanzanie","6129","Croissance annuelle US$","22008","Produit Intérieur Brut","2018","2018","%","3.099888","X","Chiffre de source externe",""
"MK","Indicateurs macro","TZA","République-Unie de Tanzanie","61290","Croissance annuelle US$ par habitant","22008","Produit Intérieur Brut","2018","2018","%","-0.102855","X","Chiffre de source externe",""
"MK","Indicateurs macro","ROU","Roumanie","6110","Valeur US$","22008","Produit Intérieur Brut","2018","2018","Millions d’USD","243468.70362","X","Chiffre de source externe",""
"MK","Indicateurs macro","ROU","Roumanie","6119","Valeur US$ par habitant","22008","Produit Intérieur Brut","2018","2018","USD","12423.221441","X","Chiffre de source externe",""
"MK","Indicateurs macro","ROU","Roumanie","6129","Croissance annuelle US$","22008","Produit Intérieur Brut","2018","2018","%","15.856156","X","Chiffre de source externe",""
"MK","Indicateurs macro","ROU","Roumanie","61290","Croissance annuelle US$ par habitant","22008","Produit Intérieur Brut","2018","2018","%","16.397248","X","Chiffre de source externe",""
"MK","Indicateurs macro","GBR","Royaume-Uni de Grande-Bretagne et d'Irlande du Nord","6110","Valeur US$","22008","Produit Intérieur Brut","2018","2018","Millions d’USD","2871532.26301","X","Chiffre de source externe",""
"MK","Indicateurs macro","GBR","Royaume-Uni de Grande-Bretagne et d'Irlande du Nord","6119","Valeur US$ par habitant","22008","Produit Intérieur Brut","2018","2018","USD","43017.614898","X","Chiffre de source externe",""
"MK","Indicateurs macro","GBR","Royaume-Uni de Grande-Bretagne et d'Irlande du Nord","6129","Croissance annuelle US$","22008","Produit Intérieur Brut","2018","2018","%","7.137234","X","Chiffre de source externe",""
"MK","Indicateurs macro","GBR","Royaume-Uni de Grande-Bretagne et d'Irlande du Nord","61290","Croissance annuelle US$ par habitant","22008","Produit Intérieur Brut","2018","2018","%","6.49844","X","Chiffre de source externe",""
"MK","Indicateurs macro","RWA","Rwanda","6110","Valeur US$","22008","Produit Intérieur Brut","2018","2018","Millions d’USD","9637.746478","X","Chiffre de source externe",""
"MK","Indicateurs macro","RWA","Rwanda","6119","Valeur US$ par habitant","22008","Produit Intérieur Brut","2018","2018","USD","771.760856","X","Chiffre de source externe",""
"MK","Indicateurs macro","RWA","Rwanda","6129","Croissance annuelle US$","22008","Produit Intérieur Brut","2018","2018","%","4.163113","X","Chiffre de source externe",""
"MK","Indicateurs macro","RWA","Rwanda","61290","Croissance annuelle US$ par habitant","22008","Produit Intérieur Brut","2018","2018","%","1.778108","X","Chiffre de source externe",""
"MK","Indicateurs macro","LCA","Sainte-Lucie","6110","Valeur US$","22008","Produit Intérieur Brut","2018","2018","Millions d’USD","2060.955556","X","Chiffre de source externe",""
"MK","Indicateurs macro","LCA","Sainte-Lucie","6119","Valeur US$ par habitant","22008","Produit Intérieur Brut","2018","2018","USD","11642.698473","X","Chiffre de source externe",""
"MK","Indicateurs macro","LCA","Sainte-Lucie","6129","Croissance annuelle US$","22008","Produit Intérieur Brut","2018","2018","%","3.124931","X","Chiffre de source externe",""
"MK","Indicateurs macro","LCA","Sainte-Lucie","61290","Croissance annuelle US$ par habitant","22008","Produit Intérieur Brut","2018","2018","%","2.731695","X","Chiffre de source externe",""
"MK","Indicateurs macro","KNA","Saint-Kitts-et-Nevis","6110","Valeur US$","22008","Produit Intérieur Brut","2018","2018","Millions d’USD","1076.548148","X","Chiffre de source externe",""
"MK","Indicateurs macro","KNA","Saint-Kitts-et-Nevis","6119","Valeur US$ par habitant","22008","Produit Intérieur Brut","2018","2018","USD","22901.138053","X","Chiffre de source externe",""
"MK","Indicateurs macro","KNA","Saint-Kitts-et-Nevis","6129","Croissance annuelle US$","22008","Produit Intérieur Brut","2018","2018","%","1.85154","X","Chiffre de source externe",""
"MK","Indicateurs macro","KNA","Saint-Kitts-et-Nevis","61290","Croissance annuelle US$ par habitant","22008","Produit Intérieur Brut","2018","2018","%","1.94254","X","Chiffre de source externe",""
"MK","Indicateurs macro","SMR","Saint-Marin","6110","Valeur US$","22008","Produit Intérieur Brut","2018","2018","Millions d’USD","1655.354304","X","Chiffre de source externe",""
"MK","Indicateurs macro","SMR","Saint-Marin","6119","Valeur US$ par habitant","22008","Produit Intérieur Brut","2018","2018","USD","47941.680177","X","Chiffre de source externe",""
"MK","Indicateurs macro","SMR","Saint-Marin","6129","Croissance annuelle US$","22008","Produit Intérieur Brut","2018","2018","%","8.290681","X","Chiffre de source externe",""
"MK","Indicateurs macro","SMR","Saint-Marin","61290","Croissance annuelle US$ par habitant","22008","Produit Intérieur Brut","2018","2018","%","7.818673","X","Chiffre de source externe",""
"MK","Indicateurs macro","VCT","Saint-Vincent-et-les Grenadines","6110","Valeur US$","22008","Produit Intérieur Brut","2018","2018","Millions d’USD","884.328148","X","Chiffre de source externe",""
"MK","Indicateurs macro","VCT","Saint-Vincent-et-les Grenadines","6119","Valeur US$ par habitant","22008","Produit Intérieur Brut","2018","2018","USD","8428.112652","X","Chiffre de source externe",""
"MK","Indicateurs macro","VCT","Saint-Vincent-et-les Grenadines","6129","Croissance annuelle US$","22008","Produit Intérieur Brut","2018","2018","%","4.773389","X","Chiffre de source externe",""
"MK","Indicateurs macro","VCT","Saint-Vincent-et-les Grenadines","61290","Croissance annuelle US$ par habitant","22008","Produit Intérieur Brut","2018","2018","%","5.509317","X","Chiffre de source externe",""
"MK","Indicateurs macro","WSM","Samoa","6110","Valeur US$","22008","Produit Intérieur Brut","2018","2018","Millions d’USD","894.065272","X","Chiffre de source externe",""
"MK","Indicateurs macro","WSM","Samoa","6119","Valeur US$ par habitant","22008","Produit Intérieur Brut","2018","2018","USD","4307.046238","X","Chiffre de source externe",""
"MK","Indicateurs macro","WSM","Samoa","6129","Croissance annuelle US$","22008","Produit Intérieur Brut","2018","2018","%","1.403113","X","Chiffre de source externe",""
"MK","Indicateurs macro","WSM","Samoa","61290","Croissance annuelle US$ par habitant","22008","Produit Intérieur Brut","2018","2018","%","0.344297","X","Chiffre de source externe",""
"MK","Indicateurs macro","STP","Sao Tomé-et-Principe","6110","Valeur US$","22008","Produit Intérieur Brut","2018","2018","Millions d’USD","415.355831","X","Chiffre de source externe",""
"MK","Indicateurs macro","STP","Sao Tomé-et-Principe","6119","Valeur US$ par habitant","22008","Produit Intérieur Brut","2018","2018","USD","1976.125215","X","Chiffre de source externe",""
"MK","Indicateurs macro","STP","Sao Tomé-et-Principe","6129","Croissance annuelle US$","22008","Produit Intérieur Brut","2018","2018","%","9.708682","X","Chiffre de source externe",""
"MK","Indicateurs macro","STP","Sao Tomé-et-Principe","61290","Croissance annuelle US$ par habitant","22008","Produit Intérieur Brut","2018","2018","%","8.029805","X","Chiffre de source externe",""
"MK","Indicateurs macro","SEN","Sénégal","6110","Valeur US$","22008","Produit Intérieur Brut","2018","2018","Millions d’USD","23116.719543","X","Chiffre de source externe",""
"MK","Indicateurs macro","SEN","Sénégal","6119","Valeur US$ par habitant","22008","Produit Intérieur Brut","2018","2018","USD","1452.55721","X","Chiffre de source externe",""
"MK","Indicateurs macro","SEN","Sénégal","6129","Croissance annuelle US$","22008","Produit Intérieur Brut","2018","2018","%","10.0976","X","Chiffre de source externe",""
"MK","Indicateurs macro","SEN","Sénégal","61290","Croissance annuelle US$ par habitant","22008","Produit Intérieur Brut","2018","2018","%","7.05713","X","Chiffre de source externe",""
"MK","Indicateurs macro","SRB","Serbie","6110","Valeur US$","22008","Produit Intérieur Brut","2018","2018","Millions d’USD","50640.640898","X","Chiffre de source externe",""
"MK","Indicateurs macro","SRB","Serbie","6119","Valeur US$ par habitant","22008","Produit Intérieur Brut","2018","2018","USD","7213.746985","X","Chiffre de source externe",""
"MK","Indicateurs macro","SRB","Serbie","6129","Croissance annuelle US$","22008","Produit Intérieur Brut","2018","2018","%","14.625763","X","Chiffre de source externe",""
"MK","Indicateurs macro","SRB","Serbie","61290","Croissance annuelle US$ par habitant","22008","Produit Intérieur Brut","2018","2018","%","15.499129","X","Chiffre de source externe",""
"MK","Indicateurs macro","SYC","Seychelles","6110","Valeur US$","22008","Produit Intérieur Brut","2018","2018","Millions d’USD","1784.400246","X","Chiffre de source externe",""
"MK","Indicateurs macro","SYC","Seychelles","6119","Valeur US$ par habitant","22008","Produit Intérieur Brut","2018","2018","USD","15511.128702","X","Chiffre de source externe",""
"MK","Indicateurs macro","SYC","Seychelles","6129","Croissance annuelle US$","22008","Produit Intérieur Brut","2018","2018","%","6.504032","X","Chiffre de source externe",""
"MK","Indicateurs macro","SYC","Seychelles","61290","Croissance annuelle US$ par habitant","22008","Produit Intérieur Brut","2018","2018","%","4.084454","X","Chiffre de source externe",""
"MK","Indicateurs macro","SLE","Sierra Leone","6110","Valeur US$","22008","Produit Intérieur Brut","2018","2018","Millions d’USD","6390.514915","X","Chiffre de source externe",""
"MK","Indicateurs macro","SLE","Sierra Leone","6119","Valeur US$ par habitant","22008","Produit Intérieur Brut","2018","2018","USD","845.91457","X","Chiffre de source externe",""
"MK","Indicateurs macro","SLE","Sierra Leone","6129","Croissance annuelle US$","22008","Produit Intérieur Brut","2018","2018","%","22.833796","X","Chiffre de source externe",""
"MK","Indicateurs macro","SLE","Sierra Leone","61290","Croissance annuelle US$ par habitant","22008","Produit Intérieur Brut","2018","2018","%","19.984082","X","Chiffre de source externe",""
"MK","Indicateurs macro","SGP","Singapour","6110","Valeur US$","22008","Produit Intérieur Brut","2018","2018","Millions d’USD","376892.790728","X","Chiffre de source externe",""
"MK","Indicateurs macro","SGP","Singapour","6119","Valeur US$ par habitant","22008","Produit Intérieur Brut","2018","2018","USD","66891.741965","X","Chiffre de source externe",""
"MK","Indicateurs macro","SGP","Singapour","6129","Croissance annuelle US$","22008","Produit Intérieur Brut","2018","2018","%","9.798958","X","Chiffre de source externe",""
"MK","Indicateurs macro","SGP","Singapour","61290","Croissance annuelle US$ par habitant","22008","Produit Intérieur Brut","2018","2018","%","9.208667","X","Chiffre de source externe",""
"MK","Indicateurs macro","SXM","Sint Maarten (partie néerlandaise)","6110","Valeur US$","22008","Produit Intérieur Brut","2018","2018","Millions d’USD","1259.217877","X","Chiffre de source externe",""
"MK","Indicateurs macro","SXM","Sint Maarten (partie néerlandaise)","6119","Valeur US$ par habitant","22008","Produit Intérieur Brut","2018","2018","USD","31708.749927","X","Chiffre de source externe",""
"MK","Indicateurs macro","SXM","Sint Maarten (partie néerlandaise)","6129","Croissance annuelle US$","22008","Produit Intérieur Brut","2018","2018","%","-2.335456","X","Chiffre de source externe",""
"MK","Indicateurs macro","SXM","Sint Maarten (partie néerlandaise)","61290","Croissance annuelle US$ par habitant","22008","Produit Intérieur Brut","2018","2018","%","-4.0951","X","Chiffre de source externe",""
"MK","Indicateurs macro","SVK","Slovaquie","6110","Valeur US$","22008","Produit Intérieur Brut","2018","2018","Millions d’USD","106611.673365","X","Chiffre de source externe",""
"MK","Indicateurs macro","SVK","Slovaquie","6119","Valeur US$ par habitant","22008","Produit Intérieur Brut","2018","2018","USD","19586.097628","X","Chiffre de source externe",""
"MK","Indicateurs macro","SVK","Slovaquie","6129","Croissance annuelle US$","22008","Produit Intérieur Brut","2018","2018","%","11.079131","X","Chiffre de source externe",""
"MK","Indicateurs macro","SVK","Slovaquie","61290","Croissance annuelle US$ par habitant","22008","Produit Intérieur Brut","2018","2018","%","10.925437","X","Chiffre de source externe",""
"MK","Indicateurs macro","SVN","Slovénie","6110","Valeur US$","22008","Produit Intérieur Brut","2018","2018","Millions d’USD","53689.06764","X","Chiffre de source externe",""
"MK","Indicateurs macro","SVN","Slovénie","6119","Valeur US$ par habitant","22008","Produit Intérieur Brut","2018","2018","USD","25943.258533","X","Chiffre de source externe",""
"MK","Indicateurs macro","SVN","Slovénie","6129","Croissance annuelle US$","22008","Produit Intérieur Brut","2018","2018","%","11.496365","X","Chiffre de source externe",""
"MK","Indicateurs macro","SVN","Slovénie","61290","Croissance annuelle US$ par habitant","22008","Produit Intérieur Brut","2018","2018","%","11.115431","X","Chiffre de source externe",""
"MK","Indicateurs macro","SOM","Somalie","6110","Valeur US$","22008","Produit Intérieur Brut","2018","2018","Millions d’USD","7873","X","Chiffre de source externe",""
"MK","Indicateurs macro","SOM","Somalie","6119","Valeur US$ par habitant","22008","Produit Intérieur Brut","2018","2018","USD","509.49729","X","Chiffre de source externe",""
"MK","Indicateurs macro","SOM","Somalie","6129","Croissance annuelle US$","22008","Produit Intérieur Brut","2018","2018","%","-4.592826","X","Chiffre de source externe",""
"MK","Indicateurs macro","SOM","Somalie","61290","Croissance annuelle US$ par habitant","22008","Produit Intérieur Brut","2018","2018","%","-7.901329","X","Chiffre de source externe",""
"MK","Indicateurs macro","SDN","Soudan","6110","Valeur US$","22008","Produit Intérieur Brut","2018","2018","Millions d’USD","48363.447289","X","Chiffre de source externe",""
"MK","Indicateurs macro","SDN","Soudan","6119","Valeur US$ par habitant","22008","Produit Intérieur Brut","2018","2018","USD","1093.438743","X","Chiffre de source externe",""
"MK","Indicateurs macro","SDN","Soudan","6129","Croissance annuelle US$","22008","Produit Intérieur Brut","2018","2018","%","-60.381449","X","Chiffre de source externe",""
"MK","Indicateurs macro","SDN","Soudan","61290","Croissance annuelle US$ par habitant","22008","Produit Intérieur Brut","2018","2018","%","-61.73963","X","Chiffre de source externe",""
"MK","Indicateurs macro","SSD","Soudan du Sud","6110","Valeur US$","22008","Produit Intérieur Brut","2018","2018","Millions d’USD","3793.548099","X","Chiffre de source externe",""
"MK","Indicateurs macro","SSD","Soudan du Sud","6119","Valeur US$ par habitant","22008","Produit Intérieur Brut","2018","2018","USD","374.746292","X","Chiffre de source externe",""
"MK","Indicateurs macro","SSD","Soudan du Sud","6129","Croissance annuelle US$","22008","Produit Intérieur Brut","2018","2018","%","6.22116","X","Chiffre de source externe",""
"MK","Indicateurs macro","SSD","Soudan du Sud","61290","Croissance annuelle US$ par habitant","22008","Produit Intérieur Brut","2018","2018","%","7.65007","X","Chiffre de source externe",""
"MK","Indicateurs macro","LKA","Sri Lanka","6110","Valeur US$","22008","Produit Intérieur Brut","2018","2018","Millions d’USD","94493.871351","X","Chiffre de source externe",""
"MK","Indicateurs macro","LKA","Sri Lanka","6119","Valeur US$ par habitant","22008","Produit Intérieur Brut","2018","2018","USD","4246.320509","X","Chiffre de source externe",""
"MK","Indicateurs macro","LKA","Sri Lanka","6129","Croissance annuelle US$","22008","Produit Intérieur Brut","2018","2018","%","0.124643","X","Chiffre de source externe",""
"MK","Indicateurs macro","LKA","Sri Lanka","61290","Croissance annuelle US$ par habitant","22008","Produit Intérieur Brut","2018","2018","%","-0.620432","X","Chiffre de source externe",""
"MK","Indicateurs macro","SWE","Suède","6110","Valeur US$","22008","Produit Intérieur Brut","2018","2018","Millions d’USD","551312.49843","X","Chiffre de source externe",""
"MK","Indicateurs macro","SWE","Suède","6119","Valeur US$ par habitant","22008","Produit Intérieur Brut","2018","2018","USD","54180.892605","X","Chiffre de source externe",""
"MK","Indicateurs macro","SWE","Suède","6129","Croissance annuelle US$","22008","Produit Intérieur Brut","2018","2018","%","2.840704","X","Chiffre de source externe",""
"MK","Indicateurs macro","SWE","Suède","61290","Croissance annuelle US$ par habitant","22008","Produit Intérieur Brut","2018","2018","%","1.652721","X","Chiffre de source externe",""
"MK","Indicateurs macro","CHE","Suisse","6110","Valeur US$","22008","Produit Intérieur Brut","2018","2018","Millions d’USD","725562.534364","X","Chiffre de source externe",""
"MK","Indicateurs macro","CHE","Suisse","6119","Valeur US$ par habitant","22008","Produit Intérieur Brut","2018","2018","USD","85196.475361","X","Chiffre de source externe",""
"MK","Indicateurs macro","CHE","Suisse","6129","Croissance annuelle US$","22008","Produit Intérieur Brut","2018","2018","%","4.367328","X","Chiffre de source externe",""
"MK","Indicateurs macro","CHE","Suisse","61290","Croissance annuelle US$ par habitant","22008","Produit Intérieur Brut","2018","2018","%","3.598741","X","Chiffre de source externe",""
"MK","Indicateurs macro","SUR","Suriname","6110","Valeur US$","22008","Produit Intérieur Brut","2018","2018","Millions d’USD","3996.19876","X","Chiffre de source externe",""
"MK","Indicateurs macro","SUR","Suriname","6119","Valeur US$ par habitant","22008","Produit Intérieur Brut","2018","2018","USD","6665.747187","X","Chiffre de source externe",""
"MK","Indicateurs macro","SUR","Suriname","6129","Croissance annuelle US$","22008","Produit Intérieur Brut","2018","2018","%","11.262681","X","Chiffre de source externe",""
"MK","Indicateurs macro","SUR","Suriname","61290","Croissance annuelle US$ par habitant","22008","Produit Intérieur Brut","2018","2018","%","10.18636","X","Chiffre de source externe",""
"MK","Indicateurs macro","TJK","Tadjikistan","6110","Valeur US$","22008","Produit Intérieur Brut","2018","2018","Millions d’USD","7765.000282","X","Chiffre de source externe",""
"MK","Indicateurs macro","TJK","Tadjikistan","6119","Valeur US$ par habitant","22008","Produit Intérieur Brut","2018","2018","USD","834.288435","X","Chiffre de source externe",""
"MK","Indicateurs macro","TJK","Tadjikistan","6129","Croissance annuelle US$","22008","Produit Intérieur Brut","2018","2018","%","3.033239","X","Chiffre de source externe",""
"MK","Indicateurs macro","TJK","Tadjikistan","61290","Croissance annuelle US$ par habitant","22008","Produit Intérieur Brut","2018","2018","%","0.58246","X","Chiffre de source externe",""
"MK","Indicateurs macro","TCD","Tchad","6110","Valeur US$","22008","Produit Intérieur Brut","2018","2018","Millions d’USD","15362.287167","X","Chiffre de source externe",""
"MK","Indicateurs macro","TCD","Tchad","6119","Valeur US$ par habitant","22008","Produit Intérieur Brut","2018","2018","USD","950.840725","X","Chiffre de source externe",""
"MK","Indicateurs macro","TCD","Tchad","6129","Croissance annuelle US$","22008","Produit Intérieur Brut","2018","2018","%","15.081575","X","Chiffre de source externe",""
"MK","Indicateurs macro","TCD","Tchad","61290","Croissance annuelle US$ par habitant","22008","Produit Intérieur Brut","2018","2018","%","11.279567","X","Chiffre de source externe",""
"MK","Indicateurs macro","CZE","Tchéquie","6110","Valeur US$","22008","Produit Intérieur Brut","2018","2018","Millions d’USD","251992.360762","X","Chiffre de source externe",""
"MK","Indicateurs macro","CZE","Tchéquie","6119","Valeur US$ par habitant","22008","Produit Intérieur Brut","2018","2018","USD","23887.938734","X","Chiffre de source externe",""
"MK","Indicateurs macro","CZE","Tchéquie","6129","Croissance annuelle US$","22008","Produit Intérieur Brut","2018","2018","%","13.733659","X","Chiffre de source externe",""
"MK","Indicateurs macro","CZE","Tchéquie","61290","Croissance annuelle US$ par habitant","22008","Produit Intérieur Brut","2018","2018","%","13.651768","X","Chiffre de source externe",""
"MK","Indicateurs macro","THA","Thaïlande","6110","Valeur US$","22008","Produit Intérieur Brut","2018","2018","Millions d’USD","506754.119583","X","Chiffre de source externe",""
"MK","Indicateurs macro","THA","Thaïlande","6119","Valeur US$ par habitant","22008","Produit Intérieur Brut","2018","2018","USD","7099.775306","X","Chiffre de source externe",""
"MK","Indicateurs macro","THA","Thaïlande","6129","Croissance annuelle US$","22008","Produit Intérieur Brut","2018","2018","%","11.0434","X","Chiffre de source externe",""
"MK","Indicateurs macro","THA","Thaïlande","61290","Croissance annuelle US$ par habitant","22008","Produit Intérieur Brut","2018","2018","%","10.707526","X","Chiffre de source externe",""
"MK","Indicateurs macro","TLS","Timor-Leste","6110","Valeur US$","22008","Produit Intérieur Brut","2018","2018","Millions d’USD","1566.157219","X","Chiffre de source externe",""
"MK","Indicateurs macro","TLS","Timor-Leste","6119","Valeur US$ par habitant","22008","Produit Intérieur Brut","2018","2018","USD","1227.435379","X","Chiffre de source externe",""
"MK","Indicateurs macro","TLS","Timor-Leste","6129","Croissance annuelle US$","22008","Produit Intérieur Brut","2018","2018","%","-2.005442","X","Chiffre de source externe",""
"MK","Indicateurs macro","TLS","Timor-Leste","61290","Croissance annuelle US$ par habitant","22008","Produit Intérieur Brut","2018","2018","%","-3.86832","X","Chiffre de source externe",""
"MK","Indicateurs macro","TGO","Togo","6110","Valeur US$","22008","Produit Intérieur Brut","2018","2018","Millions d’USD","7029.215761","X","Chiffre de source externe",""
"MK","Indicateurs macro","TGO","Togo","6119","Valeur US$ par habitant","22008","Produit Intérieur Brut","2018","2018","USD","851.120561","X","Chiffre de source externe",""
"MK","Indicateurs macro","TGO","Togo","6129","Croissance annuelle US$","22008","Produit Intérieur Brut","2018","2018","%","10.047736","X","Chiffre de source externe",""
"MK","Indicateurs macro","TGO","Togo","61290","Croissance annuelle US$ par habitant","22008","Produit Intérieur Brut","2018","2018","%","7.360915","X","Chiffre de source externe",""
"MK","Indicateurs macro","TON","Tonga","6110","Valeur US$","22008","Produit Intérieur Brut","2018","2018","Millions d’USD","480.345871","X","Chiffre de source externe",""
"MK","Indicateurs macro","TON","Tonga","6119","Valeur US$ par habitant","22008","Produit Intérieur Brut","2018","2018","USD","4550.173314","X","Chiffre de source externe",""
"MK","Indicateurs macro","TON","Tonga","6129","Croissance annuelle US$","22008","Produit Intérieur Brut","2018","2018","%","4.213308","X","Chiffre de source externe",""
"MK","Indicateurs macro","TON","Tonga","61290","Croissance annuelle US$ par habitant","22008","Produit Intérieur Brut","2018","2018","%","4.005013","X","Chiffre de source externe",""
"MK","Indicateurs macro","TTO","Trinité-et-Tobago","6110","Valeur US$","22008","Produit Intérieur Brut","2018","2018","Millions d’USD","23888.910507","X","Chiffre de source externe",""
"MK","Indicateurs macro","TTO","Trinité-et-Tobago","6119","Valeur US$ par habitant","22008","Produit Intérieur Brut","2018","2018","USD","16245.229493","X","Chiffre de source externe",""
"MK","Indicateurs macro","TTO","Trinité-et-Tobago","6129","Croissance annuelle US$","22008","Produit Intérieur Brut","2018","2018","%","0.172532","X","Chiffre de source externe",""
"MK","Indicateurs macro","TTO","Trinité-et-Tobago","61290","Croissance annuelle US$ par habitant","22008","Produit Intérieur Brut","2018","2018","%","-1.548057","X","Chiffre de source externe",""
"MK","Indicateurs macro","TUN","Tunisie","6110","Valeur US$","22008","Produit Intérieur Brut","2018","2018","Millions d’USD","42686.498321","X","Chiffre de source externe",""
"MK","Indicateurs macro","TUN","Tunisie","6119","Valeur US$ par habitant","22008","Produit Intérieur Brut","2018","2018","USD","3628.102989","X","Chiffre de source externe",""
"MK","Indicateurs macro","TUN","Tunisie","6129","Croissance annuelle US$","22008","Produit Intérieur Brut","2018","2018","%","1.240332","X","Chiffre de source externe",""
"MK","Indicateurs macro","TUN","Tunisie","61290","Croissance annuelle US$ par habitant","22008","Produit Intérieur Brut","2018","2018","%","0.250638","X","Chiffre de source externe",""
"MK","Indicateurs macro","TUR","Türkiye","6110","Valeur US$","22008","Produit Intérieur Brut","2018","2018","Millions d’USD","778972.175978","X","Chiffre de source externe",""
"MK","Indicateurs macro","TUR","Türkiye","6119","Valeur US$ par habitant","22008","Produit Intérieur Brut","2018","2018","USD","9227.782253","X","Chiffre de source externe",""
"MK","Indicateurs macro","TUR","Türkiye","6129","Croissance annuelle US$","22008","Produit Intérieur Brut","2018","2018","%","-9.31518","X","Chiffre de source externe",""
"MK","Indicateurs macro","TUR","Türkiye","61290","Croissance annuelle US$ par habitant","22008","Produit Intérieur Brut","2018","2018","%","-10.746426","X","Chiffre de source externe",""
"MK","Indicateurs macro","TKM","Turkménistan","6110","Valeur US$","22008","Produit Intérieur Brut","2018","2018","Millions d’USD","40765.428571","X","Chiffre de source externe",""
"MK","Indicateurs macro","TKM","Turkménistan","6119","Valeur US$ par habitant","22008","Produit Intérieur Brut","2018","2018","USD","6125.051697","X","Chiffre de source externe",""
"MK","Indicateurs macro","TKM","Turkménistan","6129","Croissance annuelle US$","22008","Produit Intérieur Brut","2018","2018","%","7.48595","X","Chiffre de source externe",""
"MK","Indicateurs macro","TKM","Turkménistan","61290","Croissance annuelle US$ par habitant","22008","Produit Intérieur Brut","2018","2018","%","5.08829","X","Chiffre de source externe",""
"MK","Indicateurs macro","TUV","Tuvalu","6110","Valeur US$","22008","Produit Intérieur Brut","2018","2018","Millions d’USD","48.042003","X","Chiffre de source externe",""
"MK","Indicateurs macro","TUV","Tuvalu","6119","Valeur US$ par habitant","22008","Produit Intérieur Brut","2018","2018","USD","4468.815658","X","Chiffre de source externe",""
"MK","Indicateurs macro","TUV","Tuvalu","6129","Croissance annuelle US$","22008","Produit Intérieur Brut","2018","2018","%","6.062929","X","Chiffre de source externe",""
"MK","Indicateurs macro","TUV","Tuvalu","61290","Croissance annuelle US$ par habitant","22008","Produit Intérieur Brut","2018","2018","%","7.232034","X","Chiffre de source externe",""
"MK","Indicateurs macro","UKR","Ukraine","6110","Valeur US$","22008","Produit Intérieur Brut","2018","2018","Millions d’USD","130891.08669","X","Chiffre de source externe",""
"MK","Indicateurs macro","UKR","Ukraine","6119","Valeur US$ par habitant","22008","Produit Intérieur Brut","2018","2018","USD","2895.249971","X","Chiffre de source externe",""
"MK","Indicateurs macro","UKR","Ukraine","6129","Croissance annuelle US$","22008","Produit Intérieur Brut","2018","2018","%","16.772681","X","Chiffre de source externe",""
"MK","Indicateurs macro","UKR","Ukraine","61290","Croissance annuelle US$ par habitant","22008","Produit Intérieur Brut","2018","2018","%","17.35936","X","Chiffre de source externe",""
"MK","Indicateurs macro","URY","Uruguay","6110","Valeur US$","22008","Produit Intérieur Brut","2018","2018","Millions d’USD","65344.413974","X","Chiffre de source externe",""
"MK","Indicateurs macro","URY","Uruguay","6119","Valeur US$ par habitant","22008","Produit Intérieur Brut","2018","2018","USD","19249.892319","X","Chiffre de source externe",""
"MK","Indicateurs macro","URY","Uruguay","6129","Croissance annuelle US$","22008","Produit Intérieur Brut","2018","2018","%","0.520538","X","Chiffre de source externe",""
"MK","Indicateurs macro","URY","Uruguay","61290","Croissance annuelle US$ par habitant","22008","Produit Intérieur Brut","2018","2018","%","0.340006","X","Chiffre de source externe",""
"MK","Indicateurs macro","VUT","Vanuatu","6110","Valeur US$","22008","Produit Intérieur Brut","2018","2018","Millions d’USD","914.727908","X","Chiffre de source externe",""
"MK","Indicateurs macro","VUT","Vanuatu","6119","Valeur US$ par habitant","22008","Produit Intérieur Brut","2018","2018","USD","3206.663108","X","Chiffre de source externe",""
"MK","Indicateurs macro","VUT","Vanuatu","6129","Croissance annuelle US$","22008","Produit Intérieur Brut","2018","2018","%","3.941241","X","Chiffre de source externe",""
"MK","Indicateurs macro","VUT","Vanuatu","61290","Croissance annuelle US$ par habitant","22008","Produit Intérieur Brut","2018","2018","%","1.481159","X","Chiffre de source externe",""
"MK","Indicateurs macro","VEN","Venezuela (République bolivarienne du)","6110","Valeur US$","22008","Produit Intérieur Brut","2018","2018","Millions d’USD","203126.902526","X","Chiffre de source externe",""
"MK","Indicateurs macro","VEN","Venezuela (République bolivarienne du)","6119","Valeur US$ par habitant","22008","Produit Intérieur Brut","2018","2018","USD","6814.602888","X","Chiffre de source externe",""
"MK","Indicateurs macro","VEN","Venezuela (République bolivarienne du)","6129","Croissance annuelle US$","22008","Produit Intérieur Brut","2018","2018","%","-17.779386","X","Chiffre de source externe",""
"MK","Indicateurs macro","VEN","Venezuela (République bolivarienne du)","61290","Croissance annuelle US$ par habitant","22008","Produit Intérieur Brut","2018","2018","%","-15.689276","X","Chiffre de source externe",""
"MK","Indicateurs macro","VNM","Viet Nam","6110","Valeur US$","22008","Produit Intérieur Brut","2018","2018","Millions d’USD","310106.478468","X","Chiffre de source externe",""
"MK","Indicateurs macro","VNM","Viet Nam","6119","Valeur US$ par habitant","22008","Produit Intérieur Brut","2018","2018","USD","3222.310015","X","Chiffre de source externe",""
"MK","Indicateurs macro","VNM","Viet Nam","6129","Croissance annuelle US$","22008","Produit Intérieur Brut","2018","2018","%","10.219479","X","Chiffre de source externe",""
"MK","Indicateurs macro","VNM","Viet Nam","61290","Croissance annuelle US$ par habitant","22008","Produit Intérieur Brut","2018","2018","%","9.005081","X","Chiffre de source externe",""
"MK","Indicateurs macro","YEM","Yémen","6110","Valeur US$","22008","Produit Intérieur Brut","2018","2018","Millions d’USD","26671.579499","X","Chiffre de source externe",""
"MK","Indicateurs macro","YEM","Yémen","6119","Valeur US$ par habitant","22008","Produit Intérieur Brut","2018","2018","USD","782.497787","X","Chiffre de source externe",""
"MK","Indicateurs macro","YEM","Yémen","6129","Croissance annuelle US$","22008","Produit Intérieur Brut","2018","2018","%","45.020049","X","Chiffre de source externe",""
"MK","Indicateurs macro","YEM","Yémen","61290","Croissance annuelle US$ par habitant","22008","Produit Intérieur Brut","2018","2018","%","40.789832","X","Chiffre de source externe",""
"MK","Indicateurs macro","ZMB","Zambie","6110","Valeur US$","22008","Produit Intérieur Brut","2018","2018","Millions d’USD","26311.505976","X","Chiffre de source externe",""
"MK","Indicateurs macro","ZMB","Zambie","6119","Valeur US$ par habitant","22008","Produit Intérieur Brut","2018","2018","USD","1463.899906","X","Chiffre de source externe",""
"MK","Indicateurs macro","ZMB","Zambie","6129","Croissance annuelle US$","22008","Produit Intérieur Brut","2018","2018","%","1.586044","X","Chiffre de source externe",""
"MK","Indicateurs macro","ZMB","Zambie","61290","Croissance annuelle US$ par habitant","22008","Produit Intérieur Brut","2018","2018","%","-1.422213","X","Chiffre de source externe",""
"MK","Indicateurs macro","ZWE","Zimbabwe","6110","Valeur US$","22008","Produit Intérieur Brut","2018","2018","Millions d’USD","23645.265549","X","Chiffre de source externe",""
"MK","Indicateurs macro","ZWE","Zimbabwe","6119","Valeur US$ par habitant","22008","Produit Intérieur Brut","2018","2018","USD","1572.73877","X","Chiffre de source externe",""
"MK","Indicateurs macro","ZWE","Zimbabwe","6129","Croissance annuelle US$","22008","Produit Intérieur Brut","2018","2018","%","7.280232","X","Chiffre de source externe",""
"MK","Indicateurs macro","ZWE","Zimbabwe","61290","Croissance annuelle US$ par habitant","22008","Produit Intérieur Brut","2018","2018","%","5.696337","X","Chiffre de source externe",""
