Code Domaine,Domaine,Code zone (ISO3),Zone,Code Élément,Élément,Code Produit (FBS),Produit,Code année,Année,Unité,Valeur,Symbole,Description du Symbole,Note
"FBS","Bilans Alimentaires (2010-)","AFG","Afghanistan","5511","Production","S2734","Viande de Volailles","2018","2018","1000 t","29","I","Valeur imputée par une agence réceptrice",""
"FBS","Bilans Alimentaires (2010-)","AFG","Afghanistan","5611","Importations - quantité","S2734","Viande de Volailles","2018","2018","1000 t","25","I","Valeur imputée par une agence réceptrice",""
"FBS","Bilans Alimentaires (2010-)","AFG","Afghanistan","5072","Variation de stock","S2734","Viande de Volailles","2018","2018","1000 t","0","I","Valeur imputée par une agence réceptrice",""
"FBS","Bilans Alimentaires (2010-)","AFG","Afghanistan","5911","Exportations - quantité","S2734","Viande de Volailles","2018","2018","1000 t","0","I","Valeur imputée par une agence réceptrice",""
"FBS","Bilans Alimentaires (2010-)","AFG","Afghanistan","5301","Disponibilité intérieure","S2734","Viande de Volailles","2018","2018","1000 t","53","I","Valeur imputée par une agence réceptrice",""
"FBS","Bilans Alimentaires (2010-)","AFG","Afghanistan","5170","Résidus","S2734","Viande de Volailles","2018","2018","1000 t","0","I","Valeur imputée par une agence réceptrice",""
"FBS","Bilans Alimentaires (2010-)","AFG","Afghanistan","5142","Nourriture","S2734","Viande de Volailles","2018","2018","1000 t","53","I","Valeur imputée par une agence réceptrice",""
"FBS","Bilans Alimentaires (2010-)","AFG","Afghanistan","645","Disponibilité alimentaire en quantité (kg/personne/an)","S2734","Viande de Volailles","2018","2018","kg/personne","1.46","E","Valeur estimée",""
"FBS","Bilans Alimentaires (2010-)","AFG","Afghanistan","664","Disponibilité alimentaire (Kcal/personne/jour)","S2734","Viande de Volailles","2018","2018","kcal/personne/jour","5.5","E","Valeur estimée",""
"FBS","Bilans Alimentaires (2010-)","AFG","Afghanistan","661","Disponibilité alimentaire (Kcal)","S2734","Viande de Volailles","2018","2018","millions de kcal","73734.41","I","Valeur imputée par une agence réceptrice",""
"FBS","Bilans Alimentaires (2010-)","AFG","Afghanistan","674","Disponibilité de protéines en quantité (g/personne/jour)","S2734","Viande de Volailles","2018","2018","g/personne/jour","0.66","E","Valeur estimée",""
"FBS","Bilans Alimentaires (2010-)","AFG","Afghanistan","671","Disponibilité de protéines en quantité (t)","S2734","Viande de Volailles","2018","2018","tonnes","8808.99","I","Valeur imputée par une agence réceptrice",""
"FBS","Bilans Alimentaires (2010-)","AFG","Afghanistan","684","Disponibilité de matière grasse en quantité (g/personne/jour)","S2734","Viande de Volailles","2018","2018","g/personne/jour","0.32","E","Valeur estimée",""
"FBS","Bilans Alimentaires (2010-)","AFG","Afghanistan","681","Disponibilité de matière grasse en quantité (t)","S2734","Viande de Volailles","2018","2018","tonnes","4269.96","I","Valeur imputée par une agence réceptrice",""
"FBS","Bilans Alimentaires (2010-)","ZAF","Afrique du Sud","5511","Production","S2734","Viande de Volailles","2018","2018","1000 t","1762","I","Valeur imputée par une agence réceptrice",""
"FBS","Bilans Alimentaires (2010-)","ZAF","Afrique du Sud","5611","Importations - quantité","S2734","Viande de Volailles","2018","2018","1000 t","515","I","Valeur imputée par une agence réceptrice",""
"FBS","Bilans Alimentaires (2010-)","ZAF","Afrique du Sud","5072","Variation de stock","S2734","Viande de Volailles","2018","2018","1000 t","0","I","Valeur imputée par une agence réceptrice",""
"FBS","Bilans Alimentaires (2010-)","ZAF","Afrique du Sud","5911","Exportations - quantité","S2734","Viande de Volailles","2018","2018","1000 t","49","I","Valeur imputée par une agence réceptrice",""
"FBS","Bilans Alimentaires (2010-)","ZAF","Afrique du Sud","5301","Disponibilité intérieure","S2734","Viande de Volailles","2018","2018","1000 t","2228","I","Valeur imputée par une agence réceptrice",""
"FBS","Bilans Alimentaires (2010-)","ZAF","Afrique du Sud","5123","Pertes","S2734","Viande de Volailles","2018","2018","1000 t","0","I","Valeur imputée par une agence réceptrice",""
"FBS","Bilans Alimentaires (2010-)","ZAF","Afrique du Sud","5170","Résidus","S2734","Viande de Volailles","2018","2018","1000 t","0","I","Valeur imputée par une agence réceptrice",""
"FBS","Bilans Alimentaires (2010-)","ZAF","Afrique du Sud","5142","Nourriture","S2734","Viande de Volailles","2018","2018","1000 t","2228","I","Valeur imputée par une agence réceptrice",""
"FBS","Bilans Alimentaires (2010-)","ZAF","Afrique du Sud","645","Disponibilité alimentaire en quantité (kg/personne/an)","S2734","Viande de Volailles","2018","2018","kg/personne","38.02","E","Valeur estimée",""
"FBS","Bilans Alimentaires (2010-)","ZAF","Afrique du Sud","664","Disponibilité alimentaire (Kcal/personne/jour)","S2734","Viande de Volailles","2018","2018","kcal/personne/jour","143.25","E","Valeur estimée",""
"FBS","Bilans Alimentaires (2010-)","ZAF","Afrique du Sud","661","Disponibilité alimentaire (Kcal)","S2734","Viande de Volailles","2018","2018","millions de kcal","3064606.34","I","Valeur imputée par une agence réceptrice",""
"FBS","Bilans Alimentaires (2010-)","ZAF","Afrique du Sud","674","Disponibilité de protéines en quantité (g/personne/jour)","S2734","Viande de Volailles","2018","2018","g/personne/jour","17.18","E","Valeur estimée",""
"FBS","Bilans Alimentaires (2010-)","ZAF","Afrique du Sud","671","Disponibilité de protéines en quantité (t)","S2734","Viande de Volailles","2018","2018","tonnes","367527.72","I","Valeur imputée par une agence réceptrice",""
"FBS","Bilans Alimentaires (2010-)","ZAF","Afrique du Sud","684","Disponibilité de matière grasse en quantité (g/personne/jour)","S2734","Viande de Volailles","2018","2018","g/personne/jour","8.27","E","Valeur estimée",""
"FBS","Bilans Alimentaires (2010-)","ZAF","Afrique du Sud","681","Disponibilité de matière grasse en quantité (t)","S2734","Viande de Volailles","2018","2018","tonnes","176916.65","I","Valeur imputée par une agence réceptrice",""
"FBS","Bilans Alimentaires (2010-)","ALB","Albanie","5511","Production","S2734","Viande de Volailles","2018","2018","1000 t","16","I","Valeur imputée par une agence réceptrice",""
"FBS","Bilans Alimentaires (2010-)","ALB","Albanie","5611","Importations - quantité","S2734","Viande de Volailles","2018","2018","1000 t","12","I","Valeur imputée par une agence réceptrice",""
"FBS","Bilans Alimentaires (2010-)","ALB","Albanie","5072","Variation de stock","S2734","Viande de Volailles","2018","2018","1000 t","0","I","Valeur imputée par une agence réceptrice",""
"FBS","Bilans Alimentaires (2010-)","ALB","Albanie","5301","Disponibilité intérieure","S2734","Viande de Volailles","2018","2018","1000 t","27","I","Valeur imputée par une agence réceptrice",""
"FBS","Bilans Alimentaires (2010-)","ALB","Albanie","5170","Résidus","S2734","Viande de Volailles","2018","2018","1000 t","0","I","Valeur imputée par une agence réceptrice",""
"FBS","Bilans Alimentaires (2010-)","ALB","Albanie","5142","Nourriture","S2734","Viande de Volailles","2018","2018","1000 t","27","I","Valeur imputée par une agence réceptrice",""
"FBS","Bilans Alimentaires (2010-)","ALB","Albanie","645","Disponibilité alimentaire en quantité (kg/personne/an)","S2734","Viande de Volailles","2018","2018","kg/personne","9.45","E","Valeur estimée",""
"FBS","Bilans Alimentaires (2010-)","ALB","Albanie","664","Disponibilité alimentaire (Kcal/personne/jour)","S2734","Viande de Volailles","2018","2018","kcal/personne/jour","35.71","E","Valeur estimée",""
"FBS","Bilans Alimentaires (2010-)","ALB","Albanie","661","Disponibilité alimentaire (Kcal)","S2734","Viande de Volailles","2018","2018","millions de kcal","37727.7","I","Valeur imputée par une agence réceptrice",""
"FBS","Bilans Alimentaires (2010-)","ALB","Albanie","674","Disponibilité de protéines en quantité (g/personne/jour)","S2734","Viande de Volailles","2018","2018","g/personne/jour","4.27","E","Valeur estimée",""
"FBS","Bilans Alimentaires (2010-)","ALB","Albanie","671","Disponibilité de protéines en quantité (t)","S2734","Viande de Volailles","2018","2018","tonnes","4507.16","I","Valeur imputée par une agence réceptrice",""
"FBS","Bilans Alimentaires (2010-)","ALB","Albanie","684","Disponibilité de matière grasse en quantité (g/personne/jour)","S2734","Viande de Volailles","2018","2018","g/personne/jour","2.07","E","Valeur estimée",""
"FBS","Bilans Alimentaires (2010-)","ALB","Albanie","681","Disponibilité de matière grasse en quantité (t)","S2734","Viande de Volailles","2018","2018","tonnes","2184.46","I","Valeur imputée par une agence réceptrice",""
"FBS","Bilans Alimentaires (2010-)","DZA","Algérie","5511","Production","S2734","Viande de Volailles","2018","2018","1000 t","286","I","Valeur imputée par une agence réceptrice",""
"FBS","Bilans Alimentaires (2010-)","DZA","Algérie","5611","Importations - quantité","S2734","Viande de Volailles","2018","2018","1000 t","0","I","Valeur imputée par une agence réceptrice",""
"FBS","Bilans Alimentaires (2010-)","DZA","Algérie","5072","Variation de stock","S2734","Viande de Volailles","2018","2018","1000 t","0","I","Valeur imputée par une agence réceptrice",""
"FBS","Bilans Alimentaires (2010-)","DZA","Algérie","5911","Exportations - quantité","S2734","Viande de Volailles","2018","2018","1000 t","0","I","Valeur imputée par une agence réceptrice",""
"FBS","Bilans Alimentaires (2010-)","DZA","Algérie","5301","Disponibilité intérieure","S2734","Viande de Volailles","2018","2018","1000 t","286","I","Valeur imputée par une agence réceptrice",""
"FBS","Bilans Alimentaires (2010-)","DZA","Algérie","5170","Résidus","S2734","Viande de Volailles","2018","2018","1000 t","0","I","Valeur imputée par une agence réceptrice",""
"FBS","Bilans Alimentaires (2010-)","DZA","Algérie","5142","Nourriture","S2734","Viande de Volailles","2018","2018","1000 t","286","I","Valeur imputée par une agence réceptrice",""
"FBS","Bilans Alimentaires (2010-)","DZA","Algérie","645","Disponibilité alimentaire en quantité (kg/personne/an)","S2734","Viande de Volailles","2018","2018","kg/personne","6.72","E","Valeur estimée",""
"FBS","Bilans Alimentaires (2010-)","DZA","Algérie","664","Disponibilité alimentaire (Kcal/personne/jour)","S2734","Viande de Volailles","2018","2018","kcal/personne/jour","25.05","E","Valeur estimée",""
"FBS","Bilans Alimentaires (2010-)","DZA","Algérie","661","Disponibilité alimentaire (Kcal)","S2734","Viande de Volailles","2018","2018","millions de kcal","388588.68","I","Valeur imputée par une agence réceptrice",""
"FBS","Bilans Alimentaires (2010-)","DZA","Algérie","674","Disponibilité de protéines en quantité (g/personne/jour)","S2734","Viande de Volailles","2018","2018","g/personne/jour","3.06","E","Valeur estimée",""
"FBS","Bilans Alimentaires (2010-)","DZA","Algérie","671","Disponibilité de protéines en quantité (t)","S2734","Viande de Volailles","2018","2018","tonnes","47475.51","I","Valeur imputée par une agence réceptrice",""
"FBS","Bilans Alimentaires (2010-)","DZA","Algérie","684","Disponibilité de matière grasse en quantité (g/personne/jour)","S2734","Viande de Volailles","2018","2018","g/personne/jour","1.42","E","Valeur estimée",""
"FBS","Bilans Alimentaires (2010-)","DZA","Algérie","681","Disponibilité de matière grasse en quantité (t)","S2734","Viande de Volailles","2018","2018","tonnes","22043.16","I","Valeur imputée par une agence réceptrice",""
"FBS","Bilans Alimentaires (2010-)","DEU","Allemagne","5511","Production","S2734","Viande de Volailles","2018","2018","1000 t","1571","I","Valeur imputée par une agence réceptrice",""
"FBS","Bilans Alimentaires (2010-)","DEU","Allemagne","5611","Importations - quantité","S2734","Viande de Volailles","2018","2018","1000 t","871","I","Valeur imputée par une agence réceptrice",""
"FBS","Bilans Alimentaires (2010-)","DEU","Allemagne","5072","Variation de stock","S2734","Viande de Volailles","2018","2018","1000 t","135","I","Valeur imputée par une agence réceptrice",""
"FBS","Bilans Alimentaires (2010-)","DEU","Allemagne","5911","Exportations - quantité","S2734","Viande de Volailles","2018","2018","1000 t","641","I","Valeur imputée par une agence réceptrice",""
"FBS","Bilans Alimentaires (2010-)","DEU","Allemagne","5301","Disponibilité intérieure","S2734","Viande de Volailles","2018","2018","1000 t","1666","I","Valeur imputée par une agence réceptrice",""
"FBS","Bilans Alimentaires (2010-)","DEU","Allemagne","5123","Pertes","S2734","Viande de Volailles","2018","2018","1000 t","0","I","Valeur imputée par une agence réceptrice",""
"FBS","Bilans Alimentaires (2010-)","DEU","Allemagne","5131","Traitement","S2734","Viande de Volailles","2018","2018","1000 t","157","I","Valeur imputée par une agence réceptrice",""
"FBS","Bilans Alimentaires (2010-)","DEU","Allemagne","5170","Résidus","S2734","Viande de Volailles","2018","2018","1000 t","0","I","Valeur imputée par une agence réceptrice",""
"FBS","Bilans Alimentaires (2010-)","DEU","Allemagne","5142","Nourriture","S2734","Viande de Volailles","2018","2018","1000 t","1509","I","Valeur imputée par une agence réceptrice",""
"FBS","Bilans Alimentaires (2010-)","DEU","Allemagne","645","Disponibilité alimentaire en quantité (kg/personne/an)","S2734","Viande de Volailles","2018","2018","kg/personne","18.1","E","Valeur estimée",""
"FBS","Bilans Alimentaires (2010-)","DEU","Allemagne","664","Disponibilité alimentaire (Kcal/personne/jour)","S2734","Viande de Volailles","2018","2018","kcal/personne/jour","66.84","E","Valeur estimée",""
"FBS","Bilans Alimentaires (2010-)","DEU","Allemagne","661","Disponibilité alimentaire (Kcal)","S2734","Viande de Volailles","2018","2018","millions de kcal","2033772.74","I","Valeur imputée par une agence réceptrice",""
"FBS","Bilans Alimentaires (2010-)","DEU","Allemagne","674","Disponibilité de protéines en quantité (g/personne/jour)","S2734","Viande de Volailles","2018","2018","g/personne/jour","8.47","E","Valeur estimée",""
"FBS","Bilans Alimentaires (2010-)","DEU","Allemagne","671","Disponibilité de protéines en quantité (t)","S2734","Viande de Volailles","2018","2018","tonnes","257624.11","I","Valeur imputée par une agence réceptrice",""
"FBS","Bilans Alimentaires (2010-)","DEU","Allemagne","684","Disponibilité de matière grasse en quantité (g/personne/jour)","S2734","Viande de Volailles","2018","2018","g/personne/jour","3.65","E","Valeur estimée",""
"FBS","Bilans Alimentaires (2010-)","DEU","Allemagne","681","Disponibilité de matière grasse en quantité (t)","S2734","Viande de Volailles","2018","2018","tonnes","111153.81","I","Valeur imputée par une agence réceptrice",""
"FBS","Bilans Alimentaires (2010-)","AGO","Angola","5511","Production","S2734","Viande de Volailles","2018","2018","1000 t","41","I","Valeur imputée par une agence réceptrice",""
"FBS","Bilans Alimentaires (2010-)","AGO","Angola","5611","Importations - quantité","S2734","Viande de Volailles","2018","2018","1000 t","335","I","Valeur imputée par une agence réceptrice",""
"FBS","Bilans Alimentaires (2010-)","AGO","Angola","5072","Variation de stock","S2734","Viande de Volailles","2018","2018","1000 t","0","I","Valeur imputée par une agence réceptrice",""
"FBS","Bilans Alimentaires (2010-)","AGO","Angola","5911","Exportations - quantité","S2734","Viande de Volailles","2018","2018","1000 t","0","I","Valeur imputée par une agence réceptrice",""
"FBS","Bilans Alimentaires (2010-)","AGO","Angola","5301","Disponibilité intérieure","S2734","Viande de Volailles","2018","2018","1000 t","376","I","Valeur imputée par une agence réceptrice",""
"FBS","Bilans Alimentaires (2010-)","AGO","Angola","5170","Résidus","S2734","Viande de Volailles","2018","2018","1000 t","0","I","Valeur imputée par une agence réceptrice",""
"FBS","Bilans Alimentaires (2010-)","AGO","Angola","5142","Nourriture","S2734","Viande de Volailles","2018","2018","1000 t","376","I","Valeur imputée par une agence réceptrice",""
"FBS","Bilans Alimentaires (2010-)","AGO","Angola","645","Disponibilité alimentaire en quantité (kg/personne/an)","S2734","Viande de Volailles","2018","2018","kg/personne","12.03","E","Valeur estimée",""
"FBS","Bilans Alimentaires (2010-)","AGO","Angola","664","Disponibilité alimentaire (Kcal/personne/jour)","S2734","Viande de Volailles","2018","2018","kcal/personne/jour","45.22","E","Valeur estimée",""
"FBS","Bilans Alimentaires (2010-)","AGO","Angola","661","Disponibilité alimentaire (Kcal)","S2734","Viande de Volailles","2018","2018","millions de kcal","516528.2","I","Valeur imputée par une agence réceptrice",""
"FBS","Bilans Alimentaires (2010-)","AGO","Angola","674","Disponibilité de protéines en quantité (g/personne/jour)","S2734","Viande de Volailles","2018","2018","g/personne/jour","5.45","E","Valeur estimée",""
"FBS","Bilans Alimentaires (2010-)","AGO","Angola","671","Disponibilité de protéines en quantité (t)","S2734","Viande de Volailles","2018","2018","tonnes","62207.6","I","Valeur imputée par une agence réceptrice",""
"FBS","Bilans Alimentaires (2010-)","AGO","Angola","684","Disponibilité de matière grasse en quantité (g/personne/jour)","S2734","Viande de Volailles","2018","2018","g/personne/jour","2.6","E","Valeur estimée",""
"FBS","Bilans Alimentaires (2010-)","AGO","Angola","681","Disponibilité de matière grasse en quantité (t)","S2734","Viande de Volailles","2018","2018","tonnes","29702.99","I","Valeur imputée par une agence réceptrice",""
"FBS","Bilans Alimentaires (2010-)","ATG","Antigua-et-Barbuda","5511","Production","S2734","Viande de Volailles","2018","2018","1000 t","0","I","Valeur imputée par une agence réceptrice",""
"FBS","Bilans Alimentaires (2010-)","ATG","Antigua-et-Barbuda","5611","Importations - quantité","S2734","Viande de Volailles","2018","2018","1000 t","7","I","Valeur imputée par une agence réceptrice",""
"FBS","Bilans Alimentaires (2010-)","ATG","Antigua-et-Barbuda","5072","Variation de stock","S2734","Viande de Volailles","2018","2018","1000 t","0","I","Valeur imputée par une agence réceptrice",""
"FBS","Bilans Alimentaires (2010-)","ATG","Antigua-et-Barbuda","5911","Exportations - quantité","S2734","Viande de Volailles","2018","2018","1000 t","0","I","Valeur imputée par une agence réceptrice",""
"FBS","Bilans Alimentaires (2010-)","ATG","Antigua-et-Barbuda","5301","Disponibilité intérieure","S2734","Viande de Volailles","2018","2018","1000 t","7","I","Valeur imputée par une agence réceptrice",""
"FBS","Bilans Alimentaires (2010-)","ATG","Antigua-et-Barbuda","5154","Autres utilisations (non alimentaire)","S2734","Viande de Volailles","2018","2018","1000 t","0","I","Valeur imputée par une agence réceptrice",""
"FBS","Bilans Alimentaires (2010-)","ATG","Antigua-et-Barbuda","5171","Alimentation pour touristes","S2734","Viande de Volailles","2018","2018","1000 t","1","I","Valeur imputée par une agence réceptrice",""
"FBS","Bilans Alimentaires (2010-)","ATG","Antigua-et-Barbuda","5170","Résidus","S2734","Viande de Volailles","2018","2018","1000 t","0","I","Valeur imputée par une agence réceptrice",""
"FBS","Bilans Alimentaires (2010-)","ATG","Antigua-et-Barbuda","5142","Nourriture","S2734","Viande de Volailles","2018","2018","1000 t","6","I","Valeur imputée par une agence réceptrice",""
"FBS","Bilans Alimentaires (2010-)","ATG","Antigua-et-Barbuda","645","Disponibilité alimentaire en quantité (kg/personne/an)","S2734","Viande de Volailles","2018","2018","kg/personne","67.12","E","Valeur estimée",""
"FBS","Bilans Alimentaires (2010-)","ATG","Antigua-et-Barbuda","664","Disponibilité alimentaire (Kcal/personne/jour)","S2734","Viande de Volailles","2018","2018","kcal/personne/jour","253.78","E","Valeur estimée",""
"FBS","Bilans Alimentaires (2010-)","ATG","Antigua-et-Barbuda","661","Disponibilité alimentaire (Kcal)","S2734","Viande de Volailles","2018","2018","millions de kcal","8422.42","I","Valeur imputée par une agence réceptrice",""
"FBS","Bilans Alimentaires (2010-)","ATG","Antigua-et-Barbuda","674","Disponibilité de protéines en quantité (g/personne/jour)","S2734","Viande de Volailles","2018","2018","g/personne/jour","30.54","E","Valeur estimée",""
"FBS","Bilans Alimentaires (2010-)","ATG","Antigua-et-Barbuda","671","Disponibilité de protéines en quantité (t)","S2734","Viande de Volailles","2018","2018","tonnes","1013.49","I","Valeur imputée par une agence réceptrice",""
"FBS","Bilans Alimentaires (2010-)","ATG","Antigua-et-Barbuda","684","Disponibilité de matière grasse en quantité (g/personne/jour)","S2734","Viande de Volailles","2018","2018","g/personne/jour","14.55","E","Valeur estimée",""
"FBS","Bilans Alimentaires (2010-)","ATG","Antigua-et-Barbuda","681","Disponibilité de matière grasse en quantité (t)","S2734","Viande de Volailles","2018","2018","tonnes","482.8","I","Valeur imputée par une agence réceptrice",""
"FBS","Bilans Alimentaires (2010-)","SAU","Arabie saoudite","5511","Production","S2734","Viande de Volailles","2018","2018","1000 t","554","I","Valeur imputée par une agence réceptrice",""
"FBS","Bilans Alimentaires (2010-)","SAU","Arabie saoudite","5611","Importations - quantité","S2734","Viande de Volailles","2018","2018","1000 t","641","I","Valeur imputée par une agence réceptrice",""
"FBS","Bilans Alimentaires (2010-)","SAU","Arabie saoudite","5072","Variation de stock","S2734","Viande de Volailles","2018","2018","1000 t","-21","I","Valeur imputée par une agence réceptrice",""
"FBS","Bilans Alimentaires (2010-)","SAU","Arabie saoudite","5911","Exportations - quantité","S2734","Viande de Volailles","2018","2018","1000 t","35","I","Valeur imputée par une agence réceptrice",""
"FBS","Bilans Alimentaires (2010-)","SAU","Arabie saoudite","5301","Disponibilité intérieure","S2734","Viande de Volailles","2018","2018","1000 t","1180","I","Valeur imputée par une agence réceptrice",""
"FBS","Bilans Alimentaires (2010-)","SAU","Arabie saoudite","5123","Pertes","S2734","Viande de Volailles","2018","2018","1000 t","0","I","Valeur imputée par une agence réceptrice",""
"FBS","Bilans Alimentaires (2010-)","SAU","Arabie saoudite","5170","Résidus","S2734","Viande de Volailles","2018","2018","1000 t","-1","I","Valeur imputée par une agence réceptrice",""
"FBS","Bilans Alimentaires (2010-)","SAU","Arabie saoudite","5142","Nourriture","S2734","Viande de Volailles","2018","2018","1000 t","1181","I","Valeur imputée par une agence réceptrice",""
"FBS","Bilans Alimentaires (2010-)","SAU","Arabie saoudite","645","Disponibilité alimentaire en quantité (kg/personne/an)","S2734","Viande de Volailles","2018","2018","kg/personne","38.88","E","Valeur estimée",""
"FBS","Bilans Alimentaires (2010-)","SAU","Arabie saoudite","664","Disponibilité alimentaire (Kcal/personne/jour)","S2734","Viande de Volailles","2018","2018","kcal/personne/jour","146.55","E","Valeur estimée",""
"FBS","Bilans Alimentaires (2010-)","SAU","Arabie saoudite","661","Disponibilité alimentaire (Kcal)","S2734","Viande de Volailles","2018","2018","millions de kcal","1624235.85","I","Valeur imputée par une agence réceptrice",""
"FBS","Bilans Alimentaires (2010-)","SAU","Arabie saoudite","674","Disponibilité de protéines en quantité (g/personne/jour)","S2734","Viande de Volailles","2018","2018","g/personne/jour","17.6","E","Valeur estimée",""
"FBS","Bilans Alimentaires (2010-)","SAU","Arabie saoudite","671","Disponibilité de protéines en quantité (t)","S2734","Viande de Volailles","2018","2018","tonnes","195102.79","I","Valeur imputée par une agence réceptrice",""
"FBS","Bilans Alimentaires (2010-)","SAU","Arabie saoudite","684","Disponibilité de matière grasse en quantité (g/personne/jour)","S2734","Viande de Volailles","2018","2018","g/personne/jour","8.44","E","Valeur estimée",""
"FBS","Bilans Alimentaires (2010-)","SAU","Arabie saoudite","681","Disponibilité de matière grasse en quantité (t)","S2734","Viande de Volailles","2018","2018","tonnes","93528.34","I","Valeur imputée par une agence réceptrice",""
"FBS","Bilans Alimentaires (2010-)","ARG","Argentine","5511","Production","S2734","Viande de Volailles","2018","2018","1000 t","2115","I","Valeur imputée par une agence réceptrice",""
"FBS","Bilans Alimentaires (2010-)","ARG","Argentine","5611","Importations - quantité","S2734","Viande de Volailles","2018","2018","1000 t","12","I","Valeur imputée par une agence réceptrice",""
"FBS","Bilans Alimentaires (2010-)","ARG","Argentine","5072","Variation de stock","S2734","Viande de Volailles","2018","2018","1000 t","0","I","Valeur imputée par une agence réceptrice",""
"FBS","Bilans Alimentaires (2010-)","ARG","Argentine","5911","Exportations - quantité","S2734","Viande de Volailles","2018","2018","1000 t","165","I","Valeur imputée par une agence réceptrice",""
"FBS","Bilans Alimentaires (2010-)","ARG","Argentine","5301","Disponibilité intérieure","S2734","Viande de Volailles","2018","2018","1000 t","1963","I","Valeur imputée par une agence réceptrice",""
"FBS","Bilans Alimentaires (2010-)","ARG","Argentine","5123","Pertes","S2734","Viande de Volailles","2018","2018","1000 t","0","I","Valeur imputée par une agence réceptrice",""
"FBS","Bilans Alimentaires (2010-)","ARG","Argentine","5170","Résidus","S2734","Viande de Volailles","2018","2018","1000 t","0","I","Valeur imputée par une agence réceptrice",""
"FBS","Bilans Alimentaires (2010-)","ARG","Argentine","5142","Nourriture","S2734","Viande de Volailles","2018","2018","1000 t","1963","I","Valeur imputée par une agence réceptrice",""
"FBS","Bilans Alimentaires (2010-)","ARG","Argentine","645","Disponibilité alimentaire en quantité (kg/personne/an)","S2734","Viande de Volailles","2018","2018","kg/personne","43.96","E","Valeur estimée",""
"FBS","Bilans Alimentaires (2010-)","ARG","Argentine","664","Disponibilité alimentaire (Kcal/personne/jour)","S2734","Viande de Volailles","2018","2018","kcal/personne/jour","165.83","E","Valeur estimée",""
"FBS","Bilans Alimentaires (2010-)","ARG","Argentine","661","Disponibilité alimentaire (Kcal)","S2734","Viande de Volailles","2018","2018","millions de kcal","2702834.57","I","Valeur imputée par une agence réceptrice",""
"FBS","Bilans Alimentaires (2010-)","ARG","Argentine","674","Disponibilité de protéines en quantité (g/personne/jour)","S2734","Viande de Volailles","2018","2018","g/personne/jour","19.87","E","Valeur estimée",""
"FBS","Bilans Alimentaires (2010-)","ARG","Argentine","671","Disponibilité de protéines en quantité (t)","S2734","Viande de Volailles","2018","2018","tonnes","323912.67","I","Valeur imputée par une agence réceptrice",""
"FBS","Bilans Alimentaires (2010-)","ARG","Argentine","684","Disponibilité de matière grasse en quantité (g/personne/jour)","S2734","Viande de Volailles","2018","2018","g/personne/jour","9.58","E","Valeur estimée",""
"FBS","Bilans Alimentaires (2010-)","ARG","Argentine","681","Disponibilité de matière grasse en quantité (t)","S2734","Viande de Volailles","2018","2018","tonnes","156085.57","I","Valeur imputée par une agence réceptrice",""
"FBS","Bilans Alimentaires (2010-)","ARM","Arménie","5511","Production","S2734","Viande de Volailles","2018","2018","1000 t","12","I","Valeur imputée par une agence réceptrice",""
"FBS","Bilans Alimentaires (2010-)","ARM","Arménie","5611","Importations - quantité","S2734","Viande de Volailles","2018","2018","1000 t","33","I","Valeur imputée par une agence réceptrice",""
"FBS","Bilans Alimentaires (2010-)","ARM","Arménie","5072","Variation de stock","S2734","Viande de Volailles","2018","2018","1000 t","0","I","Valeur imputée par une agence réceptrice",""
"FBS","Bilans Alimentaires (2010-)","ARM","Arménie","5911","Exportations - quantité","S2734","Viande de Volailles","2018","2018","1000 t","0","I","Valeur imputée par une agence réceptrice",""
"FBS","Bilans Alimentaires (2010-)","ARM","Arménie","5301","Disponibilité intérieure","S2734","Viande de Volailles","2018","2018","1000 t","45","I","Valeur imputée par une agence réceptrice",""
"FBS","Bilans Alimentaires (2010-)","ARM","Arménie","5123","Pertes","S2734","Viande de Volailles","2018","2018","1000 t","0","I","Valeur imputée par une agence réceptrice",""
"FBS","Bilans Alimentaires (2010-)","ARM","Arménie","5170","Résidus","S2734","Viande de Volailles","2018","2018","1000 t","0","I","Valeur imputée par une agence réceptrice",""
"FBS","Bilans Alimentaires (2010-)","ARM","Arménie","5142","Nourriture","S2734","Viande de Volailles","2018","2018","1000 t","45","I","Valeur imputée par une agence réceptrice",""
"FBS","Bilans Alimentaires (2010-)","ARM","Arménie","645","Disponibilité alimentaire en quantité (kg/personne/an)","S2734","Viande de Volailles","2018","2018","kg/personne","15.34","E","Valeur estimée",""
"FBS","Bilans Alimentaires (2010-)","ARM","Arménie","664","Disponibilité alimentaire (Kcal/personne/jour)","S2734","Viande de Volailles","2018","2018","kcal/personne/jour","57.94","E","Valeur estimée",""
"FBS","Bilans Alimentaires (2010-)","ARM","Arménie","661","Disponibilité alimentaire (Kcal)","S2734","Viande de Volailles","2018","2018","millions de kcal","61537.08","I","Valeur imputée par une agence réceptrice",""
"FBS","Bilans Alimentaires (2010-)","ARM","Arménie","674","Disponibilité de protéines en quantité (g/personne/jour)","S2734","Viande de Volailles","2018","2018","g/personne/jour","6.92","E","Valeur estimée",""
"FBS","Bilans Alimentaires (2010-)","ARM","Arménie","671","Disponibilité de protéines en quantité (t)","S2734","Viande de Volailles","2018","2018","tonnes","7350.64","I","Valeur imputée par une agence réceptrice",""
"FBS","Bilans Alimentaires (2010-)","ARM","Arménie","684","Disponibilité de matière grasse en quantité (g/personne/jour)","S2734","Viande de Volailles","2018","2018","g/personne/jour","3.36","E","Valeur estimée",""
"FBS","Bilans Alimentaires (2010-)","ARM","Arménie","681","Disponibilité de matière grasse en quantité (t)","S2734","Viande de Volailles","2018","2018","tonnes","3563.65","I","Valeur imputée par une agence réceptrice",""
"FBS","Bilans Alimentaires (2010-)","AUS","Australie","5511","Production","S2734","Viande de Volailles","2018","2018","1000 t","1235","I","Valeur imputée par une agence réceptrice",""
"FBS","Bilans Alimentaires (2010-)","AUS","Australie","5611","Importations - quantité","S2734","Viande de Volailles","2018","2018","1000 t","16","I","Valeur imputée par une agence réceptrice",""
"FBS","Bilans Alimentaires (2010-)","AUS","Australie","5072","Variation de stock","S2734","Viande de Volailles","2018","2018","1000 t","0","I","Valeur imputée par une agence réceptrice",""
"FBS","Bilans Alimentaires (2010-)","AUS","Australie","5911","Exportations - quantité","S2734","Viande de Volailles","2018","2018","1000 t","39","I","Valeur imputée par une agence réceptrice",""
"FBS","Bilans Alimentaires (2010-)","AUS","Australie","5301","Disponibilité intérieure","S2734","Viande de Volailles","2018","2018","1000 t","1211","I","Valeur imputée par une agence réceptrice",""
"FBS","Bilans Alimentaires (2010-)","AUS","Australie","5123","Pertes","S2734","Viande de Volailles","2018","2018","1000 t","0","I","Valeur imputée par une agence réceptrice",""
"FBS","Bilans Alimentaires (2010-)","AUS","Australie","5170","Résidus","S2734","Viande de Volailles","2018","2018","1000 t","0","I","Valeur imputée par une agence réceptrice",""
"FBS","Bilans Alimentaires (2010-)","AUS","Australie","5142","Nourriture","S2734","Viande de Volailles","2018","2018","1000 t","1211","I","Valeur imputée par une agence réceptrice",""
"FBS","Bilans Alimentaires (2010-)","AUS","Australie","645","Disponibilité alimentaire en quantité (kg/personne/an)","S2734","Viande de Volailles","2018","2018","kg/personne","48.23","E","Valeur estimée",""
"FBS","Bilans Alimentaires (2010-)","AUS","Australie","664","Disponibilité alimentaire (Kcal/personne/jour)","S2734","Viande de Volailles","2018","2018","kcal/personne/jour","182.54","E","Valeur estimée",""
"FBS","Bilans Alimentaires (2010-)","AUS","Australie","661","Disponibilité alimentaire (Kcal)","S2734","Viande de Volailles","2018","2018","millions de kcal","1673694.56","I","Valeur imputée par une agence réceptrice",""
"FBS","Bilans Alimentaires (2010-)","AUS","Australie","674","Disponibilité de protéines en quantité (g/personne/jour)","S2734","Viande de Volailles","2018","2018","g/personne/jour","21.76","E","Valeur estimée",""
"FBS","Bilans Alimentaires (2010-)","AUS","Australie","671","Disponibilité de protéines en quantité (t)","S2734","Viande de Volailles","2018","2018","tonnes","199546.25","I","Valeur imputée par une agence réceptrice",""
"FBS","Bilans Alimentaires (2010-)","AUS","Australie","684","Disponibilité de matière grasse en quantité (g/personne/jour)","S2734","Viande de Volailles","2018","2018","g/personne/jour","10.58","E","Valeur estimée",""
"FBS","Bilans Alimentaires (2010-)","AUS","Australie","681","Disponibilité de matière grasse en quantité (t)","S2734","Viande de Volailles","2018","2018","tonnes","96959.41","I","Valeur imputée par une agence réceptrice",""
"FBS","Bilans Alimentaires (2010-)","AUT","Autriche","5511","Production","S2734","Viande de Volailles","2018","2018","1000 t","152","I","Valeur imputée par une agence réceptrice",""
"FBS","Bilans Alimentaires (2010-)","AUT","Autriche","5611","Importations - quantité","S2734","Viande de Volailles","2018","2018","1000 t","114","I","Valeur imputée par une agence réceptrice",""
"FBS","Bilans Alimentaires (2010-)","AUT","Autriche","5072","Variation de stock","S2734","Viande de Volailles","2018","2018","1000 t","0","I","Valeur imputée par une agence réceptrice",""
"FBS","Bilans Alimentaires (2010-)","AUT","Autriche","5911","Exportations - quantité","S2734","Viande de Volailles","2018","2018","1000 t","83","I","Valeur imputée par une agence réceptrice",""
"FBS","Bilans Alimentaires (2010-)","AUT","Autriche","5301","Disponibilité intérieure","S2734","Viande de Volailles","2018","2018","1000 t","183","I","Valeur imputée par une agence réceptrice",""
"FBS","Bilans Alimentaires (2010-)","AUT","Autriche","5123","Pertes","S2734","Viande de Volailles","2018","2018","1000 t","0","I","Valeur imputée par une agence réceptrice",""
"FBS","Bilans Alimentaires (2010-)","AUT","Autriche","5131","Traitement","S2734","Viande de Volailles","2018","2018","1000 t","19","I","Valeur imputée par une agence réceptrice",""
"FBS","Bilans Alimentaires (2010-)","AUT","Autriche","5170","Résidus","S2734","Viande de Volailles","2018","2018","1000 t","0","I","Valeur imputée par une agence réceptrice",""
"FBS","Bilans Alimentaires (2010-)","AUT","Autriche","5142","Nourriture","S2734","Viande de Volailles","2018","2018","1000 t","165","I","Valeur imputée par une agence réceptrice",""
"FBS","Bilans Alimentaires (2010-)","AUT","Autriche","645","Disponibilité alimentaire en quantité (kg/personne/an)","S2734","Viande de Volailles","2018","2018","kg/personne","18.65","E","Valeur estimée",""
"FBS","Bilans Alimentaires (2010-)","AUT","Autriche","664","Disponibilité alimentaire (Kcal/personne/jour)","S2734","Viande de Volailles","2018","2018","kcal/personne/jour","69.44","E","Valeur estimée",""
"FBS","Bilans Alimentaires (2010-)","AUT","Autriche","661","Disponibilité alimentaire (Kcal)","S2734","Viande de Volailles","2018","2018","millions de kcal","224107.14","I","Valeur imputée par une agence réceptrice",""
"FBS","Bilans Alimentaires (2010-)","AUT","Autriche","674","Disponibilité de protéines en quantité (g/personne/jour)","S2734","Viande de Volailles","2018","2018","g/personne/jour","8.67","E","Valeur estimée",""
"FBS","Bilans Alimentaires (2010-)","AUT","Autriche","671","Disponibilité de protéines en quantité (t)","S2734","Viande de Volailles","2018","2018","tonnes","27990.9","I","Valeur imputée par une agence réceptrice",""
"FBS","Bilans Alimentaires (2010-)","AUT","Autriche","684","Disponibilité de matière grasse en quantité (g/personne/jour)","S2734","Viande de Volailles","2018","2018","g/personne/jour","3.84","E","Valeur estimée",""
"FBS","Bilans Alimentaires (2010-)","AUT","Autriche","681","Disponibilité de matière grasse en quantité (t)","S2734","Viande de Volailles","2018","2018","tonnes","12388.41","I","Valeur imputée par une agence réceptrice",""
"FBS","Bilans Alimentaires (2010-)","AZE","Azerbaïdjan","5511","Production","S2734","Viande de Volailles","2018","2018","1000 t","109","I","Valeur imputée par une agence réceptrice",""
"FBS","Bilans Alimentaires (2010-)","AZE","Azerbaïdjan","5611","Importations - quantité","S2734","Viande de Volailles","2018","2018","1000 t","35","I","Valeur imputée par une agence réceptrice",""
"FBS","Bilans Alimentaires (2010-)","AZE","Azerbaïdjan","5072","Variation de stock","S2734","Viande de Volailles","2018","2018","1000 t","6","I","Valeur imputée par une agence réceptrice",""
"FBS","Bilans Alimentaires (2010-)","AZE","Azerbaïdjan","5911","Exportations - quantité","S2734","Viande de Volailles","2018","2018","1000 t","1","I","Valeur imputée par une agence réceptrice",""
"FBS","Bilans Alimentaires (2010-)","AZE","Azerbaïdjan","5301","Disponibilité intérieure","S2734","Viande de Volailles","2018","2018","1000 t","138","I","Valeur imputée par une agence réceptrice",""
"FBS","Bilans Alimentaires (2010-)","AZE","Azerbaïdjan","5170","Résidus","S2734","Viande de Volailles","2018","2018","1000 t","0","I","Valeur imputée par une agence réceptrice",""
"FBS","Bilans Alimentaires (2010-)","AZE","Azerbaïdjan","5142","Nourriture","S2734","Viande de Volailles","2018","2018","1000 t","138","I","Valeur imputée par une agence réceptrice",""
"FBS","Bilans Alimentaires (2010-)","AZE","Azerbaïdjan","645","Disponibilité alimentaire en quantité (kg/personne/an)","S2734","Viande de Volailles","2018","2018","kg/personne","13.75","E","Valeur estimée",""
"FBS","Bilans Alimentaires (2010-)","AZE","Azerbaïdjan","664","Disponibilité alimentaire (Kcal/personne/jour)","S2734","Viande de Volailles","2018","2018","kcal/personne/jour","52","E","Valeur estimée",""
"FBS","Bilans Alimentaires (2010-)","AZE","Azerbaïdjan","661","Disponibilité alimentaire (Kcal)","S2734","Viande de Volailles","2018","2018","millions de kcal","190545.98","I","Valeur imputée par une agence réceptrice",""
"FBS","Bilans Alimentaires (2010-)","AZE","Azerbaïdjan","674","Disponibilité de protéines en quantité (g/personne/jour)","S2734","Viande de Volailles","2018","2018","g/personne/jour","6.21","E","Valeur estimée",""
"FBS","Bilans Alimentaires (2010-)","AZE","Azerbaïdjan","671","Disponibilité de protéines en quantité (t)","S2734","Viande de Volailles","2018","2018","tonnes","22761.84","I","Valeur imputée par une agence réceptrice",""
"FBS","Bilans Alimentaires (2010-)","AZE","Azerbaïdjan","684","Disponibilité de matière grasse en quantité (g/personne/jour)","S2734","Viande de Volailles","2018","2018","g/personne/jour","3.01","E","Valeur estimée",""
"FBS","Bilans Alimentaires (2010-)","AZE","Azerbaïdjan","681","Disponibilité de matière grasse en quantité (t)","S2734","Viande de Volailles","2018","2018","tonnes","11030.36","I","Valeur imputée par une agence réceptrice",""
"FBS","Bilans Alimentaires (2010-)","BHS","Bahamas","5511","Production","S2734","Viande de Volailles","2018","2018","1000 t","7","I","Valeur imputée par une agence réceptrice",""
"FBS","Bilans Alimentaires (2010-)","BHS","Bahamas","5611","Importations - quantité","S2734","Viande de Volailles","2018","2018","1000 t","26","I","Valeur imputée par une agence réceptrice",""
"FBS","Bilans Alimentaires (2010-)","BHS","Bahamas","5072","Variation de stock","S2734","Viande de Volailles","2018","2018","1000 t","10","I","Valeur imputée par une agence réceptrice",""
"FBS","Bilans Alimentaires (2010-)","BHS","Bahamas","5911","Exportations - quantité","S2734","Viande de Volailles","2018","2018","1000 t","0","I","Valeur imputée par une agence réceptrice",""
"FBS","Bilans Alimentaires (2010-)","BHS","Bahamas","5301","Disponibilité intérieure","S2734","Viande de Volailles","2018","2018","1000 t","24","I","Valeur imputée par une agence réceptrice",""
"FBS","Bilans Alimentaires (2010-)","BHS","Bahamas","5123","Pertes","S2734","Viande de Volailles","2018","2018","1000 t","0","I","Valeur imputée par une agence réceptrice",""
"FBS","Bilans Alimentaires (2010-)","BHS","Bahamas","5154","Autres utilisations (non alimentaire)","S2734","Viande de Volailles","2018","2018","1000 t","0","I","Valeur imputée par une agence réceptrice",""
"FBS","Bilans Alimentaires (2010-)","BHS","Bahamas","5171","Alimentation pour touristes","S2734","Viande de Volailles","2018","2018","1000 t","2","I","Valeur imputée par une agence réceptrice",""
"FBS","Bilans Alimentaires (2010-)","BHS","Bahamas","5170","Résidus","S2734","Viande de Volailles","2018","2018","1000 t","0","I","Valeur imputée par une agence réceptrice",""
"FBS","Bilans Alimentaires (2010-)","BHS","Bahamas","5142","Nourriture","S2734","Viande de Volailles","2018","2018","1000 t","22","I","Valeur imputée par une agence réceptrice",""
"FBS","Bilans Alimentaires (2010-)","BHS","Bahamas","645","Disponibilité alimentaire en quantité (kg/personne/an)","S2734","Viande de Volailles","2018","2018","kg/personne","55.93","E","Valeur estimée",""
"FBS","Bilans Alimentaires (2010-)","BHS","Bahamas","664","Disponibilité alimentaire (Kcal/personne/jour)","S2734","Viande de Volailles","2018","2018","kcal/personne/jour","215.08","E","Valeur estimée",""
"FBS","Bilans Alimentaires (2010-)","BHS","Bahamas","661","Disponibilité alimentaire (Kcal)","S2734","Viande de Volailles","2018","2018","millions de kcal","30829.47","I","Valeur imputée par une agence réceptrice",""
"FBS","Bilans Alimentaires (2010-)","BHS","Bahamas","674","Disponibilité de protéines en quantité (g/personne/jour)","S2734","Viande de Volailles","2018","2018","g/personne/jour","26.08","E","Valeur estimée",""
"FBS","Bilans Alimentaires (2010-)","BHS","Bahamas","671","Disponibilité de protéines en quantité (t)","S2734","Viande de Volailles","2018","2018","tonnes","3738.24","I","Valeur imputée par une agence réceptrice",""
"FBS","Bilans Alimentaires (2010-)","BHS","Bahamas","684","Disponibilité de matière grasse en quantité (g/personne/jour)","S2734","Viande de Volailles","2018","2018","g/personne/jour","12.02","E","Valeur estimée",""
"FBS","Bilans Alimentaires (2010-)","BHS","Bahamas","681","Disponibilité de matière grasse en quantité (t)","S2734","Viande de Volailles","2018","2018","tonnes","1723.14","I","Valeur imputée par une agence réceptrice",""
"FBS","Bilans Alimentaires (2010-)","BGD","Bangladesh","5511","Production","S2734","Viande de Volailles","2018","2018","1000 t","255","I","Valeur imputée par une agence réceptrice",""
"FBS","Bilans Alimentaires (2010-)","BGD","Bangladesh","5611","Importations - quantité","S2734","Viande de Volailles","2018","2018","1000 t","0","I","Valeur imputée par une agence réceptrice",""
"FBS","Bilans Alimentaires (2010-)","BGD","Bangladesh","5072","Variation de stock","S2734","Viande de Volailles","2018","2018","1000 t","-2","I","Valeur imputée par une agence réceptrice",""
"FBS","Bilans Alimentaires (2010-)","BGD","Bangladesh","5911","Exportations - quantité","S2734","Viande de Volailles","2018","2018","1000 t","0","I","Valeur imputée par une agence réceptrice",""
"FBS","Bilans Alimentaires (2010-)","BGD","Bangladesh","5301","Disponibilité intérieure","S2734","Viande de Volailles","2018","2018","1000 t","258","I","Valeur imputée par une agence réceptrice",""
"FBS","Bilans Alimentaires (2010-)","BGD","Bangladesh","5170","Résidus","S2734","Viande de Volailles","2018","2018","1000 t","0","I","Valeur imputée par une agence réceptrice",""
"FBS","Bilans Alimentaires (2010-)","BGD","Bangladesh","5142","Nourriture","S2734","Viande de Volailles","2018","2018","1000 t","258","I","Valeur imputée par une agence réceptrice",""
"FBS","Bilans Alimentaires (2010-)","BGD","Bangladesh","645","Disponibilité alimentaire en quantité (kg/personne/an)","S2734","Viande de Volailles","2018","2018","kg/personne","1.58","E","Valeur estimée",""
"FBS","Bilans Alimentaires (2010-)","BGD","Bangladesh","664","Disponibilité alimentaire (Kcal/personne/jour)","S2734","Viande de Volailles","2018","2018","kcal/personne/jour","6.35","E","Valeur estimée",""
"FBS","Bilans Alimentaires (2010-)","BGD","Bangladesh","661","Disponibilité alimentaire (Kcal)","S2734","Viande de Volailles","2018","2018","millions de kcal","378828.58","I","Valeur imputée par une agence réceptrice",""
"FBS","Bilans Alimentaires (2010-)","BGD","Bangladesh","674","Disponibilité de protéines en quantité (g/personne/jour)","S2734","Viande de Volailles","2018","2018","g/personne/jour","0.7","E","Valeur estimée",""
"FBS","Bilans Alimentaires (2010-)","BGD","Bangladesh","671","Disponibilité de protéines en quantité (t)","S2734","Viande de Volailles","2018","2018","tonnes","41708.69","I","Valeur imputée par une agence réceptrice",""
"FBS","Bilans Alimentaires (2010-)","BGD","Bangladesh","684","Disponibilité de matière grasse en quantité (g/personne/jour)","S2734","Viande de Volailles","2018","2018","g/personne/jour","0.39","E","Valeur estimée",""
"FBS","Bilans Alimentaires (2010-)","BGD","Bangladesh","681","Disponibilité de matière grasse en quantité (t)","S2734","Viande de Volailles","2018","2018","tonnes","23539.29","I","Valeur imputée par une agence réceptrice",""
"FBS","Bilans Alimentaires (2010-)","BRB","Barbade","5511","Production","S2734","Viande de Volailles","2018","2018","1000 t","17","I","Valeur imputée par une agence réceptrice",""
"FBS","Bilans Alimentaires (2010-)","BRB","Barbade","5611","Importations - quantité","S2734","Viande de Volailles","2018","2018","1000 t","2","I","Valeur imputée par une agence réceptrice",""
"FBS","Bilans Alimentaires (2010-)","BRB","Barbade","5072","Variation de stock","S2734","Viande de Volailles","2018","2018","1000 t","0","I","Valeur imputée par une agence réceptrice",""
"FBS","Bilans Alimentaires (2010-)","BRB","Barbade","5911","Exportations - quantité","S2734","Viande de Volailles","2018","2018","1000 t","0","I","Valeur imputée par une agence réceptrice",""
"FBS","Bilans Alimentaires (2010-)","BRB","Barbade","5301","Disponibilité intérieure","S2734","Viande de Volailles","2018","2018","1000 t","18","I","Valeur imputée par une agence réceptrice",""
"FBS","Bilans Alimentaires (2010-)","BRB","Barbade","5123","Pertes","S2734","Viande de Volailles","2018","2018","1000 t","0","I","Valeur imputée par une agence réceptrice",""
"FBS","Bilans Alimentaires (2010-)","BRB","Barbade","5154","Autres utilisations (non alimentaire)","S2734","Viande de Volailles","2018","2018","1000 t","0","I","Valeur imputée par une agence réceptrice",""
"FBS","Bilans Alimentaires (2010-)","BRB","Barbade","5171","Alimentation pour touristes","S2734","Viande de Volailles","2018","2018","1000 t","4","I","Valeur imputée par une agence réceptrice",""
"FBS","Bilans Alimentaires (2010-)","BRB","Barbade","5170","Résidus","S2734","Viande de Volailles","2018","2018","1000 t","0","I","Valeur imputée par une agence réceptrice",""
"FBS","Bilans Alimentaires (2010-)","BRB","Barbade","5142","Nourriture","S2734","Viande de Volailles","2018","2018","1000 t","14","I","Valeur imputée par une agence réceptrice",""
"FBS","Bilans Alimentaires (2010-)","BRB","Barbade","645","Disponibilité alimentaire en quantité (kg/personne/an)","S2734","Viande de Volailles","2018","2018","kg/personne","49.54","E","Valeur estimée",""
"FBS","Bilans Alimentaires (2010-)","BRB","Barbade","664","Disponibilité alimentaire (Kcal/personne/jour)","S2734","Viande de Volailles","2018","2018","kcal/personne/jour","196.66","E","Valeur estimée",""
"FBS","Bilans Alimentaires (2010-)","BRB","Barbade","661","Disponibilité alimentaire (Kcal)","S2734","Viande de Volailles","2018","2018","millions de kcal","20149.82","I","Valeur imputée par une agence réceptrice",""
"FBS","Bilans Alimentaires (2010-)","BRB","Barbade","674","Disponibilité de protéines en quantité (g/personne/jour)","S2734","Viande de Volailles","2018","2018","g/personne/jour","23.91","E","Valeur estimée",""
"FBS","Bilans Alimentaires (2010-)","BRB","Barbade","671","Disponibilité de protéines en quantité (t)","S2734","Viande de Volailles","2018","2018","tonnes","2449.45","I","Valeur imputée par une agence réceptrice",""
"FBS","Bilans Alimentaires (2010-)","BRB","Barbade","684","Disponibilité de matière grasse en quantité (g/personne/jour)","S2734","Viande de Volailles","2018","2018","g/personne/jour","11.17","E","Valeur estimée",""
"FBS","Bilans Alimentaires (2010-)","BRB","Barbade","681","Disponibilité de matière grasse en quantité (t)","S2734","Viande de Volailles","2018","2018","tonnes","1144.96","I","Valeur imputée par une agence réceptrice",""
"FBS","Bilans Alimentaires (2010-)","BLR","Bélarus","5511","Production","S2734","Viande de Volailles","2018","2018","1000 t","466","I","Valeur imputée par une agence réceptrice",""
"FBS","Bilans Alimentaires (2010-)","BLR","Bélarus","5611","Importations - quantité","S2734","Viande de Volailles","2018","2018","1000 t","11","I","Valeur imputée par une agence réceptrice",""
"FBS","Bilans Alimentaires (2010-)","BLR","Bélarus","5072","Variation de stock","S2734","Viande de Volailles","2018","2018","1000 t","34","I","Valeur imputée par une agence réceptrice",""
"FBS","Bilans Alimentaires (2010-)","BLR","Bélarus","5911","Exportations - quantité","S2734","Viande de Volailles","2018","2018","1000 t","168","I","Valeur imputée par une agence réceptrice",""
"FBS","Bilans Alimentaires (2010-)","BLR","Bélarus","5301","Disponibilité intérieure","S2734","Viande de Volailles","2018","2018","1000 t","274","I","Valeur imputée par une agence réceptrice",""
"FBS","Bilans Alimentaires (2010-)","BLR","Bélarus","5123","Pertes","S2734","Viande de Volailles","2018","2018","1000 t","0","I","Valeur imputée par une agence réceptrice",""
"FBS","Bilans Alimentaires (2010-)","BLR","Bélarus","5131","Traitement","S2734","Viande de Volailles","2018","2018","1000 t","1","I","Valeur imputée par une agence réceptrice",""
"FBS","Bilans Alimentaires (2010-)","BLR","Bélarus","5170","Résidus","S2734","Viande de Volailles","2018","2018","1000 t","0","I","Valeur imputée par une agence réceptrice",""
"FBS","Bilans Alimentaires (2010-)","BLR","Bélarus","5142","Nourriture","S2734","Viande de Volailles","2018","2018","1000 t","274","I","Valeur imputée par une agence réceptrice",""
"FBS","Bilans Alimentaires (2010-)","BLR","Bélarus","645","Disponibilité alimentaire en quantité (kg/personne/an)","S2734","Viande de Volailles","2018","2018","kg/personne","28.87","E","Valeur estimée",""
"FBS","Bilans Alimentaires (2010-)","BLR","Bélarus","664","Disponibilité alimentaire (Kcal/personne/jour)","S2734","Viande de Volailles","2018","2018","kcal/personne/jour","109.27","E","Valeur estimée",""
"FBS","Bilans Alimentaires (2010-)","BLR","Bélarus","661","Disponibilité alimentaire (Kcal)","S2734","Viande de Volailles","2018","2018","millions de kcal","378110.77","I","Valeur imputée par une agence réceptrice",""
"FBS","Bilans Alimentaires (2010-)","BLR","Bélarus","674","Disponibilité de protéines en quantité (g/personne/jour)","S2734","Viande de Volailles","2018","2018","g/personne/jour","13.02","E","Valeur estimée",""
"FBS","Bilans Alimentaires (2010-)","BLR","Bélarus","671","Disponibilité de protéines en quantité (t)","S2734","Viande de Volailles","2018","2018","tonnes","45055.95","I","Valeur imputée par une agence réceptrice",""
"FBS","Bilans Alimentaires (2010-)","BLR","Bélarus","684","Disponibilité de matière grasse en quantité (g/personne/jour)","S2734","Viande de Volailles","2018","2018","g/personne/jour","6.35","E","Valeur estimée",""
"FBS","Bilans Alimentaires (2010-)","BLR","Bélarus","681","Disponibilité de matière grasse en quantité (t)","S2734","Viande de Volailles","2018","2018","tonnes","21956.15","I","Valeur imputée par une agence réceptrice",""
"FBS","Bilans Alimentaires (2010-)","BEL","Belgique","5511","Production","S2734","Viande de Volailles","2018","2018","1000 t","470","I","Valeur imputée par une agence réceptrice",""
"FBS","Bilans Alimentaires (2010-)","BEL","Belgique","5611","Importations - quantité","S2734","Viande de Volailles","2018","2018","1000 t","305","I","Valeur imputée par une agence réceptrice",""
"FBS","Bilans Alimentaires (2010-)","BEL","Belgique","5072","Variation de stock","S2734","Viande de Volailles","2018","2018","1000 t","-29","I","Valeur imputée par une agence réceptrice",""
"FBS","Bilans Alimentaires (2010-)","BEL","Belgique","5911","Exportations - quantité","S2734","Viande de Volailles","2018","2018","1000 t","640","I","Valeur imputée par une agence réceptrice",""
"FBS","Bilans Alimentaires (2010-)","BEL","Belgique","5301","Disponibilité intérieure","S2734","Viande de Volailles","2018","2018","1000 t","164","I","Valeur imputée par une agence réceptrice",""
"FBS","Bilans Alimentaires (2010-)","BEL","Belgique","5123","Pertes","S2734","Viande de Volailles","2018","2018","1000 t","0","I","Valeur imputée par une agence réceptrice",""
"FBS","Bilans Alimentaires (2010-)","BEL","Belgique","5131","Traitement","S2734","Viande de Volailles","2018","2018","1000 t","30","I","Valeur imputée par une agence réceptrice",""
"FBS","Bilans Alimentaires (2010-)","BEL","Belgique","5170","Résidus","S2734","Viande de Volailles","2018","2018","1000 t","0","I","Valeur imputée par une agence réceptrice",""
"FBS","Bilans Alimentaires (2010-)","BEL","Belgique","5142","Nourriture","S2734","Viande de Volailles","2018","2018","1000 t","134","I","Valeur imputée par une agence réceptrice",""
"FBS","Bilans Alimentaires (2010-)","BEL","Belgique","645","Disponibilité alimentaire en quantité (kg/personne/an)","S2734","Viande de Volailles","2018","2018","kg/personne","11.68","E","Valeur estimée",""
"FBS","Bilans Alimentaires (2010-)","BEL","Belgique","664","Disponibilité alimentaire (Kcal/personne/jour)","S2734","Viande de Volailles","2018","2018","kcal/personne/jour","43.17","E","Valeur estimée",""
"FBS","Bilans Alimentaires (2010-)","BEL","Belgique","661","Disponibilité alimentaire (Kcal)","S2734","Viande de Volailles","2018","2018","millions de kcal","180077.75","I","Valeur imputée par une agence réceptrice",""
"FBS","Bilans Alimentaires (2010-)","BEL","Belgique","674","Disponibilité de protéines en quantité (g/personne/jour)","S2734","Viande de Volailles","2018","2018","g/personne/jour","5.3","E","Valeur estimée",""
"FBS","Bilans Alimentaires (2010-)","BEL","Belgique","671","Disponibilité de protéines en quantité (t)","S2734","Viande de Volailles","2018","2018","tonnes","22120.41","I","Valeur imputée par une agence réceptrice",""
"FBS","Bilans Alimentaires (2010-)","BEL","Belgique","684","Disponibilité de matière grasse en quantité (g/personne/jour)","S2734","Viande de Volailles","2018","2018","g/personne/jour","2.43","E","Valeur estimée",""
"FBS","Bilans Alimentaires (2010-)","BEL","Belgique","681","Disponibilité de matière grasse en quantité (t)","S2734","Viande de Volailles","2018","2018","tonnes","10144.31","I","Valeur imputée par une agence réceptrice",""
"FBS","Bilans Alimentaires (2010-)","BLZ","Belize","5511","Production","S2734","Viande de Volailles","2018","2018","1000 t","20","I","Valeur imputée par une agence réceptrice",""
"FBS","Bilans Alimentaires (2010-)","BLZ","Belize","5611","Importations - quantité","S2734","Viande de Volailles","2018","2018","1000 t","0","I","Valeur imputée par une agence réceptrice",""
"FBS","Bilans Alimentaires (2010-)","BLZ","Belize","5072","Variation de stock","S2734","Viande de Volailles","2018","2018","1000 t","0","I","Valeur imputée par une agence réceptrice",""
"FBS","Bilans Alimentaires (2010-)","BLZ","Belize","5301","Disponibilité intérieure","S2734","Viande de Volailles","2018","2018","1000 t","20","I","Valeur imputée par une agence réceptrice",""
"FBS","Bilans Alimentaires (2010-)","BLZ","Belize","5154","Autres utilisations (non alimentaire)","S2734","Viande de Volailles","2018","2018","1000 t","0","I","Valeur imputée par une agence réceptrice",""
"FBS","Bilans Alimentaires (2010-)","BLZ","Belize","5171","Alimentation pour touristes","S2734","Viande de Volailles","2018","2018","1000 t","8","I","Valeur imputée par une agence réceptrice",""
"FBS","Bilans Alimentaires (2010-)","BLZ","Belize","5170","Résidus","S2734","Viande de Volailles","2018","2018","1000 t","0","I","Valeur imputée par une agence réceptrice",""
"FBS","Bilans Alimentaires (2010-)","BLZ","Belize","5142","Nourriture","S2734","Viande de Volailles","2018","2018","1000 t","12","I","Valeur imputée par une agence réceptrice",""
"FBS","Bilans Alimentaires (2010-)","BLZ","Belize","645","Disponibilité alimentaire en quantité (kg/personne/an)","S2734","Viande de Volailles","2018","2018","kg/personne","30.86","E","Valeur estimée",""
"FBS","Bilans Alimentaires (2010-)","BLZ","Belize","664","Disponibilité alimentaire (Kcal/personne/jour)","S2734","Viande de Volailles","2018","2018","kcal/personne/jour","116.2","E","Valeur estimée",""
"FBS","Bilans Alimentaires (2010-)","BLZ","Belize","661","Disponibilité alimentaire (Kcal)","S2734","Viande de Volailles","2018","2018","millions de kcal","16126.08","I","Valeur imputée par une agence réceptrice",""
"FBS","Bilans Alimentaires (2010-)","BLZ","Belize","674","Disponibilité de protéines en quantité (g/personne/jour)","S2734","Viande de Volailles","2018","2018","g/personne/jour","13.96","E","Valeur estimée",""
"FBS","Bilans Alimentaires (2010-)","BLZ","Belize","671","Disponibilité de protéines en quantité (t)","S2734","Viande de Volailles","2018","2018","tonnes","1937.16","I","Valeur imputée par une agence réceptrice",""
"FBS","Bilans Alimentaires (2010-)","BLZ","Belize","684","Disponibilité de matière grasse en quantité (g/personne/jour)","S2734","Viande de Volailles","2018","2018","g/personne/jour","6.7","E","Valeur estimée",""
"FBS","Bilans Alimentaires (2010-)","BLZ","Belize","681","Disponibilité de matière grasse en quantité (t)","S2734","Viande de Volailles","2018","2018","tonnes","929.28","I","Valeur imputée par une agence réceptrice",""
"FBS","Bilans Alimentaires (2010-)","BOL","Bolivie (État plurinational de)","5511","Production","S2734","Viande de Volailles","2018","2018","1000 t","485","I","Valeur imputée par une agence réceptrice",""
"FBS","Bilans Alimentaires (2010-)","BOL","Bolivie (État plurinational de)","5611","Importations - quantité","S2734","Viande de Volailles","2018","2018","1000 t","0","I","Valeur imputée par une agence réceptrice",""
"FBS","Bilans Alimentaires (2010-)","BOL","Bolivie (État plurinational de)","5072","Variation de stock","S2734","Viande de Volailles","2018","2018","1000 t","0","I","Valeur imputée par une agence réceptrice",""
"FBS","Bilans Alimentaires (2010-)","BOL","Bolivie (État plurinational de)","5911","Exportations - quantité","S2734","Viande de Volailles","2018","2018","1000 t","1","I","Valeur imputée par une agence réceptrice",""
"FBS","Bilans Alimentaires (2010-)","BOL","Bolivie (État plurinational de)","5301","Disponibilité intérieure","S2734","Viande de Volailles","2018","2018","1000 t","485","I","Valeur imputée par une agence réceptrice",""
"FBS","Bilans Alimentaires (2010-)","BOL","Bolivie (État plurinational de)","5170","Résidus","S2734","Viande de Volailles","2018","2018","1000 t","0","I","Valeur imputée par une agence réceptrice",""
"FBS","Bilans Alimentaires (2010-)","BOL","Bolivie (État plurinational de)","5142","Nourriture","S2734","Viande de Volailles","2018","2018","1000 t","485","I","Valeur imputée par une agence réceptrice",""
"FBS","Bilans Alimentaires (2010-)","BOL","Bolivie (État plurinational de)","645","Disponibilité alimentaire en quantité (kg/personne/an)","S2734","Viande de Volailles","2018","2018","kg/personne","42.16","E","Valeur estimée",""
"FBS","Bilans Alimentaires (2010-)","BOL","Bolivie (État plurinational de)","664","Disponibilité alimentaire (Kcal/personne/jour)","S2734","Viande de Volailles","2018","2018","kcal/personne/jour","159.29","E","Valeur estimée",""
"FBS","Bilans Alimentaires (2010-)","BOL","Bolivie (État plurinational de)","661","Disponibilité alimentaire (Kcal)","S2734","Viande de Volailles","2018","2018","millions de kcal","669127.29","I","Valeur imputée par une agence réceptrice",""
"FBS","Bilans Alimentaires (2010-)","BOL","Bolivie (État plurinational de)","674","Disponibilité de protéines en quantité (g/personne/jour)","S2734","Viande de Volailles","2018","2018","g/personne/jour","19.01","E","Valeur estimée",""
"FBS","Bilans Alimentaires (2010-)","BOL","Bolivie (État plurinational de)","671","Disponibilité de protéines en quantité (t)","S2734","Viande de Volailles","2018","2018","tonnes","79859.61","I","Valeur imputée par une agence réceptrice",""
"FBS","Bilans Alimentaires (2010-)","BOL","Bolivie (État plurinational de)","684","Disponibilité de matière grasse en quantité (g/personne/jour)","S2734","Viande de Volailles","2018","2018","g/personne/jour","9.24","E","Valeur estimée",""
"FBS","Bilans Alimentaires (2010-)","BOL","Bolivie (État plurinational de)","681","Disponibilité de matière grasse en quantité (t)","S2734","Viande de Volailles","2018","2018","tonnes","38809.05","I","Valeur imputée par une agence réceptrice",""
"FBS","Bilans Alimentaires (2010-)","BIH","Bosnie-Herzégovine","5511","Production","S2734","Viande de Volailles","2018","2018","1000 t","62","I","Valeur imputée par une agence réceptrice",""
"FBS","Bilans Alimentaires (2010-)","BIH","Bosnie-Herzégovine","5611","Importations - quantité","S2734","Viande de Volailles","2018","2018","1000 t","12","I","Valeur imputée par une agence réceptrice",""
"FBS","Bilans Alimentaires (2010-)","BIH","Bosnie-Herzégovine","5072","Variation de stock","S2734","Viande de Volailles","2018","2018","1000 t","0","I","Valeur imputée par une agence réceptrice",""
"FBS","Bilans Alimentaires (2010-)","BIH","Bosnie-Herzégovine","5911","Exportations - quantité","S2734","Viande de Volailles","2018","2018","1000 t","8","I","Valeur imputée par une agence réceptrice",""
"FBS","Bilans Alimentaires (2010-)","BIH","Bosnie-Herzégovine","5301","Disponibilité intérieure","S2734","Viande de Volailles","2018","2018","1000 t","66","I","Valeur imputée par une agence réceptrice",""
"FBS","Bilans Alimentaires (2010-)","BIH","Bosnie-Herzégovine","5131","Traitement","S2734","Viande de Volailles","2018","2018","1000 t","0","I","Valeur imputée par une agence réceptrice",""
"FBS","Bilans Alimentaires (2010-)","BIH","Bosnie-Herzégovine","5170","Résidus","S2734","Viande de Volailles","2018","2018","1000 t","0","I","Valeur imputée par une agence réceptrice",""
"FBS","Bilans Alimentaires (2010-)","BIH","Bosnie-Herzégovine","5142","Nourriture","S2734","Viande de Volailles","2018","2018","1000 t","66","I","Valeur imputée par une agence réceptrice",""
"FBS","Bilans Alimentaires (2010-)","BIH","Bosnie-Herzégovine","645","Disponibilité alimentaire en quantité (kg/personne/an)","S2734","Viande de Volailles","2018","2018","kg/personne","19.39","E","Valeur estimée",""
"FBS","Bilans Alimentaires (2010-)","BIH","Bosnie-Herzégovine","664","Disponibilité alimentaire (Kcal/personne/jour)","S2734","Viande de Volailles","2018","2018","kcal/personne/jour","72.95","E","Valeur estimée",""
"FBS","Bilans Alimentaires (2010-)","BIH","Bosnie-Herzégovine","661","Disponibilité alimentaire (Kcal)","S2734","Viande de Volailles","2018","2018","millions de kcal","90179.62","I","Valeur imputée par une agence réceptrice",""
"FBS","Bilans Alimentaires (2010-)","BIH","Bosnie-Herzégovine","674","Disponibilité de protéines en quantité (g/personne/jour)","S2734","Viande de Volailles","2018","2018","g/personne/jour","8.77","E","Valeur estimée",""
"FBS","Bilans Alimentaires (2010-)","BIH","Bosnie-Herzégovine","671","Disponibilité de protéines en quantité (t)","S2734","Viande de Volailles","2018","2018","tonnes","10844.22","I","Valeur imputée par une agence réceptrice",""
"FBS","Bilans Alimentaires (2010-)","BIH","Bosnie-Herzégovine","684","Disponibilité de matière grasse en quantité (g/personne/jour)","S2734","Viande de Volailles","2018","2018","g/personne/jour","4.2","E","Valeur estimée",""
"FBS","Bilans Alimentaires (2010-)","BIH","Bosnie-Herzégovine","681","Disponibilité de matière grasse en quantité (t)","S2734","Viande de Volailles","2018","2018","tonnes","5191.5","I","Valeur imputée par une agence réceptrice",""
"FBS","Bilans Alimentaires (2010-)","BWA","Botswana","5511","Production","S2734","Viande de Volailles","2018","2018","1000 t","4","I","Valeur imputée par une agence réceptrice",""
"FBS","Bilans Alimentaires (2010-)","BWA","Botswana","5611","Importations - quantité","S2734","Viande de Volailles","2018","2018","1000 t","5","I","Valeur imputée par une agence réceptrice",""
"FBS","Bilans Alimentaires (2010-)","BWA","Botswana","5072","Variation de stock","S2734","Viande de Volailles","2018","2018","1000 t","0","I","Valeur imputée par une agence réceptrice",""
"FBS","Bilans Alimentaires (2010-)","BWA","Botswana","5911","Exportations - quantité","S2734","Viande de Volailles","2018","2018","1000 t","0","I","Valeur imputée par une agence réceptrice",""
"FBS","Bilans Alimentaires (2010-)","BWA","Botswana","5301","Disponibilité intérieure","S2734","Viande de Volailles","2018","2018","1000 t","9","I","Valeur imputée par une agence réceptrice",""
"FBS","Bilans Alimentaires (2010-)","BWA","Botswana","5171","Alimentation pour touristes","S2734","Viande de Volailles","2018","2018","1000 t","0","I","Valeur imputée par une agence réceptrice",""
"FBS","Bilans Alimentaires (2010-)","BWA","Botswana","5170","Résidus","S2734","Viande de Volailles","2018","2018","1000 t","0","I","Valeur imputée par une agence réceptrice",""
"FBS","Bilans Alimentaires (2010-)","BWA","Botswana","5142","Nourriture","S2734","Viande de Volailles","2018","2018","1000 t","9","I","Valeur imputée par une agence réceptrice",""
"FBS","Bilans Alimentaires (2010-)","BWA","Botswana","645","Disponibilité alimentaire en quantité (kg/personne/an)","S2734","Viande de Volailles","2018","2018","kg/personne","3.83","E","Valeur estimée",""
"FBS","Bilans Alimentaires (2010-)","BWA","Botswana","664","Disponibilité alimentaire (Kcal/personne/jour)","S2734","Viande de Volailles","2018","2018","kcal/personne/jour","14.55","E","Valeur estimée",""
"FBS","Bilans Alimentaires (2010-)","BWA","Botswana","661","Disponibilité alimentaire (Kcal)","S2734","Viande de Volailles","2018","2018","millions de kcal","12213.1","I","Valeur imputée par une agence réceptrice",""
"FBS","Bilans Alimentaires (2010-)","BWA","Botswana","674","Disponibilité de protéines en quantité (g/personne/jour)","S2734","Viande de Volailles","2018","2018","g/personne/jour","1.75","E","Valeur estimée",""
"FBS","Bilans Alimentaires (2010-)","BWA","Botswana","671","Disponibilité de protéines en quantité (t)","S2734","Viande de Volailles","2018","2018","tonnes","1466.94","I","Valeur imputée par une agence réceptrice",""
"FBS","Bilans Alimentaires (2010-)","BWA","Botswana","684","Disponibilité de matière grasse en quantité (g/personne/jour)","S2734","Viande de Volailles","2018","2018","g/personne/jour","0.83","E","Valeur estimée",""
"FBS","Bilans Alimentaires (2010-)","BWA","Botswana","681","Disponibilité de matière grasse en quantité (t)","S2734","Viande de Volailles","2018","2018","tonnes","699.82","I","Valeur imputée par une agence réceptrice",""
"FBS","Bilans Alimentaires (2010-)","BRA","Brésil","5511","Production","S2734","Viande de Volailles","2018","2018","1000 t","14095","I","Valeur imputée par une agence réceptrice",""
"FBS","Bilans Alimentaires (2010-)","BRA","Brésil","5611","Importations - quantité","S2734","Viande de Volailles","2018","2018","1000 t","3","I","Valeur imputée par une agence réceptrice",""
"FBS","Bilans Alimentaires (2010-)","BRA","Brésil","5072","Variation de stock","S2734","Viande de Volailles","2018","2018","1000 t","74","I","Valeur imputée par une agence réceptrice",""
"FBS","Bilans Alimentaires (2010-)","BRA","Brésil","5911","Exportations - quantité","S2734","Viande de Volailles","2018","2018","1000 t","4012","I","Valeur imputée par une agence réceptrice",""
"FBS","Bilans Alimentaires (2010-)","BRA","Brésil","5301","Disponibilité intérieure","S2734","Viande de Volailles","2018","2018","1000 t","10012","I","Valeur imputée par une agence réceptrice",""
"FBS","Bilans Alimentaires (2010-)","BRA","Brésil","5131","Traitement","S2734","Viande de Volailles","2018","2018","1000 t","1","I","Valeur imputée par une agence réceptrice",""
"FBS","Bilans Alimentaires (2010-)","BRA","Brésil","5170","Résidus","S2734","Viande de Volailles","2018","2018","1000 t","0","I","Valeur imputée par une agence réceptrice",""
"FBS","Bilans Alimentaires (2010-)","BRA","Brésil","5142","Nourriture","S2734","Viande de Volailles","2018","2018","1000 t","10010","I","Valeur imputée par une agence réceptrice",""
"FBS","Bilans Alimentaires (2010-)","BRA","Brésil","645","Disponibilité alimentaire en quantité (kg/personne/an)","S2734","Viande de Volailles","2018","2018","kg/personne","48.57","E","Valeur estimée",""
"FBS","Bilans Alimentaires (2010-)","BRA","Brésil","664","Disponibilité alimentaire (Kcal/personne/jour)","S2734","Viande de Volailles","2018","2018","kcal/personne/jour","182.51","E","Valeur estimée",""
"FBS","Bilans Alimentaires (2010-)","BRA","Brésil","661","Disponibilité alimentaire (Kcal)","S2734","Viande de Volailles","2018","2018","millions de kcal","13730138.61","I","Valeur imputée par une agence réceptrice",""
"FBS","Bilans Alimentaires (2010-)","BRA","Brésil","674","Disponibilité de protéines en quantité (g/personne/jour)","S2734","Viande de Volailles","2018","2018","g/personne/jour","22.06","E","Valeur estimée",""
"FBS","Bilans Alimentaires (2010-)","BRA","Brésil","671","Disponibilité de protéines en quantité (t)","S2734","Viande de Volailles","2018","2018","tonnes","1659462.05","I","Valeur imputée par une agence réceptrice",""
"FBS","Bilans Alimentaires (2010-)","BRA","Brésil","684","Disponibilité de matière grasse en quantité (g/personne/jour)","S2734","Viande de Volailles","2018","2018","g/personne/jour","10.44","E","Valeur estimée",""
"FBS","Bilans Alimentaires (2010-)","BRA","Brésil","681","Disponibilité de matière grasse en quantité (t)","S2734","Viande de Volailles","2018","2018","tonnes","785520.36","I","Valeur imputée par une agence réceptrice",""
"FBS","Bilans Alimentaires (2010-)","BGR","Bulgarie","5511","Production","S2734","Viande de Volailles","2018","2018","1000 t","118","I","Valeur imputée par une agence réceptrice",""
"FBS","Bilans Alimentaires (2010-)","BGR","Bulgarie","5611","Importations - quantité","S2734","Viande de Volailles","2018","2018","1000 t","108","I","Valeur imputée par une agence réceptrice",""
"FBS","Bilans Alimentaires (2010-)","BGR","Bulgarie","5072","Variation de stock","S2734","Viande de Volailles","2018","2018","1000 t","20","I","Valeur imputée par une agence réceptrice",""
"FBS","Bilans Alimentaires (2010-)","BGR","Bulgarie","5911","Exportations - quantité","S2734","Viande de Volailles","2018","2018","1000 t","46","I","Valeur imputée par une agence réceptrice",""
"FBS","Bilans Alimentaires (2010-)","BGR","Bulgarie","5301","Disponibilité intérieure","S2734","Viande de Volailles","2018","2018","1000 t","160","I","Valeur imputée par une agence réceptrice",""
"FBS","Bilans Alimentaires (2010-)","BGR","Bulgarie","5123","Pertes","S2734","Viande de Volailles","2018","2018","1000 t","0","I","Valeur imputée par une agence réceptrice",""
"FBS","Bilans Alimentaires (2010-)","BGR","Bulgarie","5131","Traitement","S2734","Viande de Volailles","2018","2018","1000 t","1","I","Valeur imputée par une agence réceptrice",""
"FBS","Bilans Alimentaires (2010-)","BGR","Bulgarie","5170","Résidus","S2734","Viande de Volailles","2018","2018","1000 t","0","I","Valeur imputée par une agence réceptrice",""
"FBS","Bilans Alimentaires (2010-)","BGR","Bulgarie","5142","Nourriture","S2734","Viande de Volailles","2018","2018","1000 t","160","I","Valeur imputée par une agence réceptrice",""
"FBS","Bilans Alimentaires (2010-)","BGR","Bulgarie","645","Disponibilité alimentaire en quantité (kg/personne/an)","S2734","Viande de Volailles","2018","2018","kg/personne","22.74","E","Valeur estimée",""
"FBS","Bilans Alimentaires (2010-)","BGR","Bulgarie","664","Disponibilité alimentaire (Kcal/personne/jour)","S2734","Viande de Volailles","2018","2018","kcal/personne/jour","87.15","E","Valeur estimée",""
"FBS","Bilans Alimentaires (2010-)","BGR","Bulgarie","661","Disponibilité alimentaire (Kcal)","S2734","Viande de Volailles","2018","2018","millions de kcal","223450.19","I","Valeur imputée par une agence réceptrice",""
"FBS","Bilans Alimentaires (2010-)","BGR","Bulgarie","674","Disponibilité de protéines en quantité (g/personne/jour)","S2734","Viande de Volailles","2018","2018","g/personne/jour","10.2","E","Valeur estimée",""
"FBS","Bilans Alimentaires (2010-)","BGR","Bulgarie","671","Disponibilité de protéines en quantité (t)","S2734","Viande de Volailles","2018","2018","tonnes","26164.77","I","Valeur imputée par une agence réceptrice",""
"FBS","Bilans Alimentaires (2010-)","BGR","Bulgarie","684","Disponibilité de matière grasse en quantité (g/personne/jour)","S2734","Viande de Volailles","2018","2018","g/personne/jour","5.13","E","Valeur estimée",""
"FBS","Bilans Alimentaires (2010-)","BGR","Bulgarie","681","Disponibilité de matière grasse en quantité (t)","S2734","Viande de Volailles","2018","2018","tonnes","13157.99","I","Valeur imputée par une agence réceptrice",""
"FBS","Bilans Alimentaires (2010-)","BFA","Burkina Faso","5511","Production","S2734","Viande de Volailles","2018","2018","1000 t","42","I","Valeur imputée par une agence réceptrice",""
"FBS","Bilans Alimentaires (2010-)","BFA","Burkina Faso","5611","Importations - quantité","S2734","Viande de Volailles","2018","2018","1000 t","0","I","Valeur imputée par une agence réceptrice",""
"FBS","Bilans Alimentaires (2010-)","BFA","Burkina Faso","5072","Variation de stock","S2734","Viande de Volailles","2018","2018","1000 t","0","I","Valeur imputée par une agence réceptrice",""
"FBS","Bilans Alimentaires (2010-)","BFA","Burkina Faso","5301","Disponibilité intérieure","S2734","Viande de Volailles","2018","2018","1000 t","43","I","Valeur imputée par une agence réceptrice",""
"FBS","Bilans Alimentaires (2010-)","BFA","Burkina Faso","5170","Résidus","S2734","Viande de Volailles","2018","2018","1000 t","0","I","Valeur imputée par une agence réceptrice",""
"FBS","Bilans Alimentaires (2010-)","BFA","Burkina Faso","5142","Nourriture","S2734","Viande de Volailles","2018","2018","1000 t","43","I","Valeur imputée par une agence réceptrice",""
"FBS","Bilans Alimentaires (2010-)","BFA","Burkina Faso","645","Disponibilité alimentaire en quantité (kg/personne/an)","S2734","Viande de Volailles","2018","2018","kg/personne","2.08","E","Valeur estimée",""
"FBS","Bilans Alimentaires (2010-)","BFA","Burkina Faso","664","Disponibilité alimentaire (Kcal/personne/jour)","S2734","Viande de Volailles","2018","2018","kcal/personne/jour","7.87","E","Valeur estimée",""
"FBS","Bilans Alimentaires (2010-)","BFA","Burkina Faso","661","Disponibilité alimentaire (Kcal)","S2734","Viande de Volailles","2018","2018","millions de kcal","58715.48","I","Valeur imputée par une agence réceptrice",""
"FBS","Bilans Alimentaires (2010-)","BFA","Burkina Faso","674","Disponibilité de protéines en quantité (g/personne/jour)","S2734","Viande de Volailles","2018","2018","g/personne/jour","0.94","E","Valeur estimée",""
"FBS","Bilans Alimentaires (2010-)","BFA","Burkina Faso","671","Disponibilité de protéines en quantité (t)","S2734","Viande de Volailles","2018","2018","tonnes","7016.06","I","Valeur imputée par une agence réceptrice",""
"FBS","Bilans Alimentaires (2010-)","BFA","Burkina Faso","684","Disponibilité de matière grasse en quantité (g/personne/jour)","S2734","Viande de Volailles","2018","2018","g/personne/jour","0.46","E","Valeur estimée",""
"FBS","Bilans Alimentaires (2010-)","BFA","Burkina Faso","681","Disponibilité de matière grasse en quantité (t)","S2734","Viande de Volailles","2018","2018","tonnes","3400.72","I","Valeur imputée par une agence réceptrice",""
"FBS","Bilans Alimentaires (2010-)","CPV","Cabo Verde","5511","Production","S2734","Viande de Volailles","2018","2018","1000 t","1","I","Valeur imputée par une agence réceptrice",""
"FBS","Bilans Alimentaires (2010-)","CPV","Cabo Verde","5611","Importations - quantité","S2734","Viande de Volailles","2018","2018","1000 t","13","I","Valeur imputée par une agence réceptrice",""
"FBS","Bilans Alimentaires (2010-)","CPV","Cabo Verde","5072","Variation de stock","S2734","Viande de Volailles","2018","2018","1000 t","0","I","Valeur imputée par une agence réceptrice",""
"FBS","Bilans Alimentaires (2010-)","CPV","Cabo Verde","5301","Disponibilité intérieure","S2734","Viande de Volailles","2018","2018","1000 t","14","I","Valeur imputée par une agence réceptrice",""
"FBS","Bilans Alimentaires (2010-)","CPV","Cabo Verde","5171","Alimentation pour touristes","S2734","Viande de Volailles","2018","2018","1000 t","0","I","Valeur imputée par une agence réceptrice",""
"FBS","Bilans Alimentaires (2010-)","CPV","Cabo Verde","5170","Résidus","S2734","Viande de Volailles","2018","2018","1000 t","0","I","Valeur imputée par une agence réceptrice",""
"FBS","Bilans Alimentaires (2010-)","CPV","Cabo Verde","5142","Nourriture","S2734","Viande de Volailles","2018","2018","1000 t","14","I","Valeur imputée par une agence réceptrice",""
"FBS","Bilans Alimentaires (2010-)","CPV","Cabo Verde","645","Disponibilité alimentaire en quantité (kg/personne/an)","S2734","Viande de Volailles","2018","2018","kg/personne","27.58","E","Valeur estimée",""
"FBS","Bilans Alimentaires (2010-)","CPV","Cabo Verde","664","Disponibilité alimentaire (Kcal/personne/jour)","S2734","Viande de Volailles","2018","2018","kcal/personne/jour","105.28","E","Valeur estimée",""
"FBS","Bilans Alimentaires (2010-)","CPV","Cabo Verde","661","Disponibilité alimentaire (Kcal)","S2734","Viande de Volailles","2018","2018","millions de kcal","19729.79","I","Valeur imputée par une agence réceptrice",""
"FBS","Bilans Alimentaires (2010-)","CPV","Cabo Verde","674","Disponibilité de protéines en quantité (g/personne/jour)","S2734","Viande de Volailles","2018","2018","g/personne/jour","12.6","E","Valeur estimée",""
"FBS","Bilans Alimentaires (2010-)","CPV","Cabo Verde","671","Disponibilité de protéines en quantité (t)","S2734","Viande de Volailles","2018","2018","tonnes","2361.96","I","Valeur imputée par une agence réceptrice",""
"FBS","Bilans Alimentaires (2010-)","CPV","Cabo Verde","684","Disponibilité de matière grasse en quantité (g/personne/jour)","S2734","Viande de Volailles","2018","2018","g/personne/jour","6.03","E","Valeur estimée",""
"FBS","Bilans Alimentaires (2010-)","CPV","Cabo Verde","681","Disponibilité de matière grasse en quantité (t)","S2734","Viande de Volailles","2018","2018","tonnes","1129.92","I","Valeur imputée par une agence réceptrice",""
"FBS","Bilans Alimentaires (2010-)","KHM","Cambodge","5511","Production","S2734","Viande de Volailles","2018","2018","1000 t","28","I","Valeur imputée par une agence réceptrice",""
"FBS","Bilans Alimentaires (2010-)","KHM","Cambodge","5611","Importations - quantité","S2734","Viande de Volailles","2018","2018","1000 t","15","I","Valeur imputée par une agence réceptrice",""
"FBS","Bilans Alimentaires (2010-)","KHM","Cambodge","5072","Variation de stock","S2734","Viande de Volailles","2018","2018","1000 t","3","I","Valeur imputée par une agence réceptrice",""
"FBS","Bilans Alimentaires (2010-)","KHM","Cambodge","5911","Exportations - quantité","S2734","Viande de Volailles","2018","2018","1000 t","0","I","Valeur imputée par une agence réceptrice",""
"FBS","Bilans Alimentaires (2010-)","KHM","Cambodge","5301","Disponibilité intérieure","S2734","Viande de Volailles","2018","2018","1000 t","40","I","Valeur imputée par une agence réceptrice",""
"FBS","Bilans Alimentaires (2010-)","KHM","Cambodge","5171","Alimentation pour touristes","S2734","Viande de Volailles","2018","2018","1000 t","0","I","Valeur imputée par une agence réceptrice",""
"FBS","Bilans Alimentaires (2010-)","KHM","Cambodge","5170","Résidus","S2734","Viande de Volailles","2018","2018","1000 t","0","I","Valeur imputée par une agence réceptrice",""
"FBS","Bilans Alimentaires (2010-)","KHM","Cambodge","5142","Nourriture","S2734","Viande de Volailles","2018","2018","1000 t","40","I","Valeur imputée par une agence réceptrice",""
"FBS","Bilans Alimentaires (2010-)","KHM","Cambodge","645","Disponibilité alimentaire en quantité (kg/personne/an)","S2734","Viande de Volailles","2018","2018","kg/personne","2.47","E","Valeur estimée",""
"FBS","Bilans Alimentaires (2010-)","KHM","Cambodge","664","Disponibilité alimentaire (Kcal/personne/jour)","S2734","Viande de Volailles","2018","2018","kcal/personne/jour","10.11","E","Valeur estimée",""
"FBS","Bilans Alimentaires (2010-)","KHM","Cambodge","661","Disponibilité alimentaire (Kcal)","S2734","Viande de Volailles","2018","2018","millions de kcal","60044.38","I","Valeur imputée par une agence réceptrice",""
"FBS","Bilans Alimentaires (2010-)","KHM","Cambodge","674","Disponibilité de protéines en quantité (g/personne/jour)","S2734","Viande de Volailles","2018","2018","g/personne/jour","1.1","E","Valeur estimée",""
"FBS","Bilans Alimentaires (2010-)","KHM","Cambodge","671","Disponibilité de protéines en quantité (t)","S2734","Viande de Volailles","2018","2018","tonnes","6550.13","I","Valeur imputée par une agence réceptrice",""
"FBS","Bilans Alimentaires (2010-)","KHM","Cambodge","684","Disponibilité de matière grasse en quantité (g/personne/jour)","S2734","Viande de Volailles","2018","2018","g/personne/jour","0.63","E","Valeur estimée",""
"FBS","Bilans Alimentaires (2010-)","KHM","Cambodge","681","Disponibilité de matière grasse en quantité (t)","S2734","Viande de Volailles","2018","2018","tonnes","3729.12","I","Valeur imputée par une agence réceptrice",""
"FBS","Bilans Alimentaires (2010-)","CMR","Cameroun","5511","Production","S2734","Viande de Volailles","2018","2018","1000 t","80","I","Valeur imputée par une agence réceptrice",""
"FBS","Bilans Alimentaires (2010-)","CMR","Cameroun","5611","Importations - quantité","S2734","Viande de Volailles","2018","2018","1000 t","2","I","Valeur imputée par une agence réceptrice",""
"FBS","Bilans Alimentaires (2010-)","CMR","Cameroun","5072","Variation de stock","S2734","Viande de Volailles","2018","2018","1000 t","0","I","Valeur imputée par une agence réceptrice",""
"FBS","Bilans Alimentaires (2010-)","CMR","Cameroun","5301","Disponibilité intérieure","S2734","Viande de Volailles","2018","2018","1000 t","81","I","Valeur imputée par une agence réceptrice",""
"FBS","Bilans Alimentaires (2010-)","CMR","Cameroun","5123","Pertes","S2734","Viande de Volailles","2018","2018","1000 t","0","I","Valeur imputée par une agence réceptrice",""
"FBS","Bilans Alimentaires (2010-)","CMR","Cameroun","5170","Résidus","S2734","Viande de Volailles","2018","2018","1000 t","0","I","Valeur imputée par une agence réceptrice",""
"FBS","Bilans Alimentaires (2010-)","CMR","Cameroun","5142","Nourriture","S2734","Viande de Volailles","2018","2018","1000 t","81","I","Valeur imputée par une agence réceptrice",""
"FBS","Bilans Alimentaires (2010-)","CMR","Cameroun","645","Disponibilité alimentaire en quantité (kg/personne/an)","S2734","Viande de Volailles","2018","2018","kg/personne","3.27","E","Valeur estimée",""
"FBS","Bilans Alimentaires (2010-)","CMR","Cameroun","664","Disponibilité alimentaire (Kcal/personne/jour)","S2734","Viande de Volailles","2018","2018","kcal/personne/jour","12.35","E","Valeur estimée",""
"FBS","Bilans Alimentaires (2010-)","CMR","Cameroun","661","Disponibilité alimentaire (Kcal)","S2734","Viande de Volailles","2018","2018","millions de kcal","111784.82","I","Valeur imputée par une agence réceptrice",""
"FBS","Bilans Alimentaires (2010-)","CMR","Cameroun","674","Disponibilité de protéines en quantité (g/personne/jour)","S2734","Viande de Volailles","2018","2018","g/personne/jour","1.48","E","Valeur estimée",""
"FBS","Bilans Alimentaires (2010-)","CMR","Cameroun","671","Disponibilité de protéines en quantité (t)","S2734","Viande de Volailles","2018","2018","tonnes","13360.19","I","Valeur imputée par une agence réceptrice",""
"FBS","Bilans Alimentaires (2010-)","CMR","Cameroun","684","Disponibilité de matière grasse en quantité (g/personne/jour)","S2734","Viande de Volailles","2018","2018","g/personne/jour","0.72","E","Valeur estimée",""
"FBS","Bilans Alimentaires (2010-)","CMR","Cameroun","681","Disponibilité de matière grasse en quantité (t)","S2734","Viande de Volailles","2018","2018","tonnes","6473.93","I","Valeur imputée par une agence réceptrice",""
"FBS","Bilans Alimentaires (2010-)","CAN","Canada","5511","Production","S2734","Viande de Volailles","2018","2018","1000 t","1474","I","Valeur imputée par une agence réceptrice",""
"FBS","Bilans Alimentaires (2010-)","CAN","Canada","5611","Importations - quantité","S2734","Viande de Volailles","2018","2018","1000 t","186","I","Valeur imputée par une agence réceptrice",""
"FBS","Bilans Alimentaires (2010-)","CAN","Canada","5072","Variation de stock","S2734","Viande de Volailles","2018","2018","1000 t","8","I","Valeur imputée par une agence réceptrice",""
"FBS","Bilans Alimentaires (2010-)","CAN","Canada","5911","Exportations - quantité","S2734","Viande de Volailles","2018","2018","1000 t","155","I","Valeur imputée par une agence réceptrice",""
"FBS","Bilans Alimentaires (2010-)","CAN","Canada","5301","Disponibilité intérieure","S2734","Viande de Volailles","2018","2018","1000 t","1497","I","Valeur imputée par une agence réceptrice",""
"FBS","Bilans Alimentaires (2010-)","CAN","Canada","5170","Résidus","S2734","Viande de Volailles","2018","2018","1000 t","-3","I","Valeur imputée par une agence réceptrice",""
"FBS","Bilans Alimentaires (2010-)","CAN","Canada","5142","Nourriture","S2734","Viande de Volailles","2018","2018","1000 t","1501","I","Valeur imputée par une agence réceptrice",""
"FBS","Bilans Alimentaires (2010-)","CAN","Canada","645","Disponibilité alimentaire en quantité (kg/personne/an)","S2734","Viande de Volailles","2018","2018","kg/personne","40.24","E","Valeur estimée",""
"FBS","Bilans Alimentaires (2010-)","CAN","Canada","664","Disponibilité alimentaire (Kcal/personne/jour)","S2734","Viande de Volailles","2018","2018","kcal/personne/jour","149.66","E","Valeur estimée",""
"FBS","Bilans Alimentaires (2010-)","CAN","Canada","661","Disponibilité alimentaire (Kcal)","S2734","Viande de Volailles","2018","2018","millions de kcal","2037300.1","I","Valeur imputée par une agence réceptrice",""
"FBS","Bilans Alimentaires (2010-)","CAN","Canada","674","Disponibilité de protéines en quantité (g/personne/jour)","S2734","Viande de Volailles","2018","2018","g/personne/jour","18.38","E","Valeur estimée",""
"FBS","Bilans Alimentaires (2010-)","CAN","Canada","671","Disponibilité de protéines en quantité (t)","S2734","Viande de Volailles","2018","2018","tonnes","250149.62","I","Valeur imputée par une agence réceptrice",""
"FBS","Bilans Alimentaires (2010-)","CAN","Canada","684","Disponibilité de matière grasse en quantité (g/personne/jour)","S2734","Viande de Volailles","2018","2018","g/personne/jour","8.45","E","Valeur estimée",""
"FBS","Bilans Alimentaires (2010-)","CAN","Canada","681","Disponibilité de matière grasse en quantité (t)","S2734","Viande de Volailles","2018","2018","tonnes","115004.52","I","Valeur imputée par une agence réceptrice",""
"FBS","Bilans Alimentaires (2010-)","CHL","Chili","5511","Production","S2734","Viande de Volailles","2018","2018","1000 t","762","I","Valeur imputée par une agence réceptrice",""
"FBS","Bilans Alimentaires (2010-)","CHL","Chili","5611","Importations - quantité","S2734","Viande de Volailles","2018","2018","1000 t","160","I","Valeur imputée par une agence réceptrice",""
"FBS","Bilans Alimentaires (2010-)","CHL","Chili","5072","Variation de stock","S2734","Viande de Volailles","2018","2018","1000 t","25","I","Valeur imputée par une agence réceptrice",""
"FBS","Bilans Alimentaires (2010-)","CHL","Chili","5911","Exportations - quantité","S2734","Viande de Volailles","2018","2018","1000 t","157","I","Valeur imputée par une agence réceptrice",""
"FBS","Bilans Alimentaires (2010-)","CHL","Chili","5301","Disponibilité intérieure","S2734","Viande de Volailles","2018","2018","1000 t","740","I","Valeur imputée par une agence réceptrice",""
"FBS","Bilans Alimentaires (2010-)","CHL","Chili","5123","Pertes","S2734","Viande de Volailles","2018","2018","1000 t","0","I","Valeur imputée par une agence réceptrice",""
"FBS","Bilans Alimentaires (2010-)","CHL","Chili","5170","Résidus","S2734","Viande de Volailles","2018","2018","1000 t","0","I","Valeur imputée par une agence réceptrice",""
"FBS","Bilans Alimentaires (2010-)","CHL","Chili","5142","Nourriture","S2734","Viande de Volailles","2018","2018","1000 t","740","I","Valeur imputée par une agence réceptrice",""
"FBS","Bilans Alimentaires (2010-)","CHL","Chili","645","Disponibilité alimentaire en quantité (kg/personne/an)","S2734","Viande de Volailles","2018","2018","kg/personne","39.17","E","Valeur estimée",""
"FBS","Bilans Alimentaires (2010-)","CHL","Chili","664","Disponibilité alimentaire (Kcal/personne/jour)","S2734","Viande de Volailles","2018","2018","kcal/personne/jour","145.46","E","Valeur estimée",""
"FBS","Bilans Alimentaires (2010-)","CHL","Chili","661","Disponibilité alimentaire (Kcal)","S2734","Viande de Volailles","2018","2018","millions de kcal","1003061.2","I","Valeur imputée par une agence réceptrice",""
"FBS","Bilans Alimentaires (2010-)","CHL","Chili","674","Disponibilité de protéines en quantité (g/personne/jour)","S2734","Viande de Volailles","2018","2018","g/personne/jour","17.92","E","Valeur estimée",""
"FBS","Bilans Alimentaires (2010-)","CHL","Chili","671","Disponibilité de protéines en quantité (t)","S2734","Viande de Volailles","2018","2018","tonnes","123546.74","I","Valeur imputée par une agence réceptrice",""
"FBS","Bilans Alimentaires (2010-)","CHL","Chili","684","Disponibilité de matière grasse en quantité (g/personne/jour)","S2734","Viande de Volailles","2018","2018","g/personne/jour","8.18","E","Valeur estimée",""
"FBS","Bilans Alimentaires (2010-)","CHL","Chili","681","Disponibilité de matière grasse en quantité (t)","S2734","Viande de Volailles","2018","2018","tonnes","56425.38","I","Valeur imputée par une agence réceptrice",""
"FBS","Bilans Alimentaires (2010-)","F351","Chine","5511","Production","S2734","Viande de Volailles","2018","2018","1000 t","20728","E","Valeur estimée",""
"FBS","Bilans Alimentaires (2010-)","F351","Chine","5611","Importations - quantité","S2734","Viande de Volailles","2018","2018","1000 t","1575","E","Valeur estimée",""
"FBS","Bilans Alimentaires (2010-)","F351","Chine","5072","Variation de stock","S2734","Viande de Volailles","2018","2018","1000 t","418","E","Valeur estimée",""
"FBS","Bilans Alimentaires (2010-)","F351","Chine","5911","Exportations - quantité","S2734","Viande de Volailles","2018","2018","1000 t","1210","E","Valeur estimée",""
"FBS","Bilans Alimentaires (2010-)","F351","Chine","5301","Disponibilité intérieure","S2734","Viande de Volailles","2018","2018","1000 t","20675","E","Valeur estimée",""
"FBS","Bilans Alimentaires (2010-)","F351","Chine","5123","Pertes","S2734","Viande de Volailles","2018","2018","1000 t","0","E","Valeur estimée",""
"FBS","Bilans Alimentaires (2010-)","F351","Chine","5154","Autres utilisations (non alimentaire)","S2734","Viande de Volailles","2018","2018","1000 t","0","E","Valeur estimée",""
"FBS","Bilans Alimentaires (2010-)","F351","Chine","5171","Alimentation pour touristes","S2734","Viande de Volailles","2018","2018","1000 t","32","E","Valeur estimée",""
"FBS","Bilans Alimentaires (2010-)","F351","Chine","5170","Résidus","S2734","Viande de Volailles","2018","2018","1000 t","-403","E","Valeur estimée",""
"FBS","Bilans Alimentaires (2010-)","F351","Chine","5142","Nourriture","S2734","Viande de Volailles","2018","2018","1000 t","21046","E","Valeur estimée",""
"FBS","Bilans Alimentaires (2010-)","F351","Chine","645","Disponibilité alimentaire en quantité (kg/personne/an)","S2734","Viande de Volailles","2018","2018","kg/personne","14.51","E","Valeur estimée",""
"FBS","Bilans Alimentaires (2010-)","F351","Chine","664","Disponibilité alimentaire (Kcal/personne/jour)","S2734","Viande de Volailles","2018","2018","kcal/personne/jour","63.71","E","Valeur estimée",""
"FBS","Bilans Alimentaires (2010-)","F351","Chine","661","Disponibilité alimentaire (Kcal)","S2734","Viande de Volailles","2018","2018","millions de kcal","33739274.61","E","Valeur estimée",""
"FBS","Bilans Alimentaires (2010-)","F351","Chine","674","Disponibilité de protéines en quantité (g/personne/jour)","S2734","Viande de Volailles","2018","2018","g/personne/jour","6.47","E","Valeur estimée",""
"FBS","Bilans Alimentaires (2010-)","F351","Chine","671","Disponibilité de protéines en quantité (t)","S2734","Viande de Volailles","2018","2018","tonnes","3424571.5","E","Valeur estimée",""
"FBS","Bilans Alimentaires (2010-)","F351","Chine","684","Disponibilité de matière grasse en quantité (g/personne/jour)","S2734","Viande de Volailles","2018","2018","g/personne/jour","4.2","E","Valeur estimée",""
"FBS","Bilans Alimentaires (2010-)","F351","Chine","681","Disponibilité de matière grasse en quantité (t)","S2734","Viande de Volailles","2018","2018","tonnes","2223522.21","E","Valeur estimée",""
"FBS","Bilans Alimentaires (2010-)","HKG","Chine - RAS de Hong-Kong","5511","Production","S2734","Viande de Volailles","2018","2018","1000 t","25","I","Valeur imputée par une agence réceptrice",""
"FBS","Bilans Alimentaires (2010-)","HKG","Chine - RAS de Hong-Kong","5611","Importations - quantité","S2734","Viande de Volailles","2018","2018","1000 t","829","I","Valeur imputée par une agence réceptrice",""
"FBS","Bilans Alimentaires (2010-)","HKG","Chine - RAS de Hong-Kong","5072","Variation de stock","S2734","Viande de Volailles","2018","2018","1000 t","-58","I","Valeur imputée par une agence réceptrice",""
"FBS","Bilans Alimentaires (2010-)","HKG","Chine - RAS de Hong-Kong","5911","Exportations - quantité","S2734","Viande de Volailles","2018","2018","1000 t","608","I","Valeur imputée par une agence réceptrice",""
"FBS","Bilans Alimentaires (2010-)","HKG","Chine - RAS de Hong-Kong","5301","Disponibilité intérieure","S2734","Viande de Volailles","2018","2018","1000 t","303","I","Valeur imputée par une agence réceptrice",""
"FBS","Bilans Alimentaires (2010-)","HKG","Chine - RAS de Hong-Kong","5123","Pertes","S2734","Viande de Volailles","2018","2018","1000 t","0","I","Valeur imputée par une agence réceptrice",""
"FBS","Bilans Alimentaires (2010-)","HKG","Chine - RAS de Hong-Kong","5154","Autres utilisations (non alimentaire)","S2734","Viande de Volailles","2018","2018","1000 t","0","I","Valeur imputée par une agence réceptrice",""
"FBS","Bilans Alimentaires (2010-)","HKG","Chine - RAS de Hong-Kong","5171","Alimentation pour touristes","S2734","Viande de Volailles","2018","2018","1000 t","32","I","Valeur imputée par une agence réceptrice",""
"FBS","Bilans Alimentaires (2010-)","HKG","Chine - RAS de Hong-Kong","5170","Résidus","S2734","Viande de Volailles","2018","2018","1000 t","-30","I","Valeur imputée par une agence réceptrice",""
"FBS","Bilans Alimentaires (2010-)","HKG","Chine - RAS de Hong-Kong","5142","Nourriture","S2734","Viande de Volailles","2018","2018","1000 t","301","I","Valeur imputée par une agence réceptrice",""
"FBS","Bilans Alimentaires (2010-)","HKG","Chine - RAS de Hong-Kong","645","Disponibilité alimentaire en quantité (kg/personne/an)","S2734","Viande de Volailles","2018","2018","kg/personne","40.32","E","Valeur estimée",""
"FBS","Bilans Alimentaires (2010-)","HKG","Chine - RAS de Hong-Kong","664","Disponibilité alimentaire (Kcal/personne/jour)","S2734","Viande de Volailles","2018","2018","kcal/personne/jour","167.86","E","Valeur estimée",""
"FBS","Bilans Alimentaires (2010-)","HKG","Chine - RAS de Hong-Kong","661","Disponibilité alimentaire (Kcal)","S2734","Viande de Volailles","2018","2018","millions de kcal","457750.46","I","Valeur imputée par une agence réceptrice",""
"FBS","Bilans Alimentaires (2010-)","HKG","Chine - RAS de Hong-Kong","674","Disponibilité de protéines en quantité (g/personne/jour)","S2734","Viande de Volailles","2018","2018","g/personne/jour","18.97","E","Valeur estimée",""
"FBS","Bilans Alimentaires (2010-)","HKG","Chine - RAS de Hong-Kong","671","Disponibilité de protéines en quantité (t)","S2734","Viande de Volailles","2018","2018","tonnes","51733.85","I","Valeur imputée par une agence réceptrice",""
"FBS","Bilans Alimentaires (2010-)","HKG","Chine - RAS de Hong-Kong","684","Disponibilité de matière grasse en quantité (g/personne/jour)","S2734","Viande de Volailles","2018","2018","g/personne/jour","9.86","E","Valeur estimée",""
"FBS","Bilans Alimentaires (2010-)","HKG","Chine - RAS de Hong-Kong","681","Disponibilité de matière grasse en quantité (t)","S2734","Viande de Volailles","2018","2018","tonnes","26892.3","I","Valeur imputée par une agence réceptrice",""
"FBS","Bilans Alimentaires (2010-)","MAC","Chine - RAS de Macao","5511","Production","S2734","Viande de Volailles","2018","2018","1000 t","4","I","Valeur imputée par une agence réceptrice",""
"FBS","Bilans Alimentaires (2010-)","MAC","Chine - RAS de Macao","5611","Importations - quantité","S2734","Viande de Volailles","2018","2018","1000 t","26","I","Valeur imputée par une agence réceptrice",""
"FBS","Bilans Alimentaires (2010-)","MAC","Chine - RAS de Macao","5072","Variation de stock","S2734","Viande de Volailles","2018","2018","1000 t","8","I","Valeur imputée par une agence réceptrice",""
"FBS","Bilans Alimentaires (2010-)","MAC","Chine - RAS de Macao","5911","Exportations - quantité","S2734","Viande de Volailles","2018","2018","1000 t","0","I","Valeur imputée par une agence réceptrice",""
"FBS","Bilans Alimentaires (2010-)","MAC","Chine - RAS de Macao","5301","Disponibilité intérieure","S2734","Viande de Volailles","2018","2018","1000 t","22","I","Valeur imputée par une agence réceptrice",""
"FBS","Bilans Alimentaires (2010-)","MAC","Chine - RAS de Macao","5123","Pertes","S2734","Viande de Volailles","2018","2018","1000 t","0","I","Valeur imputée par une agence réceptrice",""
"FBS","Bilans Alimentaires (2010-)","MAC","Chine - RAS de Macao","5170","Résidus","S2734","Viande de Volailles","2018","2018","1000 t","0","I","Valeur imputée par une agence réceptrice",""
"FBS","Bilans Alimentaires (2010-)","MAC","Chine - RAS de Macao","5142","Nourriture","S2734","Viande de Volailles","2018","2018","1000 t","22","I","Valeur imputée par une agence réceptrice",""
"FBS","Bilans Alimentaires (2010-)","MAC","Chine - RAS de Macao","645","Disponibilité alimentaire en quantité (kg/personne/an)","S2734","Viande de Volailles","2018","2018","kg/personne","32.96","E","Valeur estimée",""
"FBS","Bilans Alimentaires (2010-)","MAC","Chine - RAS de Macao","664","Disponibilité alimentaire (Kcal/personne/jour)","S2734","Viande de Volailles","2018","2018","kcal/personne/jour","133.35","E","Valeur estimée",""
"FBS","Bilans Alimentaires (2010-)","MAC","Chine - RAS de Macao","661","Disponibilité alimentaire (Kcal)","S2734","Viande de Volailles","2018","2018","millions de kcal","32065.21","I","Valeur imputée par une agence réceptrice",""
"FBS","Bilans Alimentaires (2010-)","MAC","Chine - RAS de Macao","674","Disponibilité de protéines en quantité (g/personne/jour)","S2734","Viande de Volailles","2018","2018","g/personne/jour","14.86","E","Valeur estimée",""
"FBS","Bilans Alimentaires (2010-)","MAC","Chine - RAS de Macao","671","Disponibilité de protéines en quantité (t)","S2734","Viande de Volailles","2018","2018","tonnes","3572.3","I","Valeur imputée par une agence réceptrice",""
"FBS","Bilans Alimentaires (2010-)","MAC","Chine - RAS de Macao","684","Disponibilité de matière grasse en quantité (g/personne/jour)","S2734","Viande de Volailles","2018","2018","g/personne/jour","8.14","E","Valeur estimée",""
"FBS","Bilans Alimentaires (2010-)","MAC","Chine - RAS de Macao","681","Disponibilité de matière grasse en quantité (t)","S2734","Viande de Volailles","2018","2018","tonnes","1958.07","I","Valeur imputée par une agence réceptrice",""
"FBS","Bilans Alimentaires (2010-)","CHN","Chine, continentale","5511","Production","S2734","Viande de Volailles","2018","2018","1000 t","20045","I","Valeur imputée par une agence réceptrice",""
"FBS","Bilans Alimentaires (2010-)","CHN","Chine, continentale","5611","Importations - quantité","S2734","Viande de Volailles","2018","2018","1000 t","504","I","Valeur imputée par une agence réceptrice",""
"FBS","Bilans Alimentaires (2010-)","CHN","Chine, continentale","5072","Variation de stock","S2734","Viande de Volailles","2018","2018","1000 t","451","I","Valeur imputée par une agence réceptrice",""
"FBS","Bilans Alimentaires (2010-)","CHN","Chine, continentale","5911","Exportations - quantité","S2734","Viande de Volailles","2018","2018","1000 t","594","I","Valeur imputée par une agence réceptrice",""
"FBS","Bilans Alimentaires (2010-)","CHN","Chine, continentale","5301","Disponibilité intérieure","S2734","Viande de Volailles","2018","2018","1000 t","19504","I","Valeur imputée par une agence réceptrice",""
"FBS","Bilans Alimentaires (2010-)","CHN","Chine, continentale","5170","Résidus","S2734","Viande de Volailles","2018","2018","1000 t","-373","I","Valeur imputée par une agence réceptrice",""
"FBS","Bilans Alimentaires (2010-)","CHN","Chine, continentale","5142","Nourriture","S2734","Viande de Volailles","2018","2018","1000 t","19877","I","Valeur imputée par une agence réceptrice",""
"FBS","Bilans Alimentaires (2010-)","CHN","Chine, continentale","645","Disponibilité alimentaire en quantité (kg/personne/an)","S2734","Viande de Volailles","2018","2018","kg/personne","14.01","E","Valeur estimée",""
"FBS","Bilans Alimentaires (2010-)","CHN","Chine, continentale","664","Disponibilité alimentaire (Kcal/personne/jour)","S2734","Viande de Volailles","2018","2018","kcal/personne/jour","61.86","E","Valeur estimée",""
"FBS","Bilans Alimentaires (2010-)","CHN","Chine, continentale","661","Disponibilité alimentaire (Kcal)","S2734","Viande de Volailles","2018","2018","millions de kcal","32038378.03","I","Valeur imputée par une agence réceptrice",""
"FBS","Bilans Alimentaires (2010-)","CHN","Chine, continentale","674","Disponibilité de protéines en quantité (g/personne/jour)","S2734","Viande de Volailles","2018","2018","g/personne/jour","6.24","E","Valeur estimée",""
"FBS","Bilans Alimentaires (2010-)","CHN","Chine, continentale","671","Disponibilité de protéines en quantité (t)","S2734","Viande de Volailles","2018","2018","tonnes","3230505.31","I","Valeur imputée par une agence réceptrice",""
"FBS","Bilans Alimentaires (2010-)","CHN","Chine, continentale","684","Disponibilité de matière grasse en quantité (g/personne/jour)","S2734","Viande de Volailles","2018","2018","g/personne/jour","4.1","E","Valeur estimée",""
"FBS","Bilans Alimentaires (2010-)","CHN","Chine, continentale","681","Disponibilité de matière grasse en quantité (t)","S2734","Viande de Volailles","2018","2018","tonnes","2121993.56","I","Valeur imputée par une agence réceptrice",""
"FBS","Bilans Alimentaires (2010-)","TWN","Chine, Taiwan Province de","5511","Production","S2734","Viande de Volailles","2018","2018","1000 t","654","I","Valeur imputée par une agence réceptrice",""
"FBS","Bilans Alimentaires (2010-)","TWN","Chine, Taiwan Province de","5611","Importations - quantité","S2734","Viande de Volailles","2018","2018","1000 t","217","I","Valeur imputée par une agence réceptrice",""
"FBS","Bilans Alimentaires (2010-)","TWN","Chine, Taiwan Province de","5072","Variation de stock","S2734","Viande de Volailles","2018","2018","1000 t","17","I","Valeur imputée par une agence réceptrice",""
"FBS","Bilans Alimentaires (2010-)","TWN","Chine, Taiwan Province de","5911","Exportations - quantité","S2734","Viande de Volailles","2018","2018","1000 t","8","I","Valeur imputée par une agence réceptrice",""
"FBS","Bilans Alimentaires (2010-)","TWN","Chine, Taiwan Province de","5301","Disponibilité intérieure","S2734","Viande de Volailles","2018","2018","1000 t","846","I","Valeur imputée par une agence réceptrice",""
"FBS","Bilans Alimentaires (2010-)","TWN","Chine, Taiwan Province de","5123","Pertes","S2734","Viande de Volailles","2018","2018","1000 t","0","I","Valeur imputée par une agence réceptrice",""
"FBS","Bilans Alimentaires (2010-)","TWN","Chine, Taiwan Province de","5154","Autres utilisations (non alimentaire)","S2734","Viande de Volailles","2018","2018","1000 t","0","I","Valeur imputée par une agence réceptrice",""
"FBS","Bilans Alimentaires (2010-)","TWN","Chine, Taiwan Province de","5170","Résidus","S2734","Viande de Volailles","2018","2018","1000 t","0","I","Valeur imputée par une agence réceptrice",""
"FBS","Bilans Alimentaires (2010-)","TWN","Chine, Taiwan Province de","5142","Nourriture","S2734","Viande de Volailles","2018","2018","1000 t","846","I","Valeur imputée par une agence réceptrice",""
"FBS","Bilans Alimentaires (2010-)","TWN","Chine, Taiwan Province de","645","Disponibilité alimentaire en quantité (kg/personne/an)","S2734","Viande de Volailles","2018","2018","kg/personne","35.77","E","Valeur estimée",""
"FBS","Bilans Alimentaires (2010-)","TWN","Chine, Taiwan Province de","664","Disponibilité alimentaire (Kcal/personne/jour)","S2734","Viande de Volailles","2018","2018","kcal/personne/jour","140.24","E","Valeur estimée",""
"FBS","Bilans Alimentaires (2010-)","TWN","Chine, Taiwan Province de","661","Disponibilité alimentaire (Kcal)","S2734","Viande de Volailles","2018","2018","millions de kcal","1211080.91","I","Valeur imputée par une agence réceptrice",""
"FBS","Bilans Alimentaires (2010-)","TWN","Chine, Taiwan Province de","674","Disponibilité de protéines en quantité (g/personne/jour)","S2734","Viande de Volailles","2018","2018","g/personne/jour","16.07","E","Valeur estimée",""
"FBS","Bilans Alimentaires (2010-)","TWN","Chine, Taiwan Province de","671","Disponibilité de protéines en quantité (t)","S2734","Viande de Volailles","2018","2018","tonnes","138760.05","I","Valeur imputée par une agence réceptrice",""
"FBS","Bilans Alimentaires (2010-)","TWN","Chine, Taiwan Province de","684","Disponibilité de matière grasse en quantité (g/personne/jour)","S2734","Viande de Volailles","2018","2018","g/personne/jour","8.42","E","Valeur estimée",""
"FBS","Bilans Alimentaires (2010-)","TWN","Chine, Taiwan Province de","681","Disponibilité de matière grasse en quantité (t)","S2734","Viande de Volailles","2018","2018","tonnes","72678.28","I","Valeur imputée par une agence réceptrice",""
"FBS","Bilans Alimentaires (2010-)","CYP","Chypre","5511","Production","S2734","Viande de Volailles","2018","2018","1000 t","26","I","Valeur imputée par une agence réceptrice",""
"FBS","Bilans Alimentaires (2010-)","CYP","Chypre","5611","Importations - quantité","S2734","Viande de Volailles","2018","2018","1000 t","15","I","Valeur imputée par une agence réceptrice",""
"FBS","Bilans Alimentaires (2010-)","CYP","Chypre","5072","Variation de stock","S2734","Viande de Volailles","2018","2018","1000 t","5","I","Valeur imputée par une agence réceptrice",""
"FBS","Bilans Alimentaires (2010-)","CYP","Chypre","5911","Exportations - quantité","S2734","Viande de Volailles","2018","2018","1000 t","1","I","Valeur imputée par une agence réceptrice",""
"FBS","Bilans Alimentaires (2010-)","CYP","Chypre","5301","Disponibilité intérieure","S2734","Viande de Volailles","2018","2018","1000 t","34","I","Valeur imputée par une agence réceptrice",""
"FBS","Bilans Alimentaires (2010-)","CYP","Chypre","5123","Pertes","S2734","Viande de Volailles","2018","2018","1000 t","2","I","Valeur imputée par une agence réceptrice",""
"FBS","Bilans Alimentaires (2010-)","CYP","Chypre","5154","Autres utilisations (non alimentaire)","S2734","Viande de Volailles","2018","2018","1000 t","0","I","Valeur imputée par une agence réceptrice",""
"FBS","Bilans Alimentaires (2010-)","CYP","Chypre","5171","Alimentation pour touristes","S2734","Viande de Volailles","2018","2018","1000 t","2","I","Valeur imputée par une agence réceptrice",""
"FBS","Bilans Alimentaires (2010-)","CYP","Chypre","5170","Résidus","S2734","Viande de Volailles","2018","2018","1000 t","0","I","Valeur imputée par une agence réceptrice",""
"FBS","Bilans Alimentaires (2010-)","CYP","Chypre","5142","Nourriture","S2734","Viande de Volailles","2018","2018","1000 t","30","I","Valeur imputée par une agence réceptrice",""
"FBS","Bilans Alimentaires (2010-)","CYP","Chypre","645","Disponibilité alimentaire en quantité (kg/personne/an)","S2734","Viande de Volailles","2018","2018","kg/personne","23.77","E","Valeur estimée",""
"FBS","Bilans Alimentaires (2010-)","CYP","Chypre","664","Disponibilité alimentaire (Kcal/personne/jour)","S2734","Viande de Volailles","2018","2018","kcal/personne/jour","91.67","E","Valeur estimée",""
"FBS","Bilans Alimentaires (2010-)","CYP","Chypre","661","Disponibilité alimentaire (Kcal)","S2734","Viande de Volailles","2018","2018","millions de kcal","42519.67","I","Valeur imputée par une agence réceptrice",""
"FBS","Bilans Alimentaires (2010-)","CYP","Chypre","674","Disponibilité de protéines en quantité (g/personne/jour)","S2734","Viande de Volailles","2018","2018","g/personne/jour","10.93","E","Valeur estimée",""
"FBS","Bilans Alimentaires (2010-)","CYP","Chypre","671","Disponibilité de protéines en quantité (t)","S2734","Viande de Volailles","2018","2018","tonnes","5071.86","I","Valeur imputée par une agence réceptrice",""
"FBS","Bilans Alimentaires (2010-)","CYP","Chypre","684","Disponibilité de matière grasse en quantité (g/personne/jour)","S2734","Viande de Volailles","2018","2018","g/personne/jour","5.25","E","Valeur estimée",""
"FBS","Bilans Alimentaires (2010-)","CYP","Chypre","681","Disponibilité de matière grasse en quantité (t)","S2734","Viande de Volailles","2018","2018","tonnes","2432.8","I","Valeur imputée par une agence réceptrice",""
"FBS","Bilans Alimentaires (2010-)","COL","Colombie","5511","Production","S2734","Viande de Volailles","2018","2018","1000 t","1630","I","Valeur imputée par une agence réceptrice",""
"FBS","Bilans Alimentaires (2010-)","COL","Colombie","5611","Importations - quantité","S2734","Viande de Volailles","2018","2018","1000 t","90","I","Valeur imputée par une agence réceptrice",""
"FBS","Bilans Alimentaires (2010-)","COL","Colombie","5072","Variation de stock","S2734","Viande de Volailles","2018","2018","1000 t","0","I","Valeur imputée par une agence réceptrice",""
"FBS","Bilans Alimentaires (2010-)","COL","Colombie","5911","Exportations - quantité","S2734","Viande de Volailles","2018","2018","1000 t","2","I","Valeur imputée par une agence réceptrice",""
"FBS","Bilans Alimentaires (2010-)","COL","Colombie","5301","Disponibilité intérieure","S2734","Viande de Volailles","2018","2018","1000 t","1718","I","Valeur imputée par une agence réceptrice",""
"FBS","Bilans Alimentaires (2010-)","COL","Colombie","5170","Résidus","S2734","Viande de Volailles","2018","2018","1000 t","0","I","Valeur imputée par une agence réceptrice",""
"FBS","Bilans Alimentaires (2010-)","COL","Colombie","5142","Nourriture","S2734","Viande de Volailles","2018","2018","1000 t","1718","I","Valeur imputée par une agence réceptrice",""
"FBS","Bilans Alimentaires (2010-)","COL","Colombie","645","Disponibilité alimentaire en quantité (kg/personne/an)","S2734","Viande de Volailles","2018","2018","kg/personne","35.04","E","Valeur estimée",""
"FBS","Bilans Alimentaires (2010-)","COL","Colombie","664","Disponibilité alimentaire (Kcal/personne/jour)","S2734","Viande de Volailles","2018","2018","kcal/personne/jour","132.48","E","Valeur estimée",""
"FBS","Bilans Alimentaires (2010-)","COL","Colombie","661","Disponibilité alimentaire (Kcal)","S2734","Viande de Volailles","2018","2018","millions de kcal","2370544.38","I","Valeur imputée par une agence réceptrice",""
"FBS","Bilans Alimentaires (2010-)","COL","Colombie","674","Disponibilité de protéines en quantité (g/personne/jour)","S2734","Viande de Volailles","2018","2018","g/personne/jour","15.83","E","Valeur estimée",""
"FBS","Bilans Alimentaires (2010-)","COL","Colombie","671","Disponibilité de protéines en quantité (t)","S2734","Viande de Volailles","2018","2018","tonnes","283171.51","I","Valeur imputée par une agence réceptrice",""
"FBS","Bilans Alimentaires (2010-)","COL","Colombie","684","Disponibilité de matière grasse en quantité (g/personne/jour)","S2734","Viande de Volailles","2018","2018","g/personne/jour","7.67","E","Valeur estimée",""
"FBS","Bilans Alimentaires (2010-)","COL","Colombie","681","Disponibilité de matière grasse en quantité (t)","S2734","Viande de Volailles","2018","2018","tonnes","137178.28","I","Valeur imputée par une agence réceptrice",""
"FBS","Bilans Alimentaires (2010-)","COM","Comores","5511","Production","S2734","Viande de Volailles","2018","2018","1000 t","1","I","Valeur imputée par une agence réceptrice",""
"FBS","Bilans Alimentaires (2010-)","COM","Comores","5611","Importations - quantité","S2734","Viande de Volailles","2018","2018","1000 t","15","I","Valeur imputée par une agence réceptrice",""
"FBS","Bilans Alimentaires (2010-)","COM","Comores","5072","Variation de stock","S2734","Viande de Volailles","2018","2018","1000 t","3","I","Valeur imputée par une agence réceptrice",""
"FBS","Bilans Alimentaires (2010-)","COM","Comores","5301","Disponibilité intérieure","S2734","Viande de Volailles","2018","2018","1000 t","12","I","Valeur imputée par une agence réceptrice",""
"FBS","Bilans Alimentaires (2010-)","COM","Comores","5171","Alimentation pour touristes","S2734","Viande de Volailles","2018","2018","1000 t","0","I","Valeur imputée par une agence réceptrice",""
"FBS","Bilans Alimentaires (2010-)","COM","Comores","5170","Résidus","S2734","Viande de Volailles","2018","2018","1000 t","0","I","Valeur imputée par une agence réceptrice",""
"FBS","Bilans Alimentaires (2010-)","COM","Comores","5142","Nourriture","S2734","Viande de Volailles","2018","2018","1000 t","12","I","Valeur imputée par une agence réceptrice",""
"FBS","Bilans Alimentaires (2010-)","COM","Comores","645","Disponibilité alimentaire en quantité (kg/personne/an)","S2734","Viande de Volailles","2018","2018","kg/personne","15.58","E","Valeur estimée",""
"FBS","Bilans Alimentaires (2010-)","COM","Comores","664","Disponibilité alimentaire (Kcal/personne/jour)","S2734","Viande de Volailles","2018","2018","kcal/personne/jour","58.78","E","Valeur estimée",""
"FBS","Bilans Alimentaires (2010-)","COM","Comores","661","Disponibilité alimentaire (Kcal)","S2734","Viande de Volailles","2018","2018","millions de kcal","16555.61","I","Valeur imputée par une agence réceptrice",""
"FBS","Bilans Alimentaires (2010-)","COM","Comores","674","Disponibilité de protéines en quantité (g/personne/jour)","S2734","Viande de Volailles","2018","2018","g/personne/jour","7.04","E","Valeur estimée",""
"FBS","Bilans Alimentaires (2010-)","COM","Comores","671","Disponibilité de protéines en quantité (t)","S2734","Viande de Volailles","2018","2018","tonnes","1982.11","I","Valeur imputée par une agence réceptrice",""
"FBS","Bilans Alimentaires (2010-)","COM","Comores","684","Disponibilité de matière grasse en quantité (g/personne/jour)","S2734","Viande de Volailles","2018","2018","g/personne/jour","3.4","E","Valeur estimée",""
"FBS","Bilans Alimentaires (2010-)","COM","Comores","681","Disponibilité de matière grasse en quantité (t)","S2734","Viande de Volailles","2018","2018","tonnes","957.19","I","Valeur imputée par une agence réceptrice",""
"FBS","Bilans Alimentaires (2010-)","COG","Congo","5511","Production","S2734","Viande de Volailles","2018","2018","1000 t","7","I","Valeur imputée par une agence réceptrice",""
"FBS","Bilans Alimentaires (2010-)","COG","Congo","5611","Importations - quantité","S2734","Viande de Volailles","2018","2018","1000 t","113","I","Valeur imputée par une agence réceptrice",""
"FBS","Bilans Alimentaires (2010-)","COG","Congo","5072","Variation de stock","S2734","Viande de Volailles","2018","2018","1000 t","1","I","Valeur imputée par une agence réceptrice",""
"FBS","Bilans Alimentaires (2010-)","COG","Congo","5911","Exportations - quantité","S2734","Viande de Volailles","2018","2018","1000 t","0","I","Valeur imputée par une agence réceptrice",""
"FBS","Bilans Alimentaires (2010-)","COG","Congo","5301","Disponibilité intérieure","S2734","Viande de Volailles","2018","2018","1000 t","118","I","Valeur imputée par une agence réceptrice",""
"FBS","Bilans Alimentaires (2010-)","COG","Congo","5123","Pertes","S2734","Viande de Volailles","2018","2018","1000 t","0","I","Valeur imputée par une agence réceptrice",""
"FBS","Bilans Alimentaires (2010-)","COG","Congo","5170","Résidus","S2734","Viande de Volailles","2018","2018","1000 t","0","I","Valeur imputée par une agence réceptrice",""
"FBS","Bilans Alimentaires (2010-)","COG","Congo","5142","Nourriture","S2734","Viande de Volailles","2018","2018","1000 t","118","I","Valeur imputée par une agence réceptrice",""
"FBS","Bilans Alimentaires (2010-)","COG","Congo","645","Disponibilité alimentaire en quantité (kg/personne/an)","S2734","Viande de Volailles","2018","2018","kg/personne","21.53","E","Valeur estimée",""
"FBS","Bilans Alimentaires (2010-)","COG","Congo","664","Disponibilité alimentaire (Kcal/personne/jour)","S2734","Viande de Volailles","2018","2018","kcal/personne/jour","80.65","E","Valeur estimée",""
"FBS","Bilans Alimentaires (2010-)","COG","Congo","661","Disponibilité alimentaire (Kcal)","S2734","Viande de Volailles","2018","2018","millions de kcal","161410.85","I","Valeur imputée par une agence réceptrice",""
"FBS","Bilans Alimentaires (2010-)","COG","Congo","674","Disponibilité de protéines en quantité (g/personne/jour)","S2734","Viande de Volailles","2018","2018","g/personne/jour","9.77","E","Valeur estimée",""
"FBS","Bilans Alimentaires (2010-)","COG","Congo","671","Disponibilité de protéines en quantité (t)","S2734","Viande de Volailles","2018","2018","tonnes","19561.98","I","Valeur imputée par une agence réceptrice",""
"FBS","Bilans Alimentaires (2010-)","COG","Congo","684","Disponibilité de matière grasse en quantité (g/personne/jour)","S2734","Viande de Volailles","2018","2018","g/personne/jour","4.61","E","Valeur estimée",""
"FBS","Bilans Alimentaires (2010-)","COG","Congo","681","Disponibilité de matière grasse en quantité (t)","S2734","Viande de Volailles","2018","2018","tonnes","9226.37","I","Valeur imputée par une agence réceptrice",""
"FBS","Bilans Alimentaires (2010-)","CRI","Costa Rica","5511","Production","S2734","Viande de Volailles","2018","2018","1000 t","136","I","Valeur imputée par une agence réceptrice",""
"FBS","Bilans Alimentaires (2010-)","CRI","Costa Rica","5611","Importations - quantité","S2734","Viande de Volailles","2018","2018","1000 t","15","I","Valeur imputée par une agence réceptrice",""
"FBS","Bilans Alimentaires (2010-)","CRI","Costa Rica","5072","Variation de stock","S2734","Viande de Volailles","2018","2018","1000 t","10","I","Valeur imputée par une agence réceptrice",""
"FBS","Bilans Alimentaires (2010-)","CRI","Costa Rica","5911","Exportations - quantité","S2734","Viande de Volailles","2018","2018","1000 t","3","I","Valeur imputée par une agence réceptrice",""
"FBS","Bilans Alimentaires (2010-)","CRI","Costa Rica","5301","Disponibilité intérieure","S2734","Viande de Volailles","2018","2018","1000 t","138","I","Valeur imputée par une agence réceptrice",""
"FBS","Bilans Alimentaires (2010-)","CRI","Costa Rica","5123","Pertes","S2734","Viande de Volailles","2018","2018","1000 t","0","I","Valeur imputée par une agence réceptrice",""
"FBS","Bilans Alimentaires (2010-)","CRI","Costa Rica","5131","Traitement","S2734","Viande de Volailles","2018","2018","1000 t","0","I","Valeur imputée par une agence réceptrice",""
"FBS","Bilans Alimentaires (2010-)","CRI","Costa Rica","5171","Alimentation pour touristes","S2734","Viande de Volailles","2018","2018","1000 t","3","I","Valeur imputée par une agence réceptrice",""
"FBS","Bilans Alimentaires (2010-)","CRI","Costa Rica","5170","Résidus","S2734","Viande de Volailles","2018","2018","1000 t","0","I","Valeur imputée par une agence réceptrice",""
"FBS","Bilans Alimentaires (2010-)","CRI","Costa Rica","5142","Nourriture","S2734","Viande de Volailles","2018","2018","1000 t","135","I","Valeur imputée par une agence réceptrice",""
"FBS","Bilans Alimentaires (2010-)","CRI","Costa Rica","645","Disponibilité alimentaire en quantité (kg/personne/an)","S2734","Viande de Volailles","2018","2018","kg/personne","27.18","E","Valeur estimée",""
"FBS","Bilans Alimentaires (2010-)","CRI","Costa Rica","664","Disponibilité alimentaire (Kcal/personne/jour)","S2734","Viande de Volailles","2018","2018","kcal/personne/jour","102.43","E","Valeur estimée",""
"FBS","Bilans Alimentaires (2010-)","CRI","Costa Rica","661","Disponibilité alimentaire (Kcal)","S2734","Viande de Volailles","2018","2018","millions de kcal","185351.36","I","Valeur imputée par une agence réceptrice",""
"FBS","Bilans Alimentaires (2010-)","CRI","Costa Rica","674","Disponibilité de protéines en quantité (g/personne/jour)","S2734","Viande de Volailles","2018","2018","g/personne/jour","12.28","E","Valeur estimée",""
"FBS","Bilans Alimentaires (2010-)","CRI","Costa Rica","671","Disponibilité de protéines en quantité (t)","S2734","Viande de Volailles","2018","2018","tonnes","22230.72","I","Valeur imputée par une agence réceptrice",""
"FBS","Bilans Alimentaires (2010-)","CRI","Costa Rica","684","Disponibilité de matière grasse en quantité (g/personne/jour)","S2734","Viande de Volailles","2018","2018","g/personne/jour","5.91","E","Valeur estimée",""
"FBS","Bilans Alimentaires (2010-)","CRI","Costa Rica","681","Disponibilité de matière grasse en quantité (t)","S2734","Viande de Volailles","2018","2018","tonnes","10696.43","I","Valeur imputée par une agence réceptrice",""
"FBS","Bilans Alimentaires (2010-)","CIV","Côte d'Ivoire","5511","Production","S2734","Viande de Volailles","2018","2018","1000 t","51","I","Valeur imputée par une agence réceptrice",""
"FBS","Bilans Alimentaires (2010-)","CIV","Côte d'Ivoire","5611","Importations - quantité","S2734","Viande de Volailles","2018","2018","1000 t","1","I","Valeur imputée par une agence réceptrice",""
"FBS","Bilans Alimentaires (2010-)","CIV","Côte d'Ivoire","5072","Variation de stock","S2734","Viande de Volailles","2018","2018","1000 t","0","I","Valeur imputée par une agence réceptrice",""
"FBS","Bilans Alimentaires (2010-)","CIV","Côte d'Ivoire","5911","Exportations - quantité","S2734","Viande de Volailles","2018","2018","1000 t","0","I","Valeur imputée par une agence réceptrice",""
"FBS","Bilans Alimentaires (2010-)","CIV","Côte d'Ivoire","5301","Disponibilité intérieure","S2734","Viande de Volailles","2018","2018","1000 t","52","I","Valeur imputée par une agence réceptrice",""
"FBS","Bilans Alimentaires (2010-)","CIV","Côte d'Ivoire","5170","Résidus","S2734","Viande de Volailles","2018","2018","1000 t","0","I","Valeur imputée par une agence réceptrice",""
"FBS","Bilans Alimentaires (2010-)","CIV","Côte d'Ivoire","5142","Nourriture","S2734","Viande de Volailles","2018","2018","1000 t","52","I","Valeur imputée par une agence réceptrice",""
"FBS","Bilans Alimentaires (2010-)","CIV","Côte d'Ivoire","645","Disponibilité alimentaire en quantité (kg/personne/an)","S2734","Viande de Volailles","2018","2018","kg/personne","1.89","E","Valeur estimée",""
"FBS","Bilans Alimentaires (2010-)","CIV","Côte d'Ivoire","664","Disponibilité alimentaire (Kcal/personne/jour)","S2734","Viande de Volailles","2018","2018","kcal/personne/jour","7.15","E","Valeur estimée",""
"FBS","Bilans Alimentaires (2010-)","CIV","Côte d'Ivoire","661","Disponibilité alimentaire (Kcal)","S2734","Viande de Volailles","2018","2018","millions de kcal","71723.65","I","Valeur imputée par une agence réceptrice",""
"FBS","Bilans Alimentaires (2010-)","CIV","Côte d'Ivoire","674","Disponibilité de protéines en quantité (g/personne/jour)","S2734","Viande de Volailles","2018","2018","g/personne/jour","0.86","E","Valeur estimée",""
"FBS","Bilans Alimentaires (2010-)","CIV","Côte d'Ivoire","671","Disponibilité de protéines en quantité (t)","S2734","Viande de Volailles","2018","2018","tonnes","8573.62","I","Valeur imputée par une agence réceptrice",""
"FBS","Bilans Alimentaires (2010-)","CIV","Côte d'Ivoire","684","Disponibilité de matière grasse en quantité (g/personne/jour)","S2734","Viande de Volailles","2018","2018","g/personne/jour","0.41","E","Valeur estimée",""
"FBS","Bilans Alimentaires (2010-)","CIV","Côte d'Ivoire","681","Disponibilité de matière grasse en quantité (t)","S2734","Viande de Volailles","2018","2018","tonnes","4151.51","I","Valeur imputée par une agence réceptrice",""
"FBS","Bilans Alimentaires (2010-)","HRV","Croatie","5511","Production","S2734","Viande de Volailles","2018","2018","1000 t","64","I","Valeur imputée par une agence réceptrice",""
"FBS","Bilans Alimentaires (2010-)","HRV","Croatie","5611","Importations - quantité","S2734","Viande de Volailles","2018","2018","1000 t","26","I","Valeur imputée par une agence réceptrice",""
"FBS","Bilans Alimentaires (2010-)","HRV","Croatie","5072","Variation de stock","S2734","Viande de Volailles","2018","2018","1000 t","0","I","Valeur imputée par une agence réceptrice",""
"FBS","Bilans Alimentaires (2010-)","HRV","Croatie","5911","Exportations - quantité","S2734","Viande de Volailles","2018","2018","1000 t","18","I","Valeur imputée par une agence réceptrice",""
"FBS","Bilans Alimentaires (2010-)","HRV","Croatie","5301","Disponibilité intérieure","S2734","Viande de Volailles","2018","2018","1000 t","73","I","Valeur imputée par une agence réceptrice",""
"FBS","Bilans Alimentaires (2010-)","HRV","Croatie","5131","Traitement","S2734","Viande de Volailles","2018","2018","1000 t","0","I","Valeur imputée par une agence réceptrice",""
"FBS","Bilans Alimentaires (2010-)","HRV","Croatie","5170","Résidus","S2734","Viande de Volailles","2018","2018","1000 t","0","I","Valeur imputée par une agence réceptrice",""
"FBS","Bilans Alimentaires (2010-)","HRV","Croatie","5142","Nourriture","S2734","Viande de Volailles","2018","2018","1000 t","73","I","Valeur imputée par une agence réceptrice",""
"FBS","Bilans Alimentaires (2010-)","HRV","Croatie","645","Disponibilité alimentaire en quantité (kg/personne/an)","S2734","Viande de Volailles","2018","2018","kg/personne","18.06","E","Valeur estimée",""
"FBS","Bilans Alimentaires (2010-)","HRV","Croatie","664","Disponibilité alimentaire (Kcal/personne/jour)","S2734","Viande de Volailles","2018","2018","kcal/personne/jour","66.98","E","Valeur estimée",""
"FBS","Bilans Alimentaires (2010-)","HRV","Croatie","661","Disponibilité alimentaire (Kcal)","S2734","Viande de Volailles","2018","2018","millions de kcal","98399.17","I","Valeur imputée par une agence réceptrice",""
"FBS","Bilans Alimentaires (2010-)","HRV","Croatie","674","Disponibilité de protéines en quantité (g/personne/jour)","S2734","Viande de Volailles","2018","2018","g/personne/jour","8.33","E","Valeur estimée",""
"FBS","Bilans Alimentaires (2010-)","HRV","Croatie","671","Disponibilité de protéines en quantité (t)","S2734","Viande de Volailles","2018","2018","tonnes","12238.61","I","Valeur imputée par une agence réceptrice",""
"FBS","Bilans Alimentaires (2010-)","HRV","Croatie","684","Disponibilité de matière grasse en quantité (g/personne/jour)","S2734","Viande de Volailles","2018","2018","g/personne/jour","3.71","E","Valeur estimée",""
"FBS","Bilans Alimentaires (2010-)","HRV","Croatie","681","Disponibilité de matière grasse en quantité (t)","S2734","Viande de Volailles","2018","2018","tonnes","5457.15","I","Valeur imputée par une agence réceptrice",""
"FBS","Bilans Alimentaires (2010-)","CUB","Cuba","5511","Production","S2734","Viande de Volailles","2018","2018","1000 t","25","I","Valeur imputée par une agence réceptrice",""
"FBS","Bilans Alimentaires (2010-)","CUB","Cuba","5611","Importations - quantité","S2734","Viande de Volailles","2018","2018","1000 t","284","I","Valeur imputée par une agence réceptrice",""
"FBS","Bilans Alimentaires (2010-)","CUB","Cuba","5072","Variation de stock","S2734","Viande de Volailles","2018","2018","1000 t","0","I","Valeur imputée par une agence réceptrice",""
"FBS","Bilans Alimentaires (2010-)","CUB","Cuba","5911","Exportations - quantité","S2734","Viande de Volailles","2018","2018","1000 t","0","I","Valeur imputée par une agence réceptrice",""
"FBS","Bilans Alimentaires (2010-)","CUB","Cuba","5301","Disponibilité intérieure","S2734","Viande de Volailles","2018","2018","1000 t","309","I","Valeur imputée par une agence réceptrice",""
"FBS","Bilans Alimentaires (2010-)","CUB","Cuba","5171","Alimentation pour touristes","S2734","Viande de Volailles","2018","2018","1000 t","3","I","Valeur imputée par une agence réceptrice",""
"FBS","Bilans Alimentaires (2010-)","CUB","Cuba","5170","Résidus","S2734","Viande de Volailles","2018","2018","1000 t","0","I","Valeur imputée par une agence réceptrice",""
"FBS","Bilans Alimentaires (2010-)","CUB","Cuba","5142","Nourriture","S2734","Viande de Volailles","2018","2018","1000 t","306","I","Valeur imputée par une agence réceptrice",""
"FBS","Bilans Alimentaires (2010-)","CUB","Cuba","645","Disponibilité alimentaire en quantité (kg/personne/an)","S2734","Viande de Volailles","2018","2018","kg/personne","27.3","E","Valeur estimée",""
"FBS","Bilans Alimentaires (2010-)","CUB","Cuba","664","Disponibilité alimentaire (Kcal/personne/jour)","S2734","Viande de Volailles","2018","2018","kcal/personne/jour","103.2","E","Valeur estimée",""
"FBS","Bilans Alimentaires (2010-)","CUB","Cuba","661","Disponibilité alimentaire (Kcal)","S2734","Viande de Volailles","2018","2018","millions de kcal","422920.44","I","Valeur imputée par une agence réceptrice",""
"FBS","Bilans Alimentaires (2010-)","CUB","Cuba","674","Disponibilité de protéines en quantité (g/personne/jour)","S2734","Viande de Volailles","2018","2018","g/personne/jour","12.35","E","Valeur estimée",""
"FBS","Bilans Alimentaires (2010-)","CUB","Cuba","671","Disponibilité de protéines en quantité (t)","S2734","Viande de Volailles","2018","2018","tonnes","50594.49","I","Valeur imputée par une agence réceptrice",""
"FBS","Bilans Alimentaires (2010-)","CUB","Cuba","684","Disponibilité de matière grasse en quantité (g/personne/jour)","S2734","Viande de Volailles","2018","2018","g/personne/jour","5.97","E","Valeur estimée",""
"FBS","Bilans Alimentaires (2010-)","CUB","Cuba","681","Disponibilité de matière grasse en quantité (t)","S2734","Viande de Volailles","2018","2018","tonnes","24446.65","I","Valeur imputée par une agence réceptrice",""
"FBS","Bilans Alimentaires (2010-)","DNK","Danemark","5511","Production","S2734","Viande de Volailles","2018","2018","1000 t","156","I","Valeur imputée par une agence réceptrice",""
"FBS","Bilans Alimentaires (2010-)","DNK","Danemark","5611","Importations - quantité","S2734","Viande de Volailles","2018","2018","1000 t","141","I","Valeur imputée par une agence réceptrice",""
"FBS","Bilans Alimentaires (2010-)","DNK","Danemark","5072","Variation de stock","S2734","Viande de Volailles","2018","2018","1000 t","0","I","Valeur imputée par une agence réceptrice",""
"FBS","Bilans Alimentaires (2010-)","DNK","Danemark","5911","Exportations - quantité","S2734","Viande de Volailles","2018","2018","1000 t","142","I","Valeur imputée par une agence réceptrice",""
"FBS","Bilans Alimentaires (2010-)","DNK","Danemark","5301","Disponibilité intérieure","S2734","Viande de Volailles","2018","2018","1000 t","155","I","Valeur imputée par une agence réceptrice",""
"FBS","Bilans Alimentaires (2010-)","DNK","Danemark","5123","Pertes","S2734","Viande de Volailles","2018","2018","1000 t","0","I","Valeur imputée par une agence réceptrice",""
"FBS","Bilans Alimentaires (2010-)","DNK","Danemark","5131","Traitement","S2734","Viande de Volailles","2018","2018","1000 t","1","I","Valeur imputée par une agence réceptrice",""
"FBS","Bilans Alimentaires (2010-)","DNK","Danemark","5170","Résidus","S2734","Viande de Volailles","2018","2018","1000 t","0","I","Valeur imputée par une agence réceptrice",""
"FBS","Bilans Alimentaires (2010-)","DNK","Danemark","5142","Nourriture","S2734","Viande de Volailles","2018","2018","1000 t","155","I","Valeur imputée par une agence réceptrice",""
"FBS","Bilans Alimentaires (2010-)","DNK","Danemark","645","Disponibilité alimentaire en quantité (kg/personne/an)","S2734","Viande de Volailles","2018","2018","kg/personne","26.7","E","Valeur estimée",""
"FBS","Bilans Alimentaires (2010-)","DNK","Danemark","664","Disponibilité alimentaire (Kcal/personne/jour)","S2734","Viande de Volailles","2018","2018","kcal/personne/jour","107.62","E","Valeur estimée",""
"FBS","Bilans Alimentaires (2010-)","DNK","Danemark","661","Disponibilité alimentaire (Kcal)","S2734","Viande de Volailles","2018","2018","millions de kcal","227581.09","I","Valeur imputée par une agence réceptrice",""
"FBS","Bilans Alimentaires (2010-)","DNK","Danemark","674","Disponibilité de protéines en quantité (g/personne/jour)","S2734","Viande de Volailles","2018","2018","g/personne/jour","12.51","E","Valeur estimée",""
"FBS","Bilans Alimentaires (2010-)","DNK","Danemark","671","Disponibilité de protéines en quantité (t)","S2734","Viande de Volailles","2018","2018","tonnes","26460.83","I","Valeur imputée par une agence réceptrice",""
"FBS","Bilans Alimentaires (2010-)","DNK","Danemark","684","Disponibilité de matière grasse en quantité (g/personne/jour)","S2734","Viande de Volailles","2018","2018","g/personne/jour","6.16","E","Valeur estimée",""
"FBS","Bilans Alimentaires (2010-)","DNK","Danemark","681","Disponibilité de matière grasse en quantité (t)","S2734","Viande de Volailles","2018","2018","tonnes","13030.25","I","Valeur imputée par une agence réceptrice",""
"FBS","Bilans Alimentaires (2010-)","DJI","Djibouti","5611","Importations - quantité","S2734","Viande de Volailles","2018","2018","1000 t","3","I","Valeur imputée par une agence réceptrice",""
"FBS","Bilans Alimentaires (2010-)","DJI","Djibouti","5072","Variation de stock","S2734","Viande de Volailles","2018","2018","1000 t","0","I","Valeur imputée par une agence réceptrice",""
"FBS","Bilans Alimentaires (2010-)","DJI","Djibouti","5301","Disponibilité intérieure","S2734","Viande de Volailles","2018","2018","1000 t","3","I","Valeur imputée par une agence réceptrice",""
"FBS","Bilans Alimentaires (2010-)","DJI","Djibouti","5170","Résidus","S2734","Viande de Volailles","2018","2018","1000 t","0","I","Valeur imputée par une agence réceptrice",""
"FBS","Bilans Alimentaires (2010-)","DJI","Djibouti","5142","Nourriture","S2734","Viande de Volailles","2018","2018","1000 t","3","I","Valeur imputée par une agence réceptrice",""
"FBS","Bilans Alimentaires (2010-)","DJI","Djibouti","645","Disponibilité alimentaire en quantité (kg/personne/an)","S2734","Viande de Volailles","2018","2018","kg/personne","2.98","E","Valeur estimée",""
"FBS","Bilans Alimentaires (2010-)","DJI","Djibouti","664","Disponibilité alimentaire (Kcal/personne/jour)","S2734","Viande de Volailles","2018","2018","kcal/personne/jour","11.28","E","Valeur estimée",""
"FBS","Bilans Alimentaires (2010-)","DJI","Djibouti","661","Disponibilité alimentaire (Kcal)","S2734","Viande de Volailles","2018","2018","millions de kcal","4414.66","I","Valeur imputée par une agence réceptrice",""
"FBS","Bilans Alimentaires (2010-)","DJI","Djibouti","674","Disponibilité de protéines en quantité (g/personne/jour)","S2734","Viande de Volailles","2018","2018","g/personne/jour","1.35","E","Valeur estimée",""
"FBS","Bilans Alimentaires (2010-)","DJI","Djibouti","671","Disponibilité de protéines en quantité (t)","S2734","Viande de Volailles","2018","2018","tonnes","526.74","I","Valeur imputée par une agence réceptrice",""
"FBS","Bilans Alimentaires (2010-)","DJI","Djibouti","684","Disponibilité de matière grasse en quantité (g/personne/jour)","S2734","Viande de Volailles","2018","2018","g/personne/jour","0.65","E","Valeur estimée",""
"FBS","Bilans Alimentaires (2010-)","DJI","Djibouti","681","Disponibilité de matière grasse en quantité (t)","S2734","Viande de Volailles","2018","2018","tonnes","255.35","I","Valeur imputée par une agence réceptrice",""
"FBS","Bilans Alimentaires (2010-)","EGY","Égypte","5511","Production","S2734","Viande de Volailles","2018","2018","1000 t","1451","I","Valeur imputée par une agence réceptrice",""
"FBS","Bilans Alimentaires (2010-)","EGY","Égypte","5611","Importations - quantité","S2734","Viande de Volailles","2018","2018","1000 t","46","I","Valeur imputée par une agence réceptrice",""
"FBS","Bilans Alimentaires (2010-)","EGY","Égypte","5072","Variation de stock","S2734","Viande de Volailles","2018","2018","1000 t","-215","I","Valeur imputée par une agence réceptrice",""
"FBS","Bilans Alimentaires (2010-)","EGY","Égypte","5911","Exportations - quantité","S2734","Viande de Volailles","2018","2018","1000 t","2","I","Valeur imputée par une agence réceptrice",""
"FBS","Bilans Alimentaires (2010-)","EGY","Égypte","5301","Disponibilité intérieure","S2734","Viande de Volailles","2018","2018","1000 t","1709","I","Valeur imputée par une agence réceptrice",""
"FBS","Bilans Alimentaires (2010-)","EGY","Égypte","5123","Pertes","S2734","Viande de Volailles","2018","2018","1000 t","0","I","Valeur imputée par une agence réceptrice",""
"FBS","Bilans Alimentaires (2010-)","EGY","Égypte","5171","Alimentation pour touristes","S2734","Viande de Volailles","2018","2018","1000 t","0","I","Valeur imputée par une agence réceptrice",""
"FBS","Bilans Alimentaires (2010-)","EGY","Égypte","5170","Résidus","S2734","Viande de Volailles","2018","2018","1000 t","0","I","Valeur imputée par une agence réceptrice",""
"FBS","Bilans Alimentaires (2010-)","EGY","Égypte","5142","Nourriture","S2734","Viande de Volailles","2018","2018","1000 t","1709","I","Valeur imputée par une agence réceptrice",""
"FBS","Bilans Alimentaires (2010-)","EGY","Égypte","645","Disponibilité alimentaire en quantité (kg/personne/an)","S2734","Viande de Volailles","2018","2018","kg/personne","16.17","E","Valeur estimée",""
"FBS","Bilans Alimentaires (2010-)","EGY","Égypte","664","Disponibilité alimentaire (Kcal/personne/jour)","S2734","Viande de Volailles","2018","2018","kcal/personne/jour","62.88","E","Valeur estimée",""
"FBS","Bilans Alimentaires (2010-)","EGY","Égypte","661","Disponibilité alimentaire (Kcal)","S2734","Viande de Volailles","2018","2018","millions de kcal","2425554.08","I","Valeur imputée par une agence réceptrice",""
"FBS","Bilans Alimentaires (2010-)","EGY","Égypte","674","Disponibilité de protéines en quantité (g/personne/jour)","S2734","Viande de Volailles","2018","2018","g/personne/jour","7.27","E","Valeur estimée",""
"FBS","Bilans Alimentaires (2010-)","EGY","Égypte","671","Disponibilité de protéines en quantité (t)","S2734","Viande de Volailles","2018","2018","tonnes","280506.42","I","Valeur imputée par une agence réceptrice",""
"FBS","Bilans Alimentaires (2010-)","EGY","Égypte","684","Disponibilité de matière grasse en quantité (g/personne/jour)","S2734","Viande de Volailles","2018","2018","g/personne/jour","3.75","E","Valeur estimée",""
"FBS","Bilans Alimentaires (2010-)","EGY","Égypte","681","Disponibilité de matière grasse en quantité (t)","S2734","Viande de Volailles","2018","2018","tonnes","144674.27","I","Valeur imputée par une agence réceptrice",""
"FBS","Bilans Alimentaires (2010-)","SLV","El Salvador","5511","Production","S2734","Viande de Volailles","2018","2018","1000 t","144","I","Valeur imputée par une agence réceptrice",""
"FBS","Bilans Alimentaires (2010-)","SLV","El Salvador","5611","Importations - quantité","S2734","Viande de Volailles","2018","2018","1000 t","20","I","Valeur imputée par une agence réceptrice",""
"FBS","Bilans Alimentaires (2010-)","SLV","El Salvador","5072","Variation de stock","S2734","Viande de Volailles","2018","2018","1000 t","1","I","Valeur imputée par une agence réceptrice",""
"FBS","Bilans Alimentaires (2010-)","SLV","El Salvador","5911","Exportations - quantité","S2734","Viande de Volailles","2018","2018","1000 t","2","I","Valeur imputée par une agence réceptrice",""
"FBS","Bilans Alimentaires (2010-)","SLV","El Salvador","5301","Disponibilité intérieure","S2734","Viande de Volailles","2018","2018","1000 t","161","I","Valeur imputée par une agence réceptrice",""
"FBS","Bilans Alimentaires (2010-)","SLV","El Salvador","5123","Pertes","S2734","Viande de Volailles","2018","2018","1000 t","0","I","Valeur imputée par une agence réceptrice",""
"FBS","Bilans Alimentaires (2010-)","SLV","El Salvador","5170","Résidus","S2734","Viande de Volailles","2018","2018","1000 t","0","I","Valeur imputée par une agence réceptrice",""
"FBS","Bilans Alimentaires (2010-)","SLV","El Salvador","5142","Nourriture","S2734","Viande de Volailles","2018","2018","1000 t","161","I","Valeur imputée par une agence réceptrice",""
"FBS","Bilans Alimentaires (2010-)","SLV","El Salvador","645","Disponibilité alimentaire en quantité (kg/personne/an)","S2734","Viande de Volailles","2018","2018","kg/personne","25.94","E","Valeur estimée",""
"FBS","Bilans Alimentaires (2010-)","SLV","El Salvador","664","Disponibilité alimentaire (Kcal/personne/jour)","S2734","Viande de Volailles","2018","2018","kcal/personne/jour","98.57","E","Valeur estimée",""
"FBS","Bilans Alimentaires (2010-)","SLV","El Salvador","661","Disponibilité alimentaire (Kcal)","S2734","Viande de Volailles","2018","2018","millions de kcal","223779.87","I","Valeur imputée par une agence réceptrice",""
"FBS","Bilans Alimentaires (2010-)","SLV","El Salvador","674","Disponibilité de protéines en quantité (g/personne/jour)","S2734","Viande de Volailles","2018","2018","g/personne/jour","11.78","E","Valeur estimée",""
"FBS","Bilans Alimentaires (2010-)","SLV","El Salvador","671","Disponibilité de protéines en quantité (t)","S2734","Viande de Volailles","2018","2018","tonnes","26749.3","I","Valeur imputée par une agence réceptrice",""
"FBS","Bilans Alimentaires (2010-)","SLV","El Salvador","684","Disponibilité de matière grasse en quantité (g/personne/jour)","S2734","Viande de Volailles","2018","2018","g/personne/jour","5.69","E","Valeur estimée",""
"FBS","Bilans Alimentaires (2010-)","SLV","El Salvador","681","Disponibilité de matière grasse en quantité (t)","S2734","Viande de Volailles","2018","2018","tonnes","12912.93","I","Valeur imputée par une agence réceptrice",""
"FBS","Bilans Alimentaires (2010-)","ARE","Émirats arabes unis","5511","Production","S2734","Viande de Volailles","2018","2018","1000 t","47","I","Valeur imputée par une agence réceptrice",""
"FBS","Bilans Alimentaires (2010-)","ARE","Émirats arabes unis","5611","Importations - quantité","S2734","Viande de Volailles","2018","2018","1000 t","612","I","Valeur imputée par une agence réceptrice",""
"FBS","Bilans Alimentaires (2010-)","ARE","Émirats arabes unis","5072","Variation de stock","S2734","Viande de Volailles","2018","2018","1000 t","1","I","Valeur imputée par une agence réceptrice",""
"FBS","Bilans Alimentaires (2010-)","ARE","Émirats arabes unis","5911","Exportations - quantité","S2734","Viande de Volailles","2018","2018","1000 t","61","I","Valeur imputée par une agence réceptrice",""
"FBS","Bilans Alimentaires (2010-)","ARE","Émirats arabes unis","5301","Disponibilité intérieure","S2734","Viande de Volailles","2018","2018","1000 t","597","I","Valeur imputée par une agence réceptrice",""
"FBS","Bilans Alimentaires (2010-)","ARE","Émirats arabes unis","5123","Pertes","S2734","Viande de Volailles","2018","2018","1000 t","0","I","Valeur imputée par une agence réceptrice",""
"FBS","Bilans Alimentaires (2010-)","ARE","Émirats arabes unis","5171","Alimentation pour touristes","S2734","Viande de Volailles","2018","2018","1000 t","302","I","Valeur imputée par une agence réceptrice",""
"FBS","Bilans Alimentaires (2010-)","ARE","Émirats arabes unis","5170","Résidus","S2734","Viande de Volailles","2018","2018","1000 t","-8","I","Valeur imputée par une agence réceptrice",""
"FBS","Bilans Alimentaires (2010-)","ARE","Émirats arabes unis","5142","Nourriture","S2734","Viande de Volailles","2018","2018","1000 t","303","I","Valeur imputée par une agence réceptrice",""
"FBS","Bilans Alimentaires (2010-)","ARE","Émirats arabes unis","645","Disponibilité alimentaire en quantité (kg/personne/an)","S2734","Viande de Volailles","2018","2018","kg/personne","32.4","E","Valeur estimée",""
"FBS","Bilans Alimentaires (2010-)","ARE","Émirats arabes unis","664","Disponibilité alimentaire (Kcal/personne/jour)","S2734","Viande de Volailles","2018","2018","kcal/personne/jour","122.19","E","Valeur estimée",""
"FBS","Bilans Alimentaires (2010-)","ARE","Émirats arabes unis","661","Disponibilité alimentaire (Kcal)","S2734","Viande de Volailles","2018","2018","millions de kcal","416870.62","I","Valeur imputée par une agence réceptrice",""
"FBS","Bilans Alimentaires (2010-)","ARE","Émirats arabes unis","674","Disponibilité de protéines en quantité (g/personne/jour)","S2734","Viande de Volailles","2018","2018","g/personne/jour","14.62","E","Valeur estimée",""
"FBS","Bilans Alimentaires (2010-)","ARE","Émirats arabes unis","671","Disponibilité de protéines en quantité (t)","S2734","Viande de Volailles","2018","2018","tonnes","49866.09","I","Valeur imputée par une agence réceptrice",""
"FBS","Bilans Alimentaires (2010-)","ARE","Émirats arabes unis","684","Disponibilité de matière grasse en quantité (g/personne/jour)","S2734","Viande de Volailles","2018","2018","g/personne/jour","7.07","E","Valeur estimée",""
"FBS","Bilans Alimentaires (2010-)","ARE","Émirats arabes unis","681","Disponibilité de matière grasse en quantité (t)","S2734","Viande de Volailles","2018","2018","tonnes","24127.14","I","Valeur imputée par une agence réceptrice",""
"FBS","Bilans Alimentaires (2010-)","ECU","Équateur","5511","Production","S2734","Viande de Volailles","2018","2018","1000 t","331","I","Valeur imputée par une agence réceptrice",""
"FBS","Bilans Alimentaires (2010-)","ECU","Équateur","5611","Importations - quantité","S2734","Viande de Volailles","2018","2018","1000 t","0","I","Valeur imputée par une agence réceptrice",""
"FBS","Bilans Alimentaires (2010-)","ECU","Équateur","5072","Variation de stock","S2734","Viande de Volailles","2018","2018","1000 t","0","I","Valeur imputée par une agence réceptrice",""
"FBS","Bilans Alimentaires (2010-)","ECU","Équateur","5911","Exportations - quantité","S2734","Viande de Volailles","2018","2018","1000 t","0","I","Valeur imputée par une agence réceptrice",""
"FBS","Bilans Alimentaires (2010-)","ECU","Équateur","5301","Disponibilité intérieure","S2734","Viande de Volailles","2018","2018","1000 t","331","I","Valeur imputée par une agence réceptrice",""
"FBS","Bilans Alimentaires (2010-)","ECU","Équateur","5170","Résidus","S2734","Viande de Volailles","2018","2018","1000 t","0","I","Valeur imputée par une agence réceptrice",""
"FBS","Bilans Alimentaires (2010-)","ECU","Équateur","5142","Nourriture","S2734","Viande de Volailles","2018","2018","1000 t","331","I","Valeur imputée par une agence réceptrice",""
"FBS","Bilans Alimentaires (2010-)","ECU","Équateur","645","Disponibilité alimentaire en quantité (kg/personne/an)","S2734","Viande de Volailles","2018","2018","kg/personne","19.41","E","Valeur estimée",""
"FBS","Bilans Alimentaires (2010-)","ECU","Équateur","664","Disponibilité alimentaire (Kcal/personne/jour)","S2734","Viande de Volailles","2018","2018","kcal/personne/jour","73.24","E","Valeur estimée",""
"FBS","Bilans Alimentaires (2010-)","ECU","Équateur","661","Disponibilité alimentaire (Kcal)","S2734","Viande de Volailles","2018","2018","millions de kcal","455773.47","I","Valeur imputée par une agence réceptrice",""
"FBS","Bilans Alimentaires (2010-)","ECU","Équateur","674","Disponibilité de protéines en quantité (g/personne/jour)","S2734","Viande de Volailles","2018","2018","g/personne/jour","8.76","E","Valeur estimée",""
"FBS","Bilans Alimentaires (2010-)","ECU","Équateur","671","Disponibilité de protéines en quantité (t)","S2734","Viande de Volailles","2018","2018","tonnes","54504.96","I","Valeur imputée par une agence réceptrice",""
"FBS","Bilans Alimentaires (2010-)","ECU","Équateur","684","Disponibilité de matière grasse en quantité (g/personne/jour)","S2734","Viande de Volailles","2018","2018","g/personne/jour","4.24","E","Valeur estimée",""
"FBS","Bilans Alimentaires (2010-)","ECU","Équateur","681","Disponibilité de matière grasse en quantité (t)","S2734","Viande de Volailles","2018","2018","tonnes","26384.51","I","Valeur imputée par une agence réceptrice",""
"FBS","Bilans Alimentaires (2010-)","ESP","Espagne","5511","Production","S2734","Viande de Volailles","2018","2018","1000 t","1622","I","Valeur imputée par une agence réceptrice",""
"FBS","Bilans Alimentaires (2010-)","ESP","Espagne","5611","Importations - quantité","S2734","Viande de Volailles","2018","2018","1000 t","195","I","Valeur imputée par une agence réceptrice",""
"FBS","Bilans Alimentaires (2010-)","ESP","Espagne","5072","Variation de stock","S2734","Viande de Volailles","2018","2018","1000 t","0","I","Valeur imputée par une agence réceptrice",""
"FBS","Bilans Alimentaires (2010-)","ESP","Espagne","5911","Exportations - quantité","S2734","Viande de Volailles","2018","2018","1000 t","244","I","Valeur imputée par une agence réceptrice",""
"FBS","Bilans Alimentaires (2010-)","ESP","Espagne","5301","Disponibilité intérieure","S2734","Viande de Volailles","2018","2018","1000 t","1573","I","Valeur imputée par une agence réceptrice",""
"FBS","Bilans Alimentaires (2010-)","ESP","Espagne","5123","Pertes","S2734","Viande de Volailles","2018","2018","1000 t","0","I","Valeur imputée par une agence réceptrice",""
"FBS","Bilans Alimentaires (2010-)","ESP","Espagne","5131","Traitement","S2734","Viande de Volailles","2018","2018","1000 t","13","I","Valeur imputée par une agence réceptrice",""
"FBS","Bilans Alimentaires (2010-)","ESP","Espagne","5170","Résidus","S2734","Viande de Volailles","2018","2018","1000 t","0","I","Valeur imputée par une agence réceptrice",""
"FBS","Bilans Alimentaires (2010-)","ESP","Espagne","5142","Nourriture","S2734","Viande de Volailles","2018","2018","1000 t","1560","I","Valeur imputée par une agence réceptrice",""
"FBS","Bilans Alimentaires (2010-)","ESP","Espagne","645","Disponibilité alimentaire en quantité (kg/personne/an)","S2734","Viande de Volailles","2018","2018","kg/personne","33.12","E","Valeur estimée",""
"FBS","Bilans Alimentaires (2010-)","ESP","Espagne","664","Disponibilité alimentaire (Kcal/personne/jour)","S2734","Viande de Volailles","2018","2018","kcal/personne/jour","122.61","E","Valeur estimée",""
"FBS","Bilans Alimentaires (2010-)","ESP","Espagne","661","Disponibilité alimentaire (Kcal)","S2734","Viande de Volailles","2018","2018","millions de kcal","2107457.1","I","Valeur imputée par une agence réceptrice",""
"FBS","Bilans Alimentaires (2010-)","ESP","Espagne","674","Disponibilité de protéines en quantité (g/personne/jour)","S2734","Viande de Volailles","2018","2018","g/personne/jour","15.12","E","Valeur estimée",""
"FBS","Bilans Alimentaires (2010-)","ESP","Espagne","671","Disponibilité de protéines en quantité (t)","S2734","Viande de Volailles","2018","2018","tonnes","259945.98","I","Valeur imputée par une agence réceptrice",""
"FBS","Bilans Alimentaires (2010-)","ESP","Espagne","684","Disponibilité de matière grasse en quantité (g/personne/jour)","S2734","Viande de Volailles","2018","2018","g/personne/jour","6.89","E","Valeur estimée",""
"FBS","Bilans Alimentaires (2010-)","ESP","Espagne","681","Disponibilité de matière grasse en quantité (t)","S2734","Viande de Volailles","2018","2018","tonnes","118394.33","I","Valeur imputée par une agence réceptrice",""
"FBS","Bilans Alimentaires (2010-)","EST","Estonie","5511","Production","S2734","Viande de Volailles","2018","2018","1000 t","19","I","Valeur imputée par une agence réceptrice",""
"FBS","Bilans Alimentaires (2010-)","EST","Estonie","5611","Importations - quantité","S2734","Viande de Volailles","2018","2018","1000 t","30","I","Valeur imputée par une agence réceptrice",""
"FBS","Bilans Alimentaires (2010-)","EST","Estonie","5072","Variation de stock","S2734","Viande de Volailles","2018","2018","1000 t","8","I","Valeur imputée par une agence réceptrice",""
"FBS","Bilans Alimentaires (2010-)","EST","Estonie","5911","Exportations - quantité","S2734","Viande de Volailles","2018","2018","1000 t","12","I","Valeur imputée par une agence réceptrice",""
"FBS","Bilans Alimentaires (2010-)","EST","Estonie","5301","Disponibilité intérieure","S2734","Viande de Volailles","2018","2018","1000 t","29","I","Valeur imputée par une agence réceptrice",""
"FBS","Bilans Alimentaires (2010-)","EST","Estonie","5123","Pertes","S2734","Viande de Volailles","2018","2018","1000 t","0","I","Valeur imputée par une agence réceptrice",""
"FBS","Bilans Alimentaires (2010-)","EST","Estonie","5170","Résidus","S2734","Viande de Volailles","2018","2018","1000 t","0","I","Valeur imputée par une agence réceptrice",""
"FBS","Bilans Alimentaires (2010-)","EST","Estonie","5142","Nourriture","S2734","Viande de Volailles","2018","2018","1000 t","29","I","Valeur imputée par une agence réceptrice",""
"FBS","Bilans Alimentaires (2010-)","EST","Estonie","645","Disponibilité alimentaire en quantité (kg/personne/an)","S2734","Viande de Volailles","2018","2018","kg/personne","22.13","E","Valeur estimée",""
"FBS","Bilans Alimentaires (2010-)","EST","Estonie","664","Disponibilité alimentaire (Kcal/personne/jour)","S2734","Viande de Volailles","2018","2018","kcal/personne/jour","98.19","E","Valeur estimée",""
"FBS","Bilans Alimentaires (2010-)","EST","Estonie","661","Disponibilité alimentaire (Kcal)","S2734","Viande de Volailles","2018","2018","millions de kcal","47379.73","I","Valeur imputée par une agence réceptrice",""
"FBS","Bilans Alimentaires (2010-)","EST","Estonie","674","Disponibilité de protéines en quantité (g/personne/jour)","S2734","Viande de Volailles","2018","2018","g/personne/jour","9.47","E","Valeur estimée",""
"FBS","Bilans Alimentaires (2010-)","EST","Estonie","671","Disponibilité de protéines en quantité (t)","S2734","Viande de Volailles","2018","2018","tonnes","4569.07","I","Valeur imputée par une agence réceptrice",""
"FBS","Bilans Alimentaires (2010-)","EST","Estonie","684","Disponibilité de matière grasse en quantité (g/personne/jour)","S2734","Viande de Volailles","2018","2018","g/personne/jour","6.57","E","Valeur estimée",""
"FBS","Bilans Alimentaires (2010-)","EST","Estonie","681","Disponibilité de matière grasse en quantité (t)","S2734","Viande de Volailles","2018","2018","tonnes","3168.03","I","Valeur imputée par une agence réceptrice",""
"FBS","Bilans Alimentaires (2010-)","SWZ","Eswatini","5511","Production","S2734","Viande de Volailles","2018","2018","1000 t","6","I","Valeur imputée par une agence réceptrice",""
"FBS","Bilans Alimentaires (2010-)","SWZ","Eswatini","5611","Importations - quantité","S2734","Viande de Volailles","2018","2018","1000 t","2","I","Valeur imputée par une agence réceptrice",""
"FBS","Bilans Alimentaires (2010-)","SWZ","Eswatini","5072","Variation de stock","S2734","Viande de Volailles","2018","2018","1000 t","0","I","Valeur imputée par une agence réceptrice",""
"FBS","Bilans Alimentaires (2010-)","SWZ","Eswatini","5911","Exportations - quantité","S2734","Viande de Volailles","2018","2018","1000 t","1","I","Valeur imputée par une agence réceptrice",""
"FBS","Bilans Alimentaires (2010-)","SWZ","Eswatini","5301","Disponibilité intérieure","S2734","Viande de Volailles","2018","2018","1000 t","8","I","Valeur imputée par une agence réceptrice",""
"FBS","Bilans Alimentaires (2010-)","SWZ","Eswatini","5170","Résidus","S2734","Viande de Volailles","2018","2018","1000 t","0","I","Valeur imputée par une agence réceptrice",""
"FBS","Bilans Alimentaires (2010-)","SWZ","Eswatini","5142","Nourriture","S2734","Viande de Volailles","2018","2018","1000 t","8","I","Valeur imputée par une agence réceptrice",""
"FBS","Bilans Alimentaires (2010-)","SWZ","Eswatini","645","Disponibilité alimentaire en quantité (kg/personne/an)","S2734","Viande de Volailles","2018","2018","kg/personne","6.45","E","Valeur estimée",""
"FBS","Bilans Alimentaires (2010-)","SWZ","Eswatini","664","Disponibilité alimentaire (Kcal/personne/jour)","S2734","Viande de Volailles","2018","2018","kcal/personne/jour","24.91","E","Valeur estimée",""
"FBS","Bilans Alimentaires (2010-)","SWZ","Eswatini","661","Disponibilité alimentaire (Kcal)","S2734","Viande de Volailles","2018","2018","millions de kcal","10628.84","I","Valeur imputée par une agence réceptrice",""
"FBS","Bilans Alimentaires (2010-)","SWZ","Eswatini","674","Disponibilité de protéines en quantité (g/personne/jour)","S2734","Viande de Volailles","2018","2018","g/personne/jour","2.97","E","Valeur estimée",""
"FBS","Bilans Alimentaires (2010-)","SWZ","Eswatini","671","Disponibilité de protéines en quantité (t)","S2734","Viande de Volailles","2018","2018","tonnes","1267.07","I","Valeur imputée par une agence réceptrice",""
"FBS","Bilans Alimentaires (2010-)","SWZ","Eswatini","684","Disponibilité de matière grasse en quantité (g/personne/jour)","S2734","Viande de Volailles","2018","2018","g/personne/jour","1.44","E","Valeur estimée",""
"FBS","Bilans Alimentaires (2010-)","SWZ","Eswatini","681","Disponibilité de matière grasse en quantité (t)","S2734","Viande de Volailles","2018","2018","tonnes","613.14","I","Valeur imputée par une agence réceptrice",""
"FBS","Bilans Alimentaires (2010-)","USA","États-Unis d'Amérique","5511","Production","S2734","Viande de Volailles","2018","2018","1000 t","22298","I","Valeur imputée par une agence réceptrice",""
"FBS","Bilans Alimentaires (2010-)","USA","États-Unis d'Amérique","5611","Importations - quantité","S2734","Viande de Volailles","2018","2018","1000 t","128","I","Valeur imputée par une agence réceptrice",""
"FBS","Bilans Alimentaires (2010-)","USA","États-Unis d'Amérique","5072","Variation de stock","S2734","Viande de Volailles","2018","2018","1000 t","5","I","Valeur imputée par une agence réceptrice",""
"FBS","Bilans Alimentaires (2010-)","USA","États-Unis d'Amérique","5911","Exportations - quantité","S2734","Viande de Volailles","2018","2018","1000 t","3776","I","Valeur imputée par une agence réceptrice",""
"FBS","Bilans Alimentaires (2010-)","USA","États-Unis d'Amérique","5301","Disponibilité intérieure","S2734","Viande de Volailles","2018","2018","1000 t","18645","I","Valeur imputée par une agence réceptrice",""
"FBS","Bilans Alimentaires (2010-)","USA","États-Unis d'Amérique","5123","Pertes","S2734","Viande de Volailles","2018","2018","1000 t","0","I","Valeur imputée par une agence réceptrice",""
"FBS","Bilans Alimentaires (2010-)","USA","États-Unis d'Amérique","5131","Traitement","S2734","Viande de Volailles","2018","2018","1000 t","27","I","Valeur imputée par une agence réceptrice",""
"FBS","Bilans Alimentaires (2010-)","USA","États-Unis d'Amérique","5154","Autres utilisations (non alimentaire)","S2734","Viande de Volailles","2018","2018","1000 t","0","I","Valeur imputée par une agence réceptrice",""
"FBS","Bilans Alimentaires (2010-)","USA","États-Unis d'Amérique","5170","Résidus","S2734","Viande de Volailles","2018","2018","1000 t","0","I","Valeur imputée par une agence réceptrice",""
"FBS","Bilans Alimentaires (2010-)","USA","États-Unis d'Amérique","5142","Nourriture","S2734","Viande de Volailles","2018","2018","1000 t","18618","I","Valeur imputée par une agence réceptrice",""
"FBS","Bilans Alimentaires (2010-)","USA","États-Unis d'Amérique","645","Disponibilité alimentaire en quantité (kg/personne/an)","S2734","Viande de Volailles","2018","2018","kg/personne","55.57","E","Valeur estimée",""
"FBS","Bilans Alimentaires (2010-)","USA","États-Unis d'Amérique","664","Disponibilité alimentaire (Kcal/personne/jour)","S2734","Viande de Volailles","2018","2018","kcal/personne/jour","205.55","E","Valeur estimée",""
"FBS","Bilans Alimentaires (2010-)","USA","États-Unis d'Amérique","661","Disponibilité alimentaire (Kcal)","S2734","Viande de Volailles","2018","2018","millions de kcal","25138310.78","I","Valeur imputée par une agence réceptrice",""
"FBS","Bilans Alimentaires (2010-)","USA","États-Unis d'Amérique","674","Disponibilité de protéines en quantité (g/personne/jour)","S2734","Viande de Volailles","2018","2018","g/personne/jour","25.47","E","Valeur estimée",""
"FBS","Bilans Alimentaires (2010-)","USA","États-Unis d'Amérique","671","Disponibilité de protéines en quantité (t)","S2734","Viande de Volailles","2018","2018","tonnes","3114370.92","I","Valeur imputée par une agence réceptrice",""
"FBS","Bilans Alimentaires (2010-)","USA","États-Unis d'Amérique","684","Disponibilité de matière grasse en quantité (g/personne/jour)","S2734","Viande de Volailles","2018","2018","g/personne/jour","11.5","E","Valeur estimée",""
"FBS","Bilans Alimentaires (2010-)","USA","États-Unis d'Amérique","681","Disponibilité de matière grasse en quantité (t)","S2734","Viande de Volailles","2018","2018","tonnes","1406543.6","I","Valeur imputée par une agence réceptrice",""
"FBS","Bilans Alimentaires (2010-)","ETH","Éthiopie","5511","Production","S2734","Viande de Volailles","2018","2018","1000 t","74","I","Valeur imputée par une agence réceptrice",""
"FBS","Bilans Alimentaires (2010-)","ETH","Éthiopie","5611","Importations - quantité","S2734","Viande de Volailles","2018","2018","1000 t","0","I","Valeur imputée par une agence réceptrice",""
"FBS","Bilans Alimentaires (2010-)","ETH","Éthiopie","5072","Variation de stock","S2734","Viande de Volailles","2018","2018","1000 t","5","I","Valeur imputée par une agence réceptrice",""
"FBS","Bilans Alimentaires (2010-)","ETH","Éthiopie","5301","Disponibilité intérieure","S2734","Viande de Volailles","2018","2018","1000 t","70","I","Valeur imputée par une agence réceptrice",""
"FBS","Bilans Alimentaires (2010-)","ETH","Éthiopie","5170","Résidus","S2734","Viande de Volailles","2018","2018","1000 t","0","I","Valeur imputée par une agence réceptrice",""
"FBS","Bilans Alimentaires (2010-)","ETH","Éthiopie","5142","Nourriture","S2734","Viande de Volailles","2018","2018","1000 t","70","I","Valeur imputée par une agence réceptrice",""
"FBS","Bilans Alimentaires (2010-)","ETH","Éthiopie","645","Disponibilité alimentaire en quantité (kg/personne/an)","S2734","Viande de Volailles","2018","2018","kg/personne","0.62","E","Valeur estimée",""
"FBS","Bilans Alimentaires (2010-)","ETH","Éthiopie","664","Disponibilité alimentaire (Kcal/personne/jour)","S2734","Viande de Volailles","2018","2018","kcal/personne/jour","2.35","E","Valeur estimée",""
"FBS","Bilans Alimentaires (2010-)","ETH","Éthiopie","661","Disponibilité alimentaire (Kcal)","S2734","Viande de Volailles","2018","2018","millions de kcal","96507.81","I","Valeur imputée par une agence réceptrice",""
"FBS","Bilans Alimentaires (2010-)","ETH","Éthiopie","674","Disponibilité de protéines en quantité (g/personne/jour)","S2734","Viande de Volailles","2018","2018","g/personne/jour","0.28","E","Valeur estimée",""
"FBS","Bilans Alimentaires (2010-)","ETH","Éthiopie","671","Disponibilité de protéines en quantité (t)","S2734","Viande de Volailles","2018","2018","tonnes","11534.73","I","Valeur imputée par une agence réceptrice",""
"FBS","Bilans Alimentaires (2010-)","ETH","Éthiopie","684","Disponibilité de matière grasse en quantité (g/personne/jour)","S2734","Viande de Volailles","2018","2018","g/personne/jour","0.14","E","Valeur estimée",""
"FBS","Bilans Alimentaires (2010-)","ETH","Éthiopie","681","Disponibilité de matière grasse en quantité (t)","S2734","Viande de Volailles","2018","2018","tonnes","5589.04","I","Valeur imputée par une agence réceptrice",""
"FBS","Bilans Alimentaires (2010-)","RUS","Fédération de Russie","5511","Production","S2734","Viande de Volailles","2018","2018","1000 t","4543","I","Valeur imputée par une agence réceptrice",""
"FBS","Bilans Alimentaires (2010-)","RUS","Fédération de Russie","5611","Importations - quantité","S2734","Viande de Volailles","2018","2018","1000 t","225","I","Valeur imputée par une agence réceptrice",""
"FBS","Bilans Alimentaires (2010-)","RUS","Fédération de Russie","5072","Variation de stock","S2734","Viande de Volailles","2018","2018","1000 t","-12","I","Valeur imputée par une agence réceptrice",""
"FBS","Bilans Alimentaires (2010-)","RUS","Fédération de Russie","5911","Exportations - quantité","S2734","Viande de Volailles","2018","2018","1000 t","193","I","Valeur imputée par une agence réceptrice",""
"FBS","Bilans Alimentaires (2010-)","RUS","Fédération de Russie","5301","Disponibilité intérieure","S2734","Viande de Volailles","2018","2018","1000 t","4587","I","Valeur imputée par une agence réceptrice",""
"FBS","Bilans Alimentaires (2010-)","RUS","Fédération de Russie","5123","Pertes","S2734","Viande de Volailles","2018","2018","1000 t","10","I","Valeur imputée par une agence réceptrice",""
"FBS","Bilans Alimentaires (2010-)","RUS","Fédération de Russie","5131","Traitement","S2734","Viande de Volailles","2018","2018","1000 t","20","I","Valeur imputée par une agence réceptrice",""
"FBS","Bilans Alimentaires (2010-)","RUS","Fédération de Russie","5170","Résidus","S2734","Viande de Volailles","2018","2018","1000 t","-1","I","Valeur imputée par une agence réceptrice",""
"FBS","Bilans Alimentaires (2010-)","RUS","Fédération de Russie","5142","Nourriture","S2734","Viande de Volailles","2018","2018","1000 t","4558","I","Valeur imputée par une agence réceptrice",""
"FBS","Bilans Alimentaires (2010-)","RUS","Fédération de Russie","645","Disponibilité alimentaire en quantité (kg/personne/an)","S2734","Viande de Volailles","2018","2018","kg/personne","31.13","E","Valeur estimée",""
"FBS","Bilans Alimentaires (2010-)","RUS","Fédération de Russie","664","Disponibilité alimentaire (Kcal/personne/jour)","S2734","Viande de Volailles","2018","2018","kcal/personne/jour","117.52","E","Valeur estimée",""
"FBS","Bilans Alimentaires (2010-)","RUS","Fédération de Russie","661","Disponibilité alimentaire (Kcal)","S2734","Viande de Volailles","2018","2018","millions de kcal","6281001.49","I","Valeur imputée par une agence réceptrice",""
"FBS","Bilans Alimentaires (2010-)","RUS","Fédération de Russie","674","Disponibilité de protéines en quantité (g/personne/jour)","S2734","Viande de Volailles","2018","2018","g/personne/jour","14.04","E","Valeur estimée",""
"FBS","Bilans Alimentaires (2010-)","RUS","Fédération de Russie","671","Disponibilité de protéines en quantité (t)","S2734","Viande de Volailles","2018","2018","tonnes","750485.39","I","Valeur imputée par une agence réceptrice",""
"FBS","Bilans Alimentaires (2010-)","RUS","Fédération de Russie","684","Disponibilité de matière grasse en quantité (g/personne/jour)","S2734","Viande de Volailles","2018","2018","g/personne/jour","6.81","E","Valeur estimée",""
"FBS","Bilans Alimentaires (2010-)","RUS","Fédération de Russie","681","Disponibilité de matière grasse en quantité (t)","S2734","Viande de Volailles","2018","2018","tonnes","363899.6","I","Valeur imputée par une agence réceptrice",""
"FBS","Bilans Alimentaires (2010-)","FJI","Fidji","5511","Production","S2734","Viande de Volailles","2018","2018","1000 t","36","I","Valeur imputée par une agence réceptrice",""
"FBS","Bilans Alimentaires (2010-)","FJI","Fidji","5611","Importations - quantité","S2734","Viande de Volailles","2018","2018","1000 t","5","I","Valeur imputée par une agence réceptrice",""
"FBS","Bilans Alimentaires (2010-)","FJI","Fidji","5072","Variation de stock","S2734","Viande de Volailles","2018","2018","1000 t","0","I","Valeur imputée par une agence réceptrice",""
"FBS","Bilans Alimentaires (2010-)","FJI","Fidji","5911","Exportations - quantité","S2734","Viande de Volailles","2018","2018","1000 t","0","I","Valeur imputée par une agence réceptrice",""
"FBS","Bilans Alimentaires (2010-)","FJI","Fidji","5301","Disponibilité intérieure","S2734","Viande de Volailles","2018","2018","1000 t","41","I","Valeur imputée par une agence réceptrice",""
"FBS","Bilans Alimentaires (2010-)","FJI","Fidji","5154","Autres utilisations (non alimentaire)","S2734","Viande de Volailles","2018","2018","1000 t","0","I","Valeur imputée par une agence réceptrice",""
"FBS","Bilans Alimentaires (2010-)","FJI","Fidji","5171","Alimentation pour touristes","S2734","Viande de Volailles","2018","2018","1000 t","3","I","Valeur imputée par une agence réceptrice",""
"FBS","Bilans Alimentaires (2010-)","FJI","Fidji","5170","Résidus","S2734","Viande de Volailles","2018","2018","1000 t","0","I","Valeur imputée par une agence réceptrice",""
"FBS","Bilans Alimentaires (2010-)","FJI","Fidji","5142","Nourriture","S2734","Viande de Volailles","2018","2018","1000 t","38","I","Valeur imputée par une agence réceptrice",""
"FBS","Bilans Alimentaires (2010-)","FJI","Fidji","645","Disponibilité alimentaire en quantité (kg/personne/an)","S2734","Viande de Volailles","2018","2018","kg/personne","41.7","E","Valeur estimée",""
"FBS","Bilans Alimentaires (2010-)","FJI","Fidji","664","Disponibilité alimentaire (Kcal/personne/jour)","S2734","Viande de Volailles","2018","2018","kcal/personne/jour","160.03","E","Valeur estimée",""
"FBS","Bilans Alimentaires (2010-)","FJI","Fidji","661","Disponibilité alimentaire (Kcal)","S2734","Viande de Volailles","2018","2018","millions de kcal","53574.67","I","Valeur imputée par une agence réceptrice",""
"FBS","Bilans Alimentaires (2010-)","FJI","Fidji","674","Disponibilité de protéines en quantité (g/personne/jour)","S2734","Viande de Volailles","2018","2018","g/personne/jour","18.68","E","Valeur estimée",""
"FBS","Bilans Alimentaires (2010-)","FJI","Fidji","671","Disponibilité de protéines en quantité (t)","S2734","Viande de Volailles","2018","2018","tonnes","6253.49","I","Valeur imputée par une agence réceptrice",""
"FBS","Bilans Alimentaires (2010-)","FJI","Fidji","684","Disponibilité de matière grasse en quantité (g/personne/jour)","S2734","Viande de Volailles","2018","2018","g/personne/jour","9.2","E","Valeur estimée",""
"FBS","Bilans Alimentaires (2010-)","FJI","Fidji","681","Disponibilité de matière grasse en quantité (t)","S2734","Viande de Volailles","2018","2018","tonnes","3081.18","I","Valeur imputée par une agence réceptrice",""
"FBS","Bilans Alimentaires (2010-)","FIN","Finlande","5511","Production","S2734","Viande de Volailles","2018","2018","1000 t","135","I","Valeur imputée par une agence réceptrice",""
"FBS","Bilans Alimentaires (2010-)","FIN","Finlande","5611","Importations - quantité","S2734","Viande de Volailles","2018","2018","1000 t","18","I","Valeur imputée par une agence réceptrice",""
"FBS","Bilans Alimentaires (2010-)","FIN","Finlande","5072","Variation de stock","S2734","Viande de Volailles","2018","2018","1000 t","27","I","Valeur imputée par une agence réceptrice",""
"FBS","Bilans Alimentaires (2010-)","FIN","Finlande","5911","Exportations - quantité","S2734","Viande de Volailles","2018","2018","1000 t","11","I","Valeur imputée par une agence réceptrice",""
"FBS","Bilans Alimentaires (2010-)","FIN","Finlande","5301","Disponibilité intérieure","S2734","Viande de Volailles","2018","2018","1000 t","116","I","Valeur imputée par une agence réceptrice",""
"FBS","Bilans Alimentaires (2010-)","FIN","Finlande","5131","Traitement","S2734","Viande de Volailles","2018","2018","1000 t","7","I","Valeur imputée par une agence réceptrice",""
"FBS","Bilans Alimentaires (2010-)","FIN","Finlande","5170","Résidus","S2734","Viande de Volailles","2018","2018","1000 t","0","I","Valeur imputée par une agence réceptrice",""
"FBS","Bilans Alimentaires (2010-)","FIN","Finlande","5142","Nourriture","S2734","Viande de Volailles","2018","2018","1000 t","108","I","Valeur imputée par une agence réceptrice",""
"FBS","Bilans Alimentaires (2010-)","FIN","Finlande","645","Disponibilité alimentaire en quantité (kg/personne/an)","S2734","Viande de Volailles","2018","2018","kg/personne","19.58","E","Valeur estimée",""
"FBS","Bilans Alimentaires (2010-)","FIN","Finlande","664","Disponibilité alimentaire (Kcal/personne/jour)","S2734","Viande de Volailles","2018","2018","kcal/personne/jour","74.46","E","Valeur estimée",""
"FBS","Bilans Alimentaires (2010-)","FIN","Finlande","661","Disponibilité alimentaire (Kcal)","S2734","Viande de Volailles","2018","2018","millions de kcal","149907.93","I","Valeur imputée par une agence réceptrice",""
"FBS","Bilans Alimentaires (2010-)","FIN","Finlande","674","Disponibilité de protéines en quantité (g/personne/jour)","S2734","Viande de Volailles","2018","2018","g/personne/jour","9.02","E","Valeur estimée",""
"FBS","Bilans Alimentaires (2010-)","FIN","Finlande","671","Disponibilité de protéines en quantité (t)","S2734","Viande de Volailles","2018","2018","tonnes","18157.54","I","Valeur imputée par une agence réceptrice",""
"FBS","Bilans Alimentaires (2010-)","FIN","Finlande","684","Disponibilité de matière grasse en quantité (g/personne/jour)","S2734","Viande de Volailles","2018","2018","g/personne/jour","4.21","E","Valeur estimée",""
"FBS","Bilans Alimentaires (2010-)","FIN","Finlande","681","Disponibilité de matière grasse en quantité (t)","S2734","Viande de Volailles","2018","2018","tonnes","8469","I","Valeur imputée par une agence réceptrice",""
"FBS","Bilans Alimentaires (2010-)","FRA","France","5511","Production","S2734","Viande de Volailles","2018","2018","1000 t","1785","I","Valeur imputée par une agence réceptrice",""
"FBS","Bilans Alimentaires (2010-)","FRA","France","5611","Importations - quantité","S2734","Viande de Volailles","2018","2018","1000 t","533","I","Valeur imputée par une agence réceptrice",""
"FBS","Bilans Alimentaires (2010-)","FRA","France","5072","Variation de stock","S2734","Viande de Volailles","2018","2018","1000 t","3","I","Valeur imputée par une agence réceptrice",""
"FBS","Bilans Alimentaires (2010-)","FRA","France","5911","Exportations - quantité","S2734","Viande de Volailles","2018","2018","1000 t","474","I","Valeur imputée par une agence réceptrice",""
"FBS","Bilans Alimentaires (2010-)","FRA","France","5301","Disponibilité intérieure","S2734","Viande de Volailles","2018","2018","1000 t","1842","I","Valeur imputée par une agence réceptrice",""
"FBS","Bilans Alimentaires (2010-)","FRA","France","5131","Traitement","S2734","Viande de Volailles","2018","2018","1000 t","89","I","Valeur imputée par une agence réceptrice",""
"FBS","Bilans Alimentaires (2010-)","FRA","France","5170","Résidus","S2734","Viande de Volailles","2018","2018","1000 t","0","I","Valeur imputée par une agence réceptrice",""
"FBS","Bilans Alimentaires (2010-)","FRA","France","5142","Nourriture","S2734","Viande de Volailles","2018","2018","1000 t","1753","I","Valeur imputée par une agence réceptrice",""
"FBS","Bilans Alimentaires (2010-)","FRA","France","645","Disponibilité alimentaire en quantité (kg/personne/an)","S2734","Viande de Volailles","2018","2018","kg/personne","26.75","E","Valeur estimée",""
"FBS","Bilans Alimentaires (2010-)","FRA","France","664","Disponibilité alimentaire (Kcal/personne/jour)","S2734","Viande de Volailles","2018","2018","kcal/personne/jour","102.65","E","Valeur estimée",""
"FBS","Bilans Alimentaires (2010-)","FRA","France","661","Disponibilité alimentaire (Kcal)","S2734","Viande de Volailles","2018","2018","millions de kcal","2454724.44","I","Valeur imputée par une agence réceptrice",""
"FBS","Bilans Alimentaires (2010-)","FRA","France","674","Disponibilité de protéines en quantité (g/personne/jour)","S2734","Viande de Volailles","2018","2018","g/personne/jour","12.2","E","Valeur estimée",""
"FBS","Bilans Alimentaires (2010-)","FRA","France","671","Disponibilité de protéines en quantité (t)","S2734","Viande de Volailles","2018","2018","tonnes","291742.65","I","Valeur imputée par une agence réceptrice",""
"FBS","Bilans Alimentaires (2010-)","FRA","France","684","Disponibilité de matière grasse en quantité (g/personne/jour)","S2734","Viande de Volailles","2018","2018","g/personne/jour","5.96","E","Valeur estimée",""
"FBS","Bilans Alimentaires (2010-)","FRA","France","681","Disponibilité de matière grasse en quantité (t)","S2734","Viande de Volailles","2018","2018","tonnes","142509.95","I","Valeur imputée par une agence réceptrice",""
"FBS","Bilans Alimentaires (2010-)","GAB","Gabon","5511","Production","S2734","Viande de Volailles","2018","2018","1000 t","4","I","Valeur imputée par une agence réceptrice",""
"FBS","Bilans Alimentaires (2010-)","GAB","Gabon","5611","Importations - quantité","S2734","Viande de Volailles","2018","2018","1000 t","80","I","Valeur imputée par une agence réceptrice",""
"FBS","Bilans Alimentaires (2010-)","GAB","Gabon","5072","Variation de stock","S2734","Viande de Volailles","2018","2018","1000 t","0","I","Valeur imputée par une agence réceptrice",""
"FBS","Bilans Alimentaires (2010-)","GAB","Gabon","5301","Disponibilité intérieure","S2734","Viande de Volailles","2018","2018","1000 t","84","I","Valeur imputée par une agence réceptrice",""
"FBS","Bilans Alimentaires (2010-)","GAB","Gabon","5154","Autres utilisations (non alimentaire)","S2734","Viande de Volailles","2018","2018","1000 t","0","I","Valeur imputée par une agence réceptrice",""
"FBS","Bilans Alimentaires (2010-)","GAB","Gabon","5170","Résidus","S2734","Viande de Volailles","2018","2018","1000 t","0","I","Valeur imputée par une agence réceptrice",""
"FBS","Bilans Alimentaires (2010-)","GAB","Gabon","5142","Nourriture","S2734","Viande de Volailles","2018","2018","1000 t","84","I","Valeur imputée par une agence réceptrice",""
"FBS","Bilans Alimentaires (2010-)","GAB","Gabon","645","Disponibilité alimentaire en quantité (kg/personne/an)","S2734","Viande de Volailles","2018","2018","kg/personne","37.96","E","Valeur estimée",""
"FBS","Bilans Alimentaires (2010-)","GAB","Gabon","664","Disponibilité alimentaire (Kcal/personne/jour)","S2734","Viande de Volailles","2018","2018","kcal/personne/jour","139.74","E","Valeur estimée",""
"FBS","Bilans Alimentaires (2010-)","GAB","Gabon","661","Disponibilité alimentaire (Kcal)","S2734","Viande de Volailles","2018","2018","millions de kcal","112840.02","I","Valeur imputée par une agence réceptrice",""
"FBS","Bilans Alimentaires (2010-)","GAB","Gabon","674","Disponibilité de protéines en quantité (g/personne/jour)","S2734","Viande de Volailles","2018","2018","g/personne/jour","17.5","E","Valeur estimée",""
"FBS","Bilans Alimentaires (2010-)","GAB","Gabon","671","Disponibilité de protéines en quantité (t)","S2734","Viande de Volailles","2018","2018","tonnes","14134.68","I","Valeur imputée par une agence réceptrice",""
"FBS","Bilans Alimentaires (2010-)","GAB","Gabon","684","Disponibilité de matière grasse en quantité (g/personne/jour)","S2734","Viande de Volailles","2018","2018","g/personne/jour","7.72","E","Valeur estimée",""
"FBS","Bilans Alimentaires (2010-)","GAB","Gabon","681","Disponibilité de matière grasse en quantité (t)","S2734","Viande de Volailles","2018","2018","tonnes","6237.08","I","Valeur imputée par une agence réceptrice",""
"FBS","Bilans Alimentaires (2010-)","GMB","Gambie","5511","Production","S2734","Viande de Volailles","2018","2018","1000 t","2","I","Valeur imputée par une agence réceptrice",""
"FBS","Bilans Alimentaires (2010-)","GMB","Gambie","5611","Importations - quantité","S2734","Viande de Volailles","2018","2018","1000 t","22","I","Valeur imputée par une agence réceptrice",""
"FBS","Bilans Alimentaires (2010-)","GMB","Gambie","5072","Variation de stock","S2734","Viande de Volailles","2018","2018","1000 t","0","I","Valeur imputée par une agence réceptrice",""
"FBS","Bilans Alimentaires (2010-)","GMB","Gambie","5301","Disponibilité intérieure","S2734","Viande de Volailles","2018","2018","1000 t","23","I","Valeur imputée par une agence réceptrice",""
"FBS","Bilans Alimentaires (2010-)","GMB","Gambie","5170","Résidus","S2734","Viande de Volailles","2018","2018","1000 t","0","I","Valeur imputée par une agence réceptrice",""
"FBS","Bilans Alimentaires (2010-)","GMB","Gambie","5142","Nourriture","S2734","Viande de Volailles","2018","2018","1000 t","23","I","Valeur imputée par une agence réceptrice",""
"FBS","Bilans Alimentaires (2010-)","GMB","Gambie","645","Disponibilité alimentaire en quantité (kg/personne/an)","S2734","Viande de Volailles","2018","2018","kg/personne","9.65","E","Valeur estimée",""
"FBS","Bilans Alimentaires (2010-)","GMB","Gambie","664","Disponibilité alimentaire (Kcal/personne/jour)","S2734","Viande de Volailles","2018","2018","kcal/personne/jour","38.53","E","Valeur estimée",""
"FBS","Bilans Alimentaires (2010-)","GMB","Gambie","661","Disponibilité alimentaire (Kcal)","S2734","Viande de Volailles","2018","2018","millions de kcal","33742.84","I","Valeur imputée par une agence réceptrice",""
"FBS","Bilans Alimentaires (2010-)","GMB","Gambie","674","Disponibilité de protéines en quantité (g/personne/jour)","S2734","Viande de Volailles","2018","2018","g/personne/jour","4.6","E","Valeur estimée",""
"FBS","Bilans Alimentaires (2010-)","GMB","Gambie","671","Disponibilité de protéines en quantité (t)","S2734","Viande de Volailles","2018","2018","tonnes","4029.74","I","Valeur imputée par une agence réceptrice",""
"FBS","Bilans Alimentaires (2010-)","GMB","Gambie","684","Disponibilité de matière grasse en quantité (g/personne/jour)","S2734","Viande de Volailles","2018","2018","g/personne/jour","2.22","E","Valeur estimée",""
"FBS","Bilans Alimentaires (2010-)","GMB","Gambie","681","Disponibilité de matière grasse en quantité (t)","S2734","Viande de Volailles","2018","2018","tonnes","1944.74","I","Valeur imputée par une agence réceptrice",""
"FBS","Bilans Alimentaires (2010-)","GEO","Géorgie","5511","Production","S2734","Viande de Volailles","2018","2018","1000 t","22","I","Valeur imputée par une agence réceptrice",""
"FBS","Bilans Alimentaires (2010-)","GEO","Géorgie","5611","Importations - quantité","S2734","Viande de Volailles","2018","2018","1000 t","51","I","Valeur imputée par une agence réceptrice",""
"FBS","Bilans Alimentaires (2010-)","GEO","Géorgie","5072","Variation de stock","S2734","Viande de Volailles","2018","2018","1000 t","2","I","Valeur imputée par une agence réceptrice",""
"FBS","Bilans Alimentaires (2010-)","GEO","Géorgie","5911","Exportations - quantité","S2734","Viande de Volailles","2018","2018","1000 t","8","I","Valeur imputée par une agence réceptrice",""
"FBS","Bilans Alimentaires (2010-)","GEO","Géorgie","5301","Disponibilité intérieure","S2734","Viande de Volailles","2018","2018","1000 t","62","I","Valeur imputée par une agence réceptrice",""
"FBS","Bilans Alimentaires (2010-)","GEO","Géorgie","5170","Résidus","S2734","Viande de Volailles","2018","2018","1000 t","0","I","Valeur imputée par une agence réceptrice",""
"FBS","Bilans Alimentaires (2010-)","GEO","Géorgie","5142","Nourriture","S2734","Viande de Volailles","2018","2018","1000 t","62","I","Valeur imputée par une agence réceptrice",""
"FBS","Bilans Alimentaires (2010-)","GEO","Géorgie","645","Disponibilité alimentaire en quantité (kg/personne/an)","S2734","Viande de Volailles","2018","2018","kg/personne","16.38","E","Valeur estimée",""
"FBS","Bilans Alimentaires (2010-)","GEO","Géorgie","664","Disponibilité alimentaire (Kcal/personne/jour)","S2734","Viande de Volailles","2018","2018","kcal/personne/jour","61.68","E","Valeur estimée",""
"FBS","Bilans Alimentaires (2010-)","GEO","Géorgie","661","Disponibilité alimentaire (Kcal)","S2734","Viande de Volailles","2018","2018","millions de kcal","85430.74","I","Valeur imputée par une agence réceptrice",""
"FBS","Bilans Alimentaires (2010-)","GEO","Géorgie","674","Disponibilité de protéines en quantité (g/personne/jour)","S2734","Viande de Volailles","2018","2018","g/personne/jour","7.4","E","Valeur estimée",""
"FBS","Bilans Alimentaires (2010-)","GEO","Géorgie","671","Disponibilité de protéines en quantité (t)","S2734","Viande de Volailles","2018","2018","tonnes","10250.76","I","Valeur imputée par une agence réceptrice",""
"FBS","Bilans Alimentaires (2010-)","GEO","Géorgie","684","Disponibilité de matière grasse en quantité (g/personne/jour)","S2734","Viande de Volailles","2018","2018","g/personne/jour","3.55","E","Valeur estimée",""
"FBS","Bilans Alimentaires (2010-)","GEO","Géorgie","681","Disponibilité de matière grasse en quantité (t)","S2734","Viande de Volailles","2018","2018","tonnes","4918.88","I","Valeur imputée par une agence réceptrice",""
"FBS","Bilans Alimentaires (2010-)","GHA","Ghana","5511","Production","S2734","Viande de Volailles","2018","2018","1000 t","65","I","Valeur imputée par une agence réceptrice",""
"FBS","Bilans Alimentaires (2010-)","GHA","Ghana","5611","Importations - quantité","S2734","Viande de Volailles","2018","2018","1000 t","205","I","Valeur imputée par une agence réceptrice",""
"FBS","Bilans Alimentaires (2010-)","GHA","Ghana","5072","Variation de stock","S2734","Viande de Volailles","2018","2018","1000 t","0","I","Valeur imputée par une agence réceptrice",""
"FBS","Bilans Alimentaires (2010-)","GHA","Ghana","5911","Exportations - quantité","S2734","Viande de Volailles","2018","2018","1000 t","0","I","Valeur imputée par une agence réceptrice",""
"FBS","Bilans Alimentaires (2010-)","GHA","Ghana","5301","Disponibilité intérieure","S2734","Viande de Volailles","2018","2018","1000 t","270","I","Valeur imputée par une agence réceptrice",""
"FBS","Bilans Alimentaires (2010-)","GHA","Ghana","5123","Pertes","S2734","Viande de Volailles","2018","2018","1000 t","0","I","Valeur imputée par une agence réceptrice",""
"FBS","Bilans Alimentaires (2010-)","GHA","Ghana","5170","Résidus","S2734","Viande de Volailles","2018","2018","1000 t","0","I","Valeur imputée par une agence réceptrice",""
"FBS","Bilans Alimentaires (2010-)","GHA","Ghana","5142","Nourriture","S2734","Viande de Volailles","2018","2018","1000 t","270","I","Valeur imputée par une agence réceptrice",""
"FBS","Bilans Alimentaires (2010-)","GHA","Ghana","645","Disponibilité alimentaire en quantité (kg/personne/an)","S2734","Viande de Volailles","2018","2018","kg/personne","8.81","E","Valeur estimée",""
"FBS","Bilans Alimentaires (2010-)","GHA","Ghana","664","Disponibilité alimentaire (Kcal/personne/jour)","S2734","Viande de Volailles","2018","2018","kcal/personne/jour","33.22","E","Valeur estimée",""
"FBS","Bilans Alimentaires (2010-)","GHA","Ghana","661","Disponibilité alimentaire (Kcal)","S2734","Viande de Volailles","2018","2018","millions de kcal","371480.51","I","Valeur imputée par une agence réceptrice",""
"FBS","Bilans Alimentaires (2010-)","GHA","Ghana","674","Disponibilité de protéines en quantité (g/personne/jour)","S2734","Viande de Volailles","2018","2018","g/personne/jour","3.98","E","Valeur estimée",""
"FBS","Bilans Alimentaires (2010-)","GHA","Ghana","671","Disponibilité de protéines en quantité (t)","S2734","Viande de Volailles","2018","2018","tonnes","44489.33","I","Valeur imputée par une agence réceptrice",""
"FBS","Bilans Alimentaires (2010-)","GHA","Ghana","684","Disponibilité de matière grasse en quantité (g/personne/jour)","S2734","Viande de Volailles","2018","2018","g/personne/jour","1.92","E","Valeur estimée",""
"FBS","Bilans Alimentaires (2010-)","GHA","Ghana","681","Disponibilité de matière grasse en quantité (t)","S2734","Viande de Volailles","2018","2018","tonnes","21469.2","I","Valeur imputée par une agence réceptrice",""
"FBS","Bilans Alimentaires (2010-)","GRC","Grèce","5511","Production","S2734","Viande de Volailles","2018","2018","1000 t","246","I","Valeur imputée par une agence réceptrice",""
"FBS","Bilans Alimentaires (2010-)","GRC","Grèce","5611","Importations - quantité","S2734","Viande de Volailles","2018","2018","1000 t","82","I","Valeur imputée par une agence réceptrice",""
"FBS","Bilans Alimentaires (2010-)","GRC","Grèce","5072","Variation de stock","S2734","Viande de Volailles","2018","2018","1000 t","1","I","Valeur imputée par une agence réceptrice",""
"FBS","Bilans Alimentaires (2010-)","GRC","Grèce","5911","Exportations - quantité","S2734","Viande de Volailles","2018","2018","1000 t","33","I","Valeur imputée par une agence réceptrice",""
"FBS","Bilans Alimentaires (2010-)","GRC","Grèce","5301","Disponibilité intérieure","S2734","Viande de Volailles","2018","2018","1000 t","295","I","Valeur imputée par une agence réceptrice",""
"FBS","Bilans Alimentaires (2010-)","GRC","Grèce","5123","Pertes","S2734","Viande de Volailles","2018","2018","1000 t","0","I","Valeur imputée par une agence réceptrice",""
"FBS","Bilans Alimentaires (2010-)","GRC","Grèce","5131","Traitement","S2734","Viande de Volailles","2018","2018","1000 t","1","I","Valeur imputée par une agence réceptrice",""
"FBS","Bilans Alimentaires (2010-)","GRC","Grèce","5154","Autres utilisations (non alimentaire)","S2734","Viande de Volailles","2018","2018","1000 t","0","I","Valeur imputée par une agence réceptrice",""
"FBS","Bilans Alimentaires (2010-)","GRC","Grèce","5170","Résidus","S2734","Viande de Volailles","2018","2018","1000 t","0","I","Valeur imputée par une agence réceptrice",""
"FBS","Bilans Alimentaires (2010-)","GRC","Grèce","5142","Nourriture","S2734","Viande de Volailles","2018","2018","1000 t","294","I","Valeur imputée par une agence réceptrice",""
"FBS","Bilans Alimentaires (2010-)","GRC","Grèce","645","Disponibilité alimentaire en quantité (kg/personne/an)","S2734","Viande de Volailles","2018","2018","kg/personne","27.37","E","Valeur estimée",""
"FBS","Bilans Alimentaires (2010-)","GRC","Grèce","664","Disponibilité alimentaire (Kcal/personne/jour)","S2734","Viande de Volailles","2018","2018","kcal/personne/jour","103.02","E","Valeur estimée",""
"FBS","Bilans Alimentaires (2010-)","GRC","Grèce","661","Disponibilité alimentaire (Kcal)","S2734","Viande de Volailles","2018","2018","millions de kcal","403491.2","I","Valeur imputée par une agence réceptrice",""
"FBS","Bilans Alimentaires (2010-)","GRC","Grèce","674","Disponibilité de protéines en quantité (g/personne/jour)","S2734","Viande de Volailles","2018","2018","g/personne/jour","12.4","E","Valeur estimée",""
"FBS","Bilans Alimentaires (2010-)","GRC","Grèce","671","Disponibilité de protéines en quantité (t)","S2734","Viande de Volailles","2018","2018","tonnes","48580.18","I","Valeur imputée par une agence réceptrice",""
"FBS","Bilans Alimentaires (2010-)","GRC","Grèce","684","Disponibilité de matière grasse en quantité (g/personne/jour)","S2734","Viande de Volailles","2018","2018","g/personne/jour","5.9","E","Valeur estimée",""
"FBS","Bilans Alimentaires (2010-)","GRC","Grèce","681","Disponibilité de matière grasse en quantité (t)","S2734","Viande de Volailles","2018","2018","tonnes","23120.58","I","Valeur imputée par une agence réceptrice",""
"FBS","Bilans Alimentaires (2010-)","GRD","Grenade","5511","Production","S2734","Viande de Volailles","2018","2018","1000 t","1","I","Valeur imputée par une agence réceptrice",""
"FBS","Bilans Alimentaires (2010-)","GRD","Grenade","5611","Importations - quantité","S2734","Viande de Volailles","2018","2018","1000 t","8","I","Valeur imputée par une agence réceptrice",""
"FBS","Bilans Alimentaires (2010-)","GRD","Grenade","5072","Variation de stock","S2734","Viande de Volailles","2018","2018","1000 t","0","I","Valeur imputée par une agence réceptrice",""
"FBS","Bilans Alimentaires (2010-)","GRD","Grenade","5301","Disponibilité intérieure","S2734","Viande de Volailles","2018","2018","1000 t","8","I","Valeur imputée par une agence réceptrice",""
"FBS","Bilans Alimentaires (2010-)","GRD","Grenade","5171","Alimentation pour touristes","S2734","Viande de Volailles","2018","2018","1000 t","3","I","Valeur imputée par une agence réceptrice",""
"FBS","Bilans Alimentaires (2010-)","GRD","Grenade","5170","Résidus","S2734","Viande de Volailles","2018","2018","1000 t","0","I","Valeur imputée par une agence réceptrice",""
"FBS","Bilans Alimentaires (2010-)","GRD","Grenade","5142","Nourriture","S2734","Viande de Volailles","2018","2018","1000 t","5","I","Valeur imputée par une agence réceptrice",""
"FBS","Bilans Alimentaires (2010-)","GRD","Grenade","645","Disponibilité alimentaire en quantité (kg/personne/an)","S2734","Viande de Volailles","2018","2018","kg/personne","45.62","E","Valeur estimée",""
"FBS","Bilans Alimentaires (2010-)","GRD","Grenade","664","Disponibilité alimentaire (Kcal/personne/jour)","S2734","Viande de Volailles","2018","2018","kcal/personne/jour","168.07","E","Valeur estimée",""
"FBS","Bilans Alimentaires (2010-)","GRD","Grenade","661","Disponibilité alimentaire (Kcal)","S2734","Viande de Volailles","2018","2018","millions de kcal","7096.98","I","Valeur imputée par une agence réceptrice",""
"FBS","Bilans Alimentaires (2010-)","GRD","Grenade","674","Disponibilité de protéines en quantité (g/personne/jour)","S2734","Viande de Volailles","2018","2018","g/personne/jour","21.13","E","Valeur estimée",""
"FBS","Bilans Alimentaires (2010-)","GRD","Grenade","671","Disponibilité de protéines en quantité (t)","S2734","Viande de Volailles","2018","2018","tonnes","892.3","I","Valeur imputée par une agence réceptrice",""
"FBS","Bilans Alimentaires (2010-)","GRD","Grenade","684","Disponibilité de matière grasse en quantité (g/personne/jour)","S2734","Viande de Volailles","2018","2018","g/personne/jour","9.23","E","Valeur estimée",""
"FBS","Bilans Alimentaires (2010-)","GRD","Grenade","681","Disponibilité de matière grasse en quantité (t)","S2734","Viande de Volailles","2018","2018","tonnes","389.86","I","Valeur imputée par une agence réceptrice",""
"FBS","Bilans Alimentaires (2010-)","GTM","Guatemala","5511","Production","S2734","Viande de Volailles","2018","2018","1000 t","228","I","Valeur imputée par une agence réceptrice",""
"FBS","Bilans Alimentaires (2010-)","GTM","Guatemala","5611","Importations - quantité","S2734","Viande de Volailles","2018","2018","1000 t","132","I","Valeur imputée par une agence réceptrice",""
"FBS","Bilans Alimentaires (2010-)","GTM","Guatemala","5072","Variation de stock","S2734","Viande de Volailles","2018","2018","1000 t","0","I","Valeur imputée par une agence réceptrice",""
"FBS","Bilans Alimentaires (2010-)","GTM","Guatemala","5911","Exportations - quantité","S2734","Viande de Volailles","2018","2018","1000 t","9","I","Valeur imputée par une agence réceptrice",""
"FBS","Bilans Alimentaires (2010-)","GTM","Guatemala","5301","Disponibilité intérieure","S2734","Viande de Volailles","2018","2018","1000 t","351","I","Valeur imputée par une agence réceptrice",""
"FBS","Bilans Alimentaires (2010-)","GTM","Guatemala","5123","Pertes","S2734","Viande de Volailles","2018","2018","1000 t","21","I","Valeur imputée par une agence réceptrice",""
"FBS","Bilans Alimentaires (2010-)","GTM","Guatemala","5171","Alimentation pour touristes","S2734","Viande de Volailles","2018","2018","1000 t","1","I","Valeur imputée par une agence réceptrice",""
"FBS","Bilans Alimentaires (2010-)","GTM","Guatemala","5170","Résidus","S2734","Viande de Volailles","2018","2018","1000 t","0","I","Valeur imputée par une agence réceptrice",""
"FBS","Bilans Alimentaires (2010-)","GTM","Guatemala","5142","Nourriture","S2734","Viande de Volailles","2018","2018","1000 t","330","I","Valeur imputée par une agence réceptrice",""
"FBS","Bilans Alimentaires (2010-)","GTM","Guatemala","645","Disponibilité alimentaire en quantité (kg/personne/an)","S2734","Viande de Volailles","2018","2018","kg/personne","19.56","E","Valeur estimée",""
"FBS","Bilans Alimentaires (2010-)","GTM","Guatemala","664","Disponibilité alimentaire (Kcal/personne/jour)","S2734","Viande de Volailles","2018","2018","kcal/personne/jour","73.72","E","Valeur estimée",""
"FBS","Bilans Alimentaires (2010-)","GTM","Guatemala","661","Disponibilité alimentaire (Kcal)","S2734","Viande de Volailles","2018","2018","millions de kcal","453290.72","I","Valeur imputée par une agence réceptrice",""
"FBS","Bilans Alimentaires (2010-)","GTM","Guatemala","674","Disponibilité de protéines en quantité (g/personne/jour)","S2734","Viande de Volailles","2018","2018","g/personne/jour","8.83","E","Valeur estimée",""
"FBS","Bilans Alimentaires (2010-)","GTM","Guatemala","671","Disponibilité de protéines en quantité (t)","S2734","Viande de Volailles","2018","2018","tonnes","54321.19","I","Valeur imputée par une agence réceptrice",""
"FBS","Bilans Alimentaires (2010-)","GTM","Guatemala","684","Disponibilité de matière grasse en quantité (g/personne/jour)","S2734","Viande de Volailles","2018","2018","g/personne/jour","4.26","E","Valeur estimée",""
"FBS","Bilans Alimentaires (2010-)","GTM","Guatemala","681","Disponibilité de matière grasse en quantité (t)","S2734","Viande de Volailles","2018","2018","tonnes","26188.19","I","Valeur imputée par une agence réceptrice",""
"FBS","Bilans Alimentaires (2010-)","GIN","Guinée","5511","Production","S2734","Viande de Volailles","2018","2018","1000 t","11","I","Valeur imputée par une agence réceptrice",""
"FBS","Bilans Alimentaires (2010-)","GIN","Guinée","5611","Importations - quantité","S2734","Viande de Volailles","2018","2018","1000 t","43","I","Valeur imputée par une agence réceptrice",""
"FBS","Bilans Alimentaires (2010-)","GIN","Guinée","5072","Variation de stock","S2734","Viande de Volailles","2018","2018","1000 t","25","I","Valeur imputée par une agence réceptrice",""
"FBS","Bilans Alimentaires (2010-)","GIN","Guinée","5301","Disponibilité intérieure","S2734","Viande de Volailles","2018","2018","1000 t","29","I","Valeur imputée par une agence réceptrice",""
"FBS","Bilans Alimentaires (2010-)","GIN","Guinée","5170","Résidus","S2734","Viande de Volailles","2018","2018","1000 t","0","I","Valeur imputée par une agence réceptrice",""
"FBS","Bilans Alimentaires (2010-)","GIN","Guinée","5142","Nourriture","S2734","Viande de Volailles","2018","2018","1000 t","29","I","Valeur imputée par une agence réceptrice",""
"FBS","Bilans Alimentaires (2010-)","GIN","Guinée","645","Disponibilité alimentaire en quantité (kg/personne/an)","S2734","Viande de Volailles","2018","2018","kg/personne","2.3","E","Valeur estimée",""
"FBS","Bilans Alimentaires (2010-)","GIN","Guinée","664","Disponibilité alimentaire (Kcal/personne/jour)","S2734","Viande de Volailles","2018","2018","kcal/personne/jour","8.52","E","Valeur estimée",""
"FBS","Bilans Alimentaires (2010-)","GIN","Guinée","661","Disponibilité alimentaire (Kcal)","S2734","Viande de Volailles","2018","2018","millions de kcal","39524.87","I","Valeur imputée par une agence réceptrice",""
"FBS","Bilans Alimentaires (2010-)","GIN","Guinée","674","Disponibilité de protéines en quantité (g/personne/jour)","S2734","Viande de Volailles","2018","2018","g/personne/jour","1.05","E","Valeur estimée",""
"FBS","Bilans Alimentaires (2010-)","GIN","Guinée","671","Disponibilité de protéines en quantité (t)","S2734","Viande de Volailles","2018","2018","tonnes","4885.66","I","Valeur imputée par une agence réceptrice",""
"FBS","Bilans Alimentaires (2010-)","GIN","Guinée","684","Disponibilité de matière grasse en quantité (g/personne/jour)","S2734","Viande de Volailles","2018","2018","g/personne/jour","0.48","E","Valeur estimée",""
"FBS","Bilans Alimentaires (2010-)","GIN","Guinée","681","Disponibilité de matière grasse en quantité (t)","S2734","Viande de Volailles","2018","2018","tonnes","2212.8","I","Valeur imputée par une agence réceptrice",""
"FBS","Bilans Alimentaires (2010-)","GNB","Guinée-Bissau","5511","Production","S2734","Viande de Volailles","2018","2018","1000 t","3","I","Valeur imputée par une agence réceptrice",""
"FBS","Bilans Alimentaires (2010-)","GNB","Guinée-Bissau","5611","Importations - quantité","S2734","Viande de Volailles","2018","2018","1000 t","4","I","Valeur imputée par une agence réceptrice",""
"FBS","Bilans Alimentaires (2010-)","GNB","Guinée-Bissau","5072","Variation de stock","S2734","Viande de Volailles","2018","2018","1000 t","0","I","Valeur imputée par une agence réceptrice",""
"FBS","Bilans Alimentaires (2010-)","GNB","Guinée-Bissau","5301","Disponibilité intérieure","S2734","Viande de Volailles","2018","2018","1000 t","6","I","Valeur imputée par une agence réceptrice",""
"FBS","Bilans Alimentaires (2010-)","GNB","Guinée-Bissau","5170","Résidus","S2734","Viande de Volailles","2018","2018","1000 t","0","I","Valeur imputée par une agence réceptrice",""
"FBS","Bilans Alimentaires (2010-)","GNB","Guinée-Bissau","5142","Nourriture","S2734","Viande de Volailles","2018","2018","1000 t","6","I","Valeur imputée par une agence réceptrice",""
"FBS","Bilans Alimentaires (2010-)","GNB","Guinée-Bissau","645","Disponibilité alimentaire en quantité (kg/personne/an)","S2734","Viande de Volailles","2018","2018","kg/personne","3.23","E","Valeur estimée",""
"FBS","Bilans Alimentaires (2010-)","GNB","Guinée-Bissau","664","Disponibilité alimentaire (Kcal/personne/jour)","S2734","Viande de Volailles","2018","2018","kcal/personne/jour","12.17","E","Valeur estimée",""
"FBS","Bilans Alimentaires (2010-)","GNB","Guinée-Bissau","661","Disponibilité alimentaire (Kcal)","S2734","Viande de Volailles","2018","2018","millions de kcal","8541.29","I","Valeur imputée par une agence réceptrice",""
"FBS","Bilans Alimentaires (2010-)","GNB","Guinée-Bissau","674","Disponibilité de protéines en quantité (g/personne/jour)","S2734","Viande de Volailles","2018","2018","g/personne/jour","1.46","E","Valeur estimée",""
"FBS","Bilans Alimentaires (2010-)","GNB","Guinée-Bissau","671","Disponibilité de protéines en quantité (t)","S2734","Viande de Volailles","2018","2018","tonnes","1023.24","I","Valeur imputée par une agence réceptrice",""
"FBS","Bilans Alimentaires (2010-)","GNB","Guinée-Bissau","684","Disponibilité de matière grasse en quantité (g/personne/jour)","S2734","Viande de Volailles","2018","2018","g/personne/jour","0.7","E","Valeur estimée",""
"FBS","Bilans Alimentaires (2010-)","GNB","Guinée-Bissau","681","Disponibilité de matière grasse en quantité (t)","S2734","Viande de Volailles","2018","2018","tonnes","493.44","I","Valeur imputée par une agence réceptrice",""
"FBS","Bilans Alimentaires (2010-)","GUY","Guyana","5511","Production","S2734","Viande de Volailles","2018","2018","1000 t","42","I","Valeur imputée par une agence réceptrice",""
"FBS","Bilans Alimentaires (2010-)","GUY","Guyana","5611","Importations - quantité","S2734","Viande de Volailles","2018","2018","1000 t","1","I","Valeur imputée par une agence réceptrice",""
"FBS","Bilans Alimentaires (2010-)","GUY","Guyana","5072","Variation de stock","S2734","Viande de Volailles","2018","2018","1000 t","0","I","Valeur imputée par une agence réceptrice",""
"FBS","Bilans Alimentaires (2010-)","GUY","Guyana","5911","Exportations - quantité","S2734","Viande de Volailles","2018","2018","1000 t","0","I","Valeur imputée par une agence réceptrice",""
"FBS","Bilans Alimentaires (2010-)","GUY","Guyana","5301","Disponibilité intérieure","S2734","Viande de Volailles","2018","2018","1000 t","42","I","Valeur imputée par une agence réceptrice",""
"FBS","Bilans Alimentaires (2010-)","GUY","Guyana","5123","Pertes","S2734","Viande de Volailles","2018","2018","1000 t","0","I","Valeur imputée par une agence réceptrice",""
"FBS","Bilans Alimentaires (2010-)","GUY","Guyana","5170","Résidus","S2734","Viande de Volailles","2018","2018","1000 t","0","I","Valeur imputée par une agence réceptrice",""
"FBS","Bilans Alimentaires (2010-)","GUY","Guyana","5142","Nourriture","S2734","Viande de Volailles","2018","2018","1000 t","42","I","Valeur imputée par une agence réceptrice",""
"FBS","Bilans Alimentaires (2010-)","GUY","Guyana","645","Disponibilité alimentaire en quantité (kg/personne/an)","S2734","Viande de Volailles","2018","2018","kg/personne","53.69","E","Valeur estimée",""
"FBS","Bilans Alimentaires (2010-)","GUY","Guyana","664","Disponibilité alimentaire (Kcal/personne/jour)","S2734","Viande de Volailles","2018","2018","kcal/personne/jour","203.03","E","Valeur estimée",""
"FBS","Bilans Alimentaires (2010-)","GUY","Guyana","661","Disponibilité alimentaire (Kcal)","S2734","Viande de Volailles","2018","2018","millions de kcal","58659.13","I","Valeur imputée par une agence réceptrice",""
"FBS","Bilans Alimentaires (2010-)","GUY","Guyana","674","Disponibilité de protéines en quantité (g/personne/jour)","S2734","Viande de Volailles","2018","2018","g/personne/jour","24.25","E","Valeur estimée",""
"FBS","Bilans Alimentaires (2010-)","GUY","Guyana","671","Disponibilité de protéines en quantité (t)","S2734","Viande de Volailles","2018","2018","tonnes","7006.86","I","Valeur imputée par une agence réceptrice",""
"FBS","Bilans Alimentaires (2010-)","GUY","Guyana","684","Disponibilité de matière grasse en quantité (g/personne/jour)","S2734","Viande de Volailles","2018","2018","g/personne/jour","11.75","E","Valeur estimée",""
"FBS","Bilans Alimentaires (2010-)","GUY","Guyana","681","Disponibilité de matière grasse en quantité (t)","S2734","Viande de Volailles","2018","2018","tonnes","3395.03","I","Valeur imputée par une agence réceptrice",""
"FBS","Bilans Alimentaires (2010-)","HTI","Haïti","5511","Production","S2734","Viande de Volailles","2018","2018","1000 t","9","I","Valeur imputée par une agence réceptrice",""
"FBS","Bilans Alimentaires (2010-)","HTI","Haïti","5611","Importations - quantité","S2734","Viande de Volailles","2018","2018","1000 t","103","I","Valeur imputée par une agence réceptrice",""
"FBS","Bilans Alimentaires (2010-)","HTI","Haïti","5072","Variation de stock","S2734","Viande de Volailles","2018","2018","1000 t","0","I","Valeur imputée par une agence réceptrice",""
"FBS","Bilans Alimentaires (2010-)","HTI","Haïti","5301","Disponibilité intérieure","S2734","Viande de Volailles","2018","2018","1000 t","112","I","Valeur imputée par une agence réceptrice",""
"FBS","Bilans Alimentaires (2010-)","HTI","Haïti","5170","Résidus","S2734","Viande de Volailles","2018","2018","1000 t","0","I","Valeur imputée par une agence réceptrice",""
"FBS","Bilans Alimentaires (2010-)","HTI","Haïti","5142","Nourriture","S2734","Viande de Volailles","2018","2018","1000 t","112","I","Valeur imputée par une agence réceptrice",""
"FBS","Bilans Alimentaires (2010-)","HTI","Haïti","645","Disponibilité alimentaire en quantité (kg/personne/an)","S2734","Viande de Volailles","2018","2018","kg/personne","10.24","E","Valeur estimée",""
"FBS","Bilans Alimentaires (2010-)","HTI","Haïti","664","Disponibilité alimentaire (Kcal/personne/jour)","S2734","Viande de Volailles","2018","2018","kcal/personne/jour","38.33","E","Valeur estimée",""
"FBS","Bilans Alimentaires (2010-)","HTI","Haïti","661","Disponibilité alimentaire (Kcal)","S2734","Viande de Volailles","2018","2018","millions de kcal","153360.66","I","Valeur imputée par une agence réceptrice",""
"FBS","Bilans Alimentaires (2010-)","HTI","Haïti","674","Disponibilité de protéines en quantité (g/personne/jour)","S2734","Viande de Volailles","2018","2018","g/personne/jour","4.66","E","Valeur estimée",""
"FBS","Bilans Alimentaires (2010-)","HTI","Haïti","671","Disponibilité de protéines en quantité (t)","S2734","Viande de Volailles","2018","2018","tonnes","18644.07","I","Valeur imputée par une agence réceptrice",""
"FBS","Bilans Alimentaires (2010-)","HTI","Haïti","684","Disponibilité de matière grasse en quantité (g/personne/jour)","S2734","Viande de Volailles","2018","2018","g/personne/jour","2.18","E","Valeur estimée",""
"FBS","Bilans Alimentaires (2010-)","HTI","Haïti","681","Disponibilité de matière grasse en quantité (t)","S2734","Viande de Volailles","2018","2018","tonnes","8731","I","Valeur imputée par une agence réceptrice",""
"FBS","Bilans Alimentaires (2010-)","HND","Honduras","5511","Production","S2734","Viande de Volailles","2018","2018","1000 t","206","I","Valeur imputée par une agence réceptrice",""
"FBS","Bilans Alimentaires (2010-)","HND","Honduras","5611","Importations - quantité","S2734","Viande de Volailles","2018","2018","1000 t","15","I","Valeur imputée par une agence réceptrice",""
"FBS","Bilans Alimentaires (2010-)","HND","Honduras","5072","Variation de stock","S2734","Viande de Volailles","2018","2018","1000 t","0","I","Valeur imputée par une agence réceptrice",""
"FBS","Bilans Alimentaires (2010-)","HND","Honduras","5911","Exportations - quantité","S2734","Viande de Volailles","2018","2018","1000 t","0","I","Valeur imputée par une agence réceptrice",""
"FBS","Bilans Alimentaires (2010-)","HND","Honduras","5301","Disponibilité intérieure","S2734","Viande de Volailles","2018","2018","1000 t","221","I","Valeur imputée par une agence réceptrice",""
"FBS","Bilans Alimentaires (2010-)","HND","Honduras","5171","Alimentation pour touristes","S2734","Viande de Volailles","2018","2018","1000 t","0","I","Valeur imputée par une agence réceptrice",""
"FBS","Bilans Alimentaires (2010-)","HND","Honduras","5170","Résidus","S2734","Viande de Volailles","2018","2018","1000 t","0","I","Valeur imputée par une agence réceptrice",""
"FBS","Bilans Alimentaires (2010-)","HND","Honduras","5142","Nourriture","S2734","Viande de Volailles","2018","2018","1000 t","221","I","Valeur imputée par une agence réceptrice",""
"FBS","Bilans Alimentaires (2010-)","HND","Honduras","645","Disponibilité alimentaire en quantité (kg/personne/an)","S2734","Viande de Volailles","2018","2018","kg/personne","22.62","E","Valeur estimée",""
"FBS","Bilans Alimentaires (2010-)","HND","Honduras","664","Disponibilité alimentaire (Kcal/personne/jour)","S2734","Viande de Volailles","2018","2018","kcal/personne/jour","85.65","E","Valeur estimée",""
"FBS","Bilans Alimentaires (2010-)","HND","Honduras","661","Disponibilité alimentaire (Kcal)","S2734","Viande de Volailles","2018","2018","millions de kcal","305271.05","I","Valeur imputée par une agence réceptrice",""
"FBS","Bilans Alimentaires (2010-)","HND","Honduras","674","Disponibilité de protéines en quantité (g/personne/jour)","S2734","Viande de Volailles","2018","2018","g/personne/jour","10.23","E","Valeur estimée",""
"FBS","Bilans Alimentaires (2010-)","HND","Honduras","671","Disponibilité de protéines en quantité (t)","S2734","Viande de Volailles","2018","2018","tonnes","36466.04","I","Valeur imputée par une agence réceptrice",""
"FBS","Bilans Alimentaires (2010-)","HND","Honduras","684","Disponibilité de matière grasse en quantité (g/personne/jour)","S2734","Viande de Volailles","2018","2018","g/personne/jour","4.95","E","Valeur estimée",""
"FBS","Bilans Alimentaires (2010-)","HND","Honduras","681","Disponibilité de matière grasse en quantité (t)","S2734","Viande de Volailles","2018","2018","tonnes","17656.09","I","Valeur imputée par une agence réceptrice",""
"FBS","Bilans Alimentaires (2010-)","HUN","Hongrie","5511","Production","S2734","Viande de Volailles","2018","2018","1000 t","524","I","Valeur imputée par une agence réceptrice",""
"FBS","Bilans Alimentaires (2010-)","HUN","Hongrie","5611","Importations - quantité","S2734","Viande de Volailles","2018","2018","1000 t","61","I","Valeur imputée par une agence réceptrice",""
"FBS","Bilans Alimentaires (2010-)","HUN","Hongrie","5072","Variation de stock","S2734","Viande de Volailles","2018","2018","1000 t","46","I","Valeur imputée par une agence réceptrice",""
"FBS","Bilans Alimentaires (2010-)","HUN","Hongrie","5911","Exportations - quantité","S2734","Viande de Volailles","2018","2018","1000 t","232","I","Valeur imputée par une agence réceptrice",""
"FBS","Bilans Alimentaires (2010-)","HUN","Hongrie","5301","Disponibilité intérieure","S2734","Viande de Volailles","2018","2018","1000 t","308","I","Valeur imputée par une agence réceptrice",""
"FBS","Bilans Alimentaires (2010-)","HUN","Hongrie","5123","Pertes","S2734","Viande de Volailles","2018","2018","1000 t","16","I","Valeur imputée par une agence réceptrice",""
"FBS","Bilans Alimentaires (2010-)","HUN","Hongrie","5131","Traitement","S2734","Viande de Volailles","2018","2018","1000 t","33","I","Valeur imputée par une agence réceptrice",""
"FBS","Bilans Alimentaires (2010-)","HUN","Hongrie","5170","Résidus","S2734","Viande de Volailles","2018","2018","1000 t","0","I","Valeur imputée par une agence réceptrice",""
"FBS","Bilans Alimentaires (2010-)","HUN","Hongrie","5142","Nourriture","S2734","Viande de Volailles","2018","2018","1000 t","259","I","Valeur imputée par une agence réceptrice",""
"FBS","Bilans Alimentaires (2010-)","HUN","Hongrie","645","Disponibilité alimentaire en quantité (kg/personne/an)","S2734","Viande de Volailles","2018","2018","kg/personne","26.51","E","Valeur estimée",""
"FBS","Bilans Alimentaires (2010-)","HUN","Hongrie","664","Disponibilité alimentaire (Kcal/personne/jour)","S2734","Viande de Volailles","2018","2018","kcal/personne/jour","105.98","E","Valeur estimée",""
"FBS","Bilans Alimentaires (2010-)","HUN","Hongrie","661","Disponibilité alimentaire (Kcal)","S2734","Viande de Volailles","2018","2018","millions de kcal","378086.35","I","Valeur imputée par une agence réceptrice",""
"FBS","Bilans Alimentaires (2010-)","HUN","Hongrie","674","Disponibilité de protéines en quantité (g/personne/jour)","S2734","Viande de Volailles","2018","2018","g/personne/jour","12.12","E","Valeur estimée",""
"FBS","Bilans Alimentaires (2010-)","HUN","Hongrie","671","Disponibilité de protéines en quantité (t)","S2734","Viande de Volailles","2018","2018","tonnes","43248.4","I","Valeur imputée par une agence réceptrice",""
"FBS","Bilans Alimentaires (2010-)","HUN","Hongrie","684","Disponibilité de matière grasse en quantité (g/personne/jour)","S2734","Viande de Volailles","2018","2018","g/personne/jour","6.34","E","Valeur estimée",""
"FBS","Bilans Alimentaires (2010-)","HUN","Hongrie","681","Disponibilité de matière grasse en quantité (t)","S2734","Viande de Volailles","2018","2018","tonnes","22624.59","I","Valeur imputée par une agence réceptrice",""
"FBS","Bilans Alimentaires (2010-)","SLB","Îles Salomon","5511","Production","S2734","Viande de Volailles","2018","2018","1000 t","0","I","Valeur imputée par une agence réceptrice",""
"FBS","Bilans Alimentaires (2010-)","SLB","Îles Salomon","5611","Importations - quantité","S2734","Viande de Volailles","2018","2018","1000 t","5","I","Valeur imputée par une agence réceptrice",""
"FBS","Bilans Alimentaires (2010-)","SLB","Îles Salomon","5072","Variation de stock","S2734","Viande de Volailles","2018","2018","1000 t","0","I","Valeur imputée par une agence réceptrice",""
"FBS","Bilans Alimentaires (2010-)","SLB","Îles Salomon","5911","Exportations - quantité","S2734","Viande de Volailles","2018","2018","1000 t","0","I","Valeur imputée par une agence réceptrice",""
"FBS","Bilans Alimentaires (2010-)","SLB","Îles Salomon","5301","Disponibilité intérieure","S2734","Viande de Volailles","2018","2018","1000 t","5","I","Valeur imputée par une agence réceptrice",""
"FBS","Bilans Alimentaires (2010-)","SLB","Îles Salomon","5171","Alimentation pour touristes","S2734","Viande de Volailles","2018","2018","1000 t","0","I","Valeur imputée par une agence réceptrice",""
"FBS","Bilans Alimentaires (2010-)","SLB","Îles Salomon","5170","Résidus","S2734","Viande de Volailles","2018","2018","1000 t","0","I","Valeur imputée par une agence réceptrice",""
"FBS","Bilans Alimentaires (2010-)","SLB","Îles Salomon","5142","Nourriture","S2734","Viande de Volailles","2018","2018","1000 t","5","I","Valeur imputée par une agence réceptrice",""
"FBS","Bilans Alimentaires (2010-)","SLB","Îles Salomon","645","Disponibilité alimentaire en quantité (kg/personne/an)","S2734","Viande de Volailles","2018","2018","kg/personne","6.86","E","Valeur estimée",""
"FBS","Bilans Alimentaires (2010-)","SLB","Îles Salomon","664","Disponibilité alimentaire (Kcal/personne/jour)","S2734","Viande de Volailles","2018","2018","kcal/personne/jour","29.48","E","Valeur estimée",""
"FBS","Bilans Alimentaires (2010-)","SLB","Îles Salomon","661","Disponibilité alimentaire (Kcal)","S2734","Viande de Volailles","2018","2018","millions de kcal","7629.04","I","Valeur imputée par une agence réceptrice",""
"FBS","Bilans Alimentaires (2010-)","SLB","Îles Salomon","674","Disponibilité de protéines en quantité (g/personne/jour)","S2734","Viande de Volailles","2018","2018","g/personne/jour","3.07","E","Valeur estimée",""
"FBS","Bilans Alimentaires (2010-)","SLB","Îles Salomon","671","Disponibilité de protéines en quantité (t)","S2734","Viande de Volailles","2018","2018","tonnes","795.78","I","Valeur imputée par une agence réceptrice",""
"FBS","Bilans Alimentaires (2010-)","SLB","Îles Salomon","684","Disponibilité de matière grasse en quantité (g/personne/jour)","S2734","Viande de Volailles","2018","2018","g/personne/jour","1.91","E","Valeur estimée",""
"FBS","Bilans Alimentaires (2010-)","SLB","Îles Salomon","681","Disponibilité de matière grasse en quantité (t)","S2734","Viande de Volailles","2018","2018","tonnes","493.4","I","Valeur imputée par une agence réceptrice",""
"FBS","Bilans Alimentaires (2010-)","IND","Inde","5511","Production","S2734","Viande de Volailles","2018","2018","1000 t","4101","I","Valeur imputée par une agence réceptrice",""
"FBS","Bilans Alimentaires (2010-)","IND","Inde","5611","Importations - quantité","S2734","Viande de Volailles","2018","2018","1000 t","0","I","Valeur imputée par une agence réceptrice",""
"FBS","Bilans Alimentaires (2010-)","IND","Inde","5072","Variation de stock","S2734","Viande de Volailles","2018","2018","1000 t","0","I","Valeur imputée par une agence réceptrice",""
"FBS","Bilans Alimentaires (2010-)","IND","Inde","5911","Exportations - quantité","S2734","Viande de Volailles","2018","2018","1000 t","7","I","Valeur imputée par une agence réceptrice",""
"FBS","Bilans Alimentaires (2010-)","IND","Inde","5301","Disponibilité intérieure","S2734","Viande de Volailles","2018","2018","1000 t","4094","I","Valeur imputée par une agence réceptrice",""
"FBS","Bilans Alimentaires (2010-)","IND","Inde","5170","Résidus","S2734","Viande de Volailles","2018","2018","1000 t","0","I","Valeur imputée par une agence réceptrice",""
"FBS","Bilans Alimentaires (2010-)","IND","Inde","5142","Nourriture","S2734","Viande de Volailles","2018","2018","1000 t","4094","I","Valeur imputée par une agence réceptrice",""
"FBS","Bilans Alimentaires (2010-)","IND","Inde","645","Disponibilité alimentaire en quantité (kg/personne/an)","S2734","Viande de Volailles","2018","2018","kg/personne","2.98","E","Valeur estimée",""
"FBS","Bilans Alimentaires (2010-)","IND","Inde","664","Disponibilité alimentaire (Kcal/personne/jour)","S2734","Viande de Volailles","2018","2018","kcal/personne/jour","11.27","E","Valeur estimée",""
"FBS","Bilans Alimentaires (2010-)","IND","Inde","661","Disponibilité alimentaire (Kcal)","S2734","Viande de Volailles","2018","2018","millions de kcal","5656301.12","I","Valeur imputée par une agence réceptrice",""
"FBS","Bilans Alimentaires (2010-)","IND","Inde","674","Disponibilité de protéines en quantité (g/personne/jour)","S2734","Viande de Volailles","2018","2018","g/personne/jour","1.34","E","Valeur estimée",""
"FBS","Bilans Alimentaires (2010-)","IND","Inde","671","Disponibilité de protéines en quantité (t)","S2734","Viande de Volailles","2018","2018","tonnes","673562.85","I","Valeur imputée par une agence réceptrice",""
"FBS","Bilans Alimentaires (2010-)","IND","Inde","684","Disponibilité de matière grasse en quantité (g/personne/jour)","S2734","Viande de Volailles","2018","2018","g/personne/jour","0.66","E","Valeur estimée",""
"FBS","Bilans Alimentaires (2010-)","IND","Inde","681","Disponibilité de matière grasse en quantité (t)","S2734","Viande de Volailles","2018","2018","tonnes","328741.86","I","Valeur imputée par une agence réceptrice",""
"FBS","Bilans Alimentaires (2010-)","IDN","Indonésie","5511","Production","S2734","Viande de Volailles","2018","2018","1000 t","3454","I","Valeur imputée par une agence réceptrice",""
"FBS","Bilans Alimentaires (2010-)","IDN","Indonésie","5611","Importations - quantité","S2734","Viande de Volailles","2018","2018","1000 t","0","I","Valeur imputée par une agence réceptrice",""
"FBS","Bilans Alimentaires (2010-)","IDN","Indonésie","5072","Variation de stock","S2734","Viande de Volailles","2018","2018","1000 t","1339","I","Valeur imputée par une agence réceptrice",""
"FBS","Bilans Alimentaires (2010-)","IDN","Indonésie","5911","Exportations - quantité","S2734","Viande de Volailles","2018","2018","1000 t","0","I","Valeur imputée par une agence réceptrice",""
"FBS","Bilans Alimentaires (2010-)","IDN","Indonésie","5301","Disponibilité intérieure","S2734","Viande de Volailles","2018","2018","1000 t","2115","I","Valeur imputée par une agence réceptrice",""
"FBS","Bilans Alimentaires (2010-)","IDN","Indonésie","5171","Alimentation pour touristes","S2734","Viande de Volailles","2018","2018","1000 t","0","I","Valeur imputée par une agence réceptrice",""
"FBS","Bilans Alimentaires (2010-)","IDN","Indonésie","5170","Résidus","S2734","Viande de Volailles","2018","2018","1000 t","0","I","Valeur imputée par une agence réceptrice",""
"FBS","Bilans Alimentaires (2010-)","IDN","Indonésie","5142","Nourriture","S2734","Viande de Volailles","2018","2018","1000 t","2115","I","Valeur imputée par une agence réceptrice",""
"FBS","Bilans Alimentaires (2010-)","IDN","Indonésie","645","Disponibilité alimentaire en quantité (kg/personne/an)","S2734","Viande de Volailles","2018","2018","kg/personne","7.83","E","Valeur estimée",""
"FBS","Bilans Alimentaires (2010-)","IDN","Indonésie","664","Disponibilité alimentaire (Kcal/personne/jour)","S2734","Viande de Volailles","2018","2018","kcal/personne/jour","29.73","E","Valeur estimée",""
"FBS","Bilans Alimentaires (2010-)","IDN","Indonésie","661","Disponibilité alimentaire (Kcal)","S2734","Viande de Volailles","2018","2018","millions de kcal","2929353.61","I","Valeur imputée par une agence réceptrice",""
"FBS","Bilans Alimentaires (2010-)","IDN","Indonésie","674","Disponibilité de protéines en quantité (g/personne/jour)","S2734","Viande de Volailles","2018","2018","g/personne/jour","3.53","E","Valeur estimée",""
"FBS","Bilans Alimentaires (2010-)","IDN","Indonésie","671","Disponibilité de protéines en quantité (t)","S2734","Viande de Volailles","2018","2018","tonnes","347644.04","I","Valeur imputée par une agence réceptrice",""
"FBS","Bilans Alimentaires (2010-)","IDN","Indonésie","684","Disponibilité de matière grasse en quantité (g/personne/jour)","S2734","Viande de Volailles","2018","2018","g/personne/jour","1.73","E","Valeur estimée",""
"FBS","Bilans Alimentaires (2010-)","IDN","Indonésie","681","Disponibilité de matière grasse en quantité (t)","S2734","Viande de Volailles","2018","2018","tonnes","170785.19","I","Valeur imputée par une agence réceptrice",""
"FBS","Bilans Alimentaires (2010-)","IRN","Iran (République islamique d')","5511","Production","S2734","Viande de Volailles","2018","2018","1000 t","2243","I","Valeur imputée par une agence réceptrice",""
"FBS","Bilans Alimentaires (2010-)","IRN","Iran (République islamique d')","5611","Importations - quantité","S2734","Viande de Volailles","2018","2018","1000 t","3","I","Valeur imputée par une agence réceptrice",""
"FBS","Bilans Alimentaires (2010-)","IRN","Iran (République islamique d')","5072","Variation de stock","S2734","Viande de Volailles","2018","2018","1000 t","0","I","Valeur imputée par une agence réceptrice",""
"FBS","Bilans Alimentaires (2010-)","IRN","Iran (République islamique d')","5911","Exportations - quantité","S2734","Viande de Volailles","2018","2018","1000 t","52","I","Valeur imputée par une agence réceptrice",""
"FBS","Bilans Alimentaires (2010-)","IRN","Iran (République islamique d')","5301","Disponibilité intérieure","S2734","Viande de Volailles","2018","2018","1000 t","2194","I","Valeur imputée par une agence réceptrice",""
"FBS","Bilans Alimentaires (2010-)","IRN","Iran (République islamique d')","5170","Résidus","S2734","Viande de Volailles","2018","2018","1000 t","0","I","Valeur imputée par une agence réceptrice",""
"FBS","Bilans Alimentaires (2010-)","IRN","Iran (République islamique d')","5142","Nourriture","S2734","Viande de Volailles","2018","2018","1000 t","2194","I","Valeur imputée par une agence réceptrice",""
"FBS","Bilans Alimentaires (2010-)","IRN","Iran (République islamique d')","645","Disponibilité alimentaire en quantité (kg/personne/an)","S2734","Viande de Volailles","2018","2018","kg/personne","25.48","E","Valeur estimée",""
"FBS","Bilans Alimentaires (2010-)","IRN","Iran (République islamique d')","664","Disponibilité alimentaire (Kcal/personne/jour)","S2734","Viande de Volailles","2018","2018","kcal/personne/jour","96.27","E","Valeur estimée",""
"FBS","Bilans Alimentaires (2010-)","IRN","Iran (République islamique d')","661","Disponibilité alimentaire (Kcal)","S2734","Viande de Volailles","2018","2018","millions de kcal","3026060.14","I","Valeur imputée par une agence réceptrice",""
"FBS","Bilans Alimentaires (2010-)","IRN","Iran (République islamique d')","674","Disponibilité de protéines en quantité (g/personne/jour)","S2734","Viande de Volailles","2018","2018","g/personne/jour","11.5","E","Valeur estimée",""
"FBS","Bilans Alimentaires (2010-)","IRN","Iran (République islamique d')","671","Disponibilité de protéines en quantité (t)","S2734","Viande de Volailles","2018","2018","tonnes","361323.63","I","Valeur imputée par une agence réceptrice",""
"FBS","Bilans Alimentaires (2010-)","IRN","Iran (République islamique d')","684","Disponibilité de matière grasse en quantité (g/personne/jour)","S2734","Viande de Volailles","2018","2018","g/personne/jour","5.58","E","Valeur estimée",""
"FBS","Bilans Alimentaires (2010-)","IRN","Iran (République islamique d')","681","Disponibilité de matière grasse en quantité (t)","S2734","Viande de Volailles","2018","2018","tonnes","175433.84","I","Valeur imputée par une agence réceptrice",""
"FBS","Bilans Alimentaires (2010-)","IRQ","Iraq","5511","Production","S2734","Viande de Volailles","2018","2018","1000 t","109","I","Valeur imputée par une agence réceptrice",""
"FBS","Bilans Alimentaires (2010-)","IRQ","Iraq","5611","Importations - quantité","S2734","Viande de Volailles","2018","2018","1000 t","466","I","Valeur imputée par une agence réceptrice",""
"FBS","Bilans Alimentaires (2010-)","IRQ","Iraq","5072","Variation de stock","S2734","Viande de Volailles","2018","2018","1000 t","0","I","Valeur imputée par une agence réceptrice",""
"FBS","Bilans Alimentaires (2010-)","IRQ","Iraq","5911","Exportations - quantité","S2734","Viande de Volailles","2018","2018","1000 t","1","I","Valeur imputée par une agence réceptrice",""
"FBS","Bilans Alimentaires (2010-)","IRQ","Iraq","5301","Disponibilité intérieure","S2734","Viande de Volailles","2018","2018","1000 t","574","I","Valeur imputée par une agence réceptrice",""
"FBS","Bilans Alimentaires (2010-)","IRQ","Iraq","5170","Résidus","S2734","Viande de Volailles","2018","2018","1000 t","0","I","Valeur imputée par une agence réceptrice",""
"FBS","Bilans Alimentaires (2010-)","IRQ","Iraq","5142","Nourriture","S2734","Viande de Volailles","2018","2018","1000 t","574","I","Valeur imputée par une agence réceptrice",""
"FBS","Bilans Alimentaires (2010-)","IRQ","Iraq","645","Disponibilité alimentaire en quantité (kg/personne/an)","S2734","Viande de Volailles","2018","2018","kg/personne","16.61","E","Valeur estimée",""
"FBS","Bilans Alimentaires (2010-)","IRQ","Iraq","664","Disponibilité alimentaire (Kcal/personne/jour)","S2734","Viande de Volailles","2018","2018","kcal/personne/jour","62.95","E","Valeur estimée",""
"FBS","Bilans Alimentaires (2010-)","IRQ","Iraq","661","Disponibilité alimentaire (Kcal)","S2734","Viande de Volailles","2018","2018","millions de kcal","793489.7","I","Valeur imputée par une agence réceptrice",""
"FBS","Bilans Alimentaires (2010-)","IRQ","Iraq","674","Disponibilité de protéines en quantité (g/personne/jour)","S2734","Viande de Volailles","2018","2018","g/personne/jour","7.51","E","Valeur estimée",""
"FBS","Bilans Alimentaires (2010-)","IRQ","Iraq","671","Disponibilité de protéines en quantité (t)","S2734","Viande de Volailles","2018","2018","tonnes","94700.64","I","Valeur imputée par une agence réceptrice",""
"FBS","Bilans Alimentaires (2010-)","IRQ","Iraq","684","Disponibilité de matière grasse en quantité (g/personne/jour)","S2734","Viande de Volailles","2018","2018","g/personne/jour","3.64","E","Valeur estimée",""
"FBS","Bilans Alimentaires (2010-)","IRQ","Iraq","681","Disponibilité de matière grasse en quantité (t)","S2734","Viande de Volailles","2018","2018","tonnes","45875.92","I","Valeur imputée par une agence réceptrice",""
"FBS","Bilans Alimentaires (2010-)","IRL","Irlande","5511","Production","S2734","Viande de Volailles","2018","2018","1000 t","150","I","Valeur imputée par une agence réceptrice",""
"FBS","Bilans Alimentaires (2010-)","IRL","Irlande","5611","Importations - quantité","S2734","Viande de Volailles","2018","2018","1000 t","105","I","Valeur imputée par une agence réceptrice",""
"FBS","Bilans Alimentaires (2010-)","IRL","Irlande","5072","Variation de stock","S2734","Viande de Volailles","2018","2018","1000 t","40","I","Valeur imputée par une agence réceptrice",""
"FBS","Bilans Alimentaires (2010-)","IRL","Irlande","5911","Exportations - quantité","S2734","Viande de Volailles","2018","2018","1000 t","90","I","Valeur imputée par une agence réceptrice",""
"FBS","Bilans Alimentaires (2010-)","IRL","Irlande","5301","Disponibilité intérieure","S2734","Viande de Volailles","2018","2018","1000 t","126","I","Valeur imputée par une agence réceptrice",""
"FBS","Bilans Alimentaires (2010-)","IRL","Irlande","5123","Pertes","S2734","Viande de Volailles","2018","2018","1000 t","0","I","Valeur imputée par une agence réceptrice",""
"FBS","Bilans Alimentaires (2010-)","IRL","Irlande","5131","Traitement","S2734","Viande de Volailles","2018","2018","1000 t","8","I","Valeur imputée par une agence réceptrice",""
"FBS","Bilans Alimentaires (2010-)","IRL","Irlande","5170","Résidus","S2734","Viande de Volailles","2018","2018","1000 t","0","I","Valeur imputée par une agence réceptrice",""
"FBS","Bilans Alimentaires (2010-)","IRL","Irlande","5142","Nourriture","S2734","Viande de Volailles","2018","2018","1000 t","118","I","Valeur imputée par une agence réceptrice",""
"FBS","Bilans Alimentaires (2010-)","IRL","Irlande","645","Disponibilité alimentaire en quantité (kg/personne/an)","S2734","Viande de Volailles","2018","2018","kg/personne","24.2","E","Valeur estimée",""
"FBS","Bilans Alimentaires (2010-)","IRL","Irlande","664","Disponibilité alimentaire (Kcal/personne/jour)","S2734","Viande de Volailles","2018","2018","kcal/personne/jour","106.57","E","Valeur estimée",""
"FBS","Bilans Alimentaires (2010-)","IRL","Irlande","661","Disponibilité alimentaire (Kcal)","S2734","Viande de Volailles","2018","2018","millions de kcal","189524.05","I","Valeur imputée par une agence réceptrice",""
"FBS","Bilans Alimentaires (2010-)","IRL","Irlande","674","Disponibilité de protéines en quantité (g/personne/jour)","S2734","Viande de Volailles","2018","2018","g/personne/jour","12.7","E","Valeur estimée",""
"FBS","Bilans Alimentaires (2010-)","IRL","Irlande","671","Disponibilité de protéines en quantité (t)","S2734","Viande de Volailles","2018","2018","tonnes","22585.03","I","Valeur imputée par une agence réceptrice",""
"FBS","Bilans Alimentaires (2010-)","IRL","Irlande","684","Disponibilité de matière grasse en quantité (g/personne/jour)","S2734","Viande de Volailles","2018","2018","g/personne/jour","6.05","E","Valeur estimée",""
"FBS","Bilans Alimentaires (2010-)","IRL","Irlande","681","Disponibilité de matière grasse en quantité (t)","S2734","Viande de Volailles","2018","2018","tonnes","10767.91","I","Valeur imputée par une agence réceptrice",""
"FBS","Bilans Alimentaires (2010-)","ISL","Islande","5511","Production","S2734","Viande de Volailles","2018","2018","1000 t","9","I","Valeur imputée par une agence réceptrice",""
"FBS","Bilans Alimentaires (2010-)","ISL","Islande","5611","Importations - quantité","S2734","Viande de Volailles","2018","2018","1000 t","2","I","Valeur imputée par une agence réceptrice",""
"FBS","Bilans Alimentaires (2010-)","ISL","Islande","5072","Variation de stock","S2734","Viande de Volailles","2018","2018","1000 t","1","I","Valeur imputée par une agence réceptrice",""
"FBS","Bilans Alimentaires (2010-)","ISL","Islande","5911","Exportations - quantité","S2734","Viande de Volailles","2018","2018","1000 t","0","I","Valeur imputée par une agence réceptrice",""
"FBS","Bilans Alimentaires (2010-)","ISL","Islande","5301","Disponibilité intérieure","S2734","Viande de Volailles","2018","2018","1000 t","10","I","Valeur imputée par une agence réceptrice",""
"FBS","Bilans Alimentaires (2010-)","ISL","Islande","5170","Résidus","S2734","Viande de Volailles","2018","2018","1000 t","0","I","Valeur imputée par une agence réceptrice",""
"FBS","Bilans Alimentaires (2010-)","ISL","Islande","5142","Nourriture","S2734","Viande de Volailles","2018","2018","1000 t","10","I","Valeur imputée par une agence réceptrice",""
"FBS","Bilans Alimentaires (2010-)","ISL","Islande","645","Disponibilité alimentaire en quantité (kg/personne/an)","S2734","Viande de Volailles","2018","2018","kg/personne","29.56","E","Valeur estimée",""
"FBS","Bilans Alimentaires (2010-)","ISL","Islande","664","Disponibilité alimentaire (Kcal/personne/jour)","S2734","Viande de Volailles","2018","2018","kcal/personne/jour","112.42","E","Valeur estimée",""
"FBS","Bilans Alimentaires (2010-)","ISL","Islande","661","Disponibilité alimentaire (Kcal)","S2734","Viande de Volailles","2018","2018","millions de kcal","14478.46","I","Valeur imputée par une agence réceptrice",""
"FBS","Bilans Alimentaires (2010-)","ISL","Islande","674","Disponibilité de protéines en quantité (g/personne/jour)","S2734","Viande de Volailles","2018","2018","g/personne/jour","13.4","E","Valeur estimée",""
"FBS","Bilans Alimentaires (2010-)","ISL","Islande","671","Disponibilité de protéines en quantité (t)","S2734","Viande de Volailles","2018","2018","tonnes","1726.28","I","Valeur imputée par une agence réceptrice",""
"FBS","Bilans Alimentaires (2010-)","ISL","Islande","684","Disponibilité de matière grasse en quantité (g/personne/jour)","S2734","Viande de Volailles","2018","2018","g/personne/jour","6.5","E","Valeur estimée",""
"FBS","Bilans Alimentaires (2010-)","ISL","Islande","681","Disponibilité de matière grasse en quantité (t)","S2734","Viande de Volailles","2018","2018","tonnes","836.68","I","Valeur imputée par une agence réceptrice",""
"FBS","Bilans Alimentaires (2010-)","ISR","Israël","5511","Production","S2734","Viande de Volailles","2018","2018","1000 t","656","I","Valeur imputée par une agence réceptrice",""
"FBS","Bilans Alimentaires (2010-)","ISR","Israël","5611","Importations - quantité","S2734","Viande de Volailles","2018","2018","1000 t","0","I","Valeur imputée par une agence réceptrice",""
"FBS","Bilans Alimentaires (2010-)","ISR","Israël","5072","Variation de stock","S2734","Viande de Volailles","2018","2018","1000 t","0","I","Valeur imputée par une agence réceptrice",""
"FBS","Bilans Alimentaires (2010-)","ISR","Israël","5911","Exportations - quantité","S2734","Viande de Volailles","2018","2018","1000 t","2","I","Valeur imputée par une agence réceptrice",""
"FBS","Bilans Alimentaires (2010-)","ISR","Israël","5301","Disponibilité intérieure","S2734","Viande de Volailles","2018","2018","1000 t","653","I","Valeur imputée par une agence réceptrice",""
"FBS","Bilans Alimentaires (2010-)","ISR","Israël","5131","Traitement","S2734","Viande de Volailles","2018","2018","1000 t","1","I","Valeur imputée par une agence réceptrice",""
"FBS","Bilans Alimentaires (2010-)","ISR","Israël","5154","Autres utilisations (non alimentaire)","S2734","Viande de Volailles","2018","2018","1000 t","0","I","Valeur imputée par une agence réceptrice",""
"FBS","Bilans Alimentaires (2010-)","ISR","Israël","5170","Résidus","S2734","Viande de Volailles","2018","2018","1000 t","0","I","Valeur imputée par une agence réceptrice",""
"FBS","Bilans Alimentaires (2010-)","ISR","Israël","5142","Nourriture","S2734","Viande de Volailles","2018","2018","1000 t","652","I","Valeur imputée par une agence réceptrice",""
"FBS","Bilans Alimentaires (2010-)","ISR","Israël","645","Disponibilité alimentaire en quantité (kg/personne/an)","S2734","Viande de Volailles","2018","2018","kg/personne","76.64","E","Valeur estimée",""
"FBS","Bilans Alimentaires (2010-)","ISR","Israël","664","Disponibilité alimentaire (Kcal/personne/jour)","S2734","Viande de Volailles","2018","2018","kcal/personne/jour","284.95","E","Valeur estimée",""
"FBS","Bilans Alimentaires (2010-)","ISR","Israël","661","Disponibilité alimentaire (Kcal)","S2734","Viande de Volailles","2018","2018","millions de kcal","885101.7","I","Valeur imputée par une agence réceptrice",""
"FBS","Bilans Alimentaires (2010-)","ISR","Israël","674","Disponibilité de protéines en quantité (g/personne/jour)","S2734","Viande de Volailles","2018","2018","g/personne/jour","35.35","E","Valeur estimée",""
"FBS","Bilans Alimentaires (2010-)","ISR","Israël","671","Disponibilité de protéines en quantité (t)","S2734","Viande de Volailles","2018","2018","tonnes","109800.66","I","Valeur imputée par une agence réceptrice",""
"FBS","Bilans Alimentaires (2010-)","ISR","Israël","684","Disponibilité de matière grasse en quantité (g/personne/jour)","S2734","Viande de Volailles","2018","2018","g/personne/jour","15.89","E","Valeur estimée",""
"FBS","Bilans Alimentaires (2010-)","ISR","Israël","681","Disponibilité de matière grasse en quantité (t)","S2734","Viande de Volailles","2018","2018","tonnes","49348.12","I","Valeur imputée par une agence réceptrice",""
"FBS","Bilans Alimentaires (2010-)","ITA","Italie","5511","Production","S2734","Viande de Volailles","2018","2018","1000 t","1277","I","Valeur imputée par une agence réceptrice",""
"FBS","Bilans Alimentaires (2010-)","ITA","Italie","5611","Importations - quantité","S2734","Viande de Volailles","2018","2018","1000 t","95","I","Valeur imputée par une agence réceptrice",""
"FBS","Bilans Alimentaires (2010-)","ITA","Italie","5072","Variation de stock","S2734","Viande de Volailles","2018","2018","1000 t","25","I","Valeur imputée par une agence réceptrice",""
"FBS","Bilans Alimentaires (2010-)","ITA","Italie","5911","Exportations - quantité","S2734","Viande de Volailles","2018","2018","1000 t","175","I","Valeur imputée par une agence réceptrice",""
"FBS","Bilans Alimentaires (2010-)","ITA","Italie","5301","Disponibilité intérieure","S2734","Viande de Volailles","2018","2018","1000 t","1171","I","Valeur imputée par une agence réceptrice",""
"FBS","Bilans Alimentaires (2010-)","ITA","Italie","5123","Pertes","S2734","Viande de Volailles","2018","2018","1000 t","0","I","Valeur imputée par une agence réceptrice",""
"FBS","Bilans Alimentaires (2010-)","ITA","Italie","5131","Traitement","S2734","Viande de Volailles","2018","2018","1000 t","23","I","Valeur imputée par une agence réceptrice",""
"FBS","Bilans Alimentaires (2010-)","ITA","Italie","5170","Résidus","S2734","Viande de Volailles","2018","2018","1000 t","0","I","Valeur imputée par une agence réceptrice",""
"FBS","Bilans Alimentaires (2010-)","ITA","Italie","5142","Nourriture","S2734","Viande de Volailles","2018","2018","1000 t","1149","I","Valeur imputée par une agence réceptrice",""
"FBS","Bilans Alimentaires (2010-)","ITA","Italie","645","Disponibilité alimentaire en quantité (kg/personne/an)","S2734","Viande de Volailles","2018","2018","kg/personne","19.06","E","Valeur estimée",""
"FBS","Bilans Alimentaires (2010-)","ITA","Italie","664","Disponibilité alimentaire (Kcal/personne/jour)","S2734","Viande de Volailles","2018","2018","kcal/personne/jour","69.36","E","Valeur estimée",""
"FBS","Bilans Alimentaires (2010-)","ITA","Italie","661","Disponibilité alimentaire (Kcal)","S2734","Viande de Volailles","2018","2018","millions de kcal","1525918.13","I","Valeur imputée par une agence réceptrice",""
"FBS","Bilans Alimentaires (2010-)","ITA","Italie","674","Disponibilité de protéines en quantité (g/personne/jour)","S2734","Viande de Volailles","2018","2018","g/personne/jour","8.84","E","Valeur estimée",""
"FBS","Bilans Alimentaires (2010-)","ITA","Italie","671","Disponibilité de protéines en quantité (t)","S2734","Viande de Volailles","2018","2018","tonnes","194449.3","I","Valeur imputée par une agence réceptrice",""
"FBS","Bilans Alimentaires (2010-)","ITA","Italie","684","Disponibilité de matière grasse en quantité (g/personne/jour)","S2734","Viande de Volailles","2018","2018","g/personne/jour","3.76","E","Valeur estimée",""
"FBS","Bilans Alimentaires (2010-)","ITA","Italie","681","Disponibilité de matière grasse en quantité (t)","S2734","Viande de Volailles","2018","2018","tonnes","82831.97","I","Valeur imputée par une agence réceptrice",""
"FBS","Bilans Alimentaires (2010-)","JAM","Jamaïque","5511","Production","S2734","Viande de Volailles","2018","2018","1000 t","132","I","Valeur imputée par une agence réceptrice",""
"FBS","Bilans Alimentaires (2010-)","JAM","Jamaïque","5611","Importations - quantité","S2734","Viande de Volailles","2018","2018","1000 t","34","I","Valeur imputée par une agence réceptrice",""
"FBS","Bilans Alimentaires (2010-)","JAM","Jamaïque","5072","Variation de stock","S2734","Viande de Volailles","2018","2018","1000 t","1","I","Valeur imputée par une agence réceptrice",""
"FBS","Bilans Alimentaires (2010-)","JAM","Jamaïque","5911","Exportations - quantité","S2734","Viande de Volailles","2018","2018","1000 t","1","I","Valeur imputée par une agence réceptrice",""
"FBS","Bilans Alimentaires (2010-)","JAM","Jamaïque","5301","Disponibilité intérieure","S2734","Viande de Volailles","2018","2018","1000 t","164","I","Valeur imputée par une agence réceptrice",""
"FBS","Bilans Alimentaires (2010-)","JAM","Jamaïque","5123","Pertes","S2734","Viande de Volailles","2018","2018","1000 t","0","I","Valeur imputée par une agence réceptrice",""
"FBS","Bilans Alimentaires (2010-)","JAM","Jamaïque","5171","Alimentation pour touristes","S2734","Viande de Volailles","2018","2018","1000 t","2","I","Valeur imputée par une agence réceptrice",""
"FBS","Bilans Alimentaires (2010-)","JAM","Jamaïque","5170","Résidus","S2734","Viande de Volailles","2018","2018","1000 t","0","I","Valeur imputée par une agence réceptrice",""
"FBS","Bilans Alimentaires (2010-)","JAM","Jamaïque","5142","Nourriture","S2734","Viande de Volailles","2018","2018","1000 t","162","I","Valeur imputée par une agence réceptrice",""
"FBS","Bilans Alimentaires (2010-)","JAM","Jamaïque","645","Disponibilité alimentaire en quantité (kg/personne/an)","S2734","Viande de Volailles","2018","2018","kg/personne","57.42","E","Valeur estimée",""
"FBS","Bilans Alimentaires (2010-)","JAM","Jamaïque","664","Disponibilité alimentaire (Kcal/personne/jour)","S2734","Viande de Volailles","2018","2018","kcal/personne/jour","216.65","E","Valeur estimée",""
"FBS","Bilans Alimentaires (2010-)","JAM","Jamaïque","661","Disponibilité alimentaire (Kcal)","S2734","Viande de Volailles","2018","2018","millions de kcal","223005.27","I","Valeur imputée par une agence réceptrice",""
"FBS","Bilans Alimentaires (2010-)","JAM","Jamaïque","674","Disponibilité de protéines en quantité (g/personne/jour)","S2734","Viande de Volailles","2018","2018","g/personne/jour","26.07","E","Valeur estimée",""
"FBS","Bilans Alimentaires (2010-)","JAM","Jamaïque","671","Disponibilité de protéines en quantité (t)","S2734","Viande de Volailles","2018","2018","tonnes","26839.07","I","Valeur imputée par une agence réceptrice",""
"FBS","Bilans Alimentaires (2010-)","JAM","Jamaïque","684","Disponibilité de matière grasse en quantité (g/personne/jour)","S2734","Viande de Volailles","2018","2018","g/personne/jour","12.43","E","Valeur estimée",""
"FBS","Bilans Alimentaires (2010-)","JAM","Jamaïque","681","Disponibilité de matière grasse en quantité (t)","S2734","Viande de Volailles","2018","2018","tonnes","12795.76","I","Valeur imputée par une agence réceptrice",""
"FBS","Bilans Alimentaires (2010-)","JOR","Jordanie","5511","Production","S2734","Viande de Volailles","2018","2018","1000 t","218","I","Valeur imputée par une agence réceptrice",""
"FBS","Bilans Alimentaires (2010-)","JOR","Jordanie","5611","Importations - quantité","S2734","Viande de Volailles","2018","2018","1000 t","64","I","Valeur imputée par une agence réceptrice",""
"FBS","Bilans Alimentaires (2010-)","JOR","Jordanie","5072","Variation de stock","S2734","Viande de Volailles","2018","2018","1000 t","0","I","Valeur imputée par une agence réceptrice",""
"FBS","Bilans Alimentaires (2010-)","JOR","Jordanie","5911","Exportations - quantité","S2734","Viande de Volailles","2018","2018","1000 t","13","I","Valeur imputée par une agence réceptrice",""
"FBS","Bilans Alimentaires (2010-)","JOR","Jordanie","5301","Disponibilité intérieure","S2734","Viande de Volailles","2018","2018","1000 t","268","I","Valeur imputée par une agence réceptrice",""
"FBS","Bilans Alimentaires (2010-)","JOR","Jordanie","5123","Pertes","S2734","Viande de Volailles","2018","2018","1000 t","0","I","Valeur imputée par une agence réceptrice",""
"FBS","Bilans Alimentaires (2010-)","JOR","Jordanie","5170","Résidus","S2734","Viande de Volailles","2018","2018","1000 t","0","I","Valeur imputée par une agence réceptrice",""
"FBS","Bilans Alimentaires (2010-)","JOR","Jordanie","5142","Nourriture","S2734","Viande de Volailles","2018","2018","1000 t","268","I","Valeur imputée par une agence réceptrice",""
"FBS","Bilans Alimentaires (2010-)","JOR","Jordanie","645","Disponibilité alimentaire en quantité (kg/personne/an)","S2734","Viande de Volailles","2018","2018","kg/personne","25.61","E","Valeur estimée",""
"FBS","Bilans Alimentaires (2010-)","JOR","Jordanie","664","Disponibilité alimentaire (Kcal/personne/jour)","S2734","Viande de Volailles","2018","2018","kcal/personne/jour","96.51","E","Valeur estimée",""
"FBS","Bilans Alimentaires (2010-)","JOR","Jordanie","661","Disponibilité alimentaire (Kcal)","S2734","Viande de Volailles","2018","2018","millions de kcal","368552.24","I","Valeur imputée par une agence réceptrice",""
"FBS","Bilans Alimentaires (2010-)","JOR","Jordanie","674","Disponibilité de protéines en quantité (g/personne/jour)","S2734","Viande de Volailles","2018","2018","g/personne/jour","11.57","E","Valeur estimée",""
"FBS","Bilans Alimentaires (2010-)","JOR","Jordanie","671","Disponibilité de protéines en quantité (t)","S2734","Viande de Volailles","2018","2018","tonnes","44193.82","I","Valeur imputée par une agence réceptrice",""
"FBS","Bilans Alimentaires (2010-)","JOR","Jordanie","684","Disponibilité de matière grasse en quantité (g/personne/jour)","S2734","Viande de Volailles","2018","2018","g/personne/jour","5.57","E","Valeur estimée",""
"FBS","Bilans Alimentaires (2010-)","JOR","Jordanie","681","Disponibilité de matière grasse en quantité (t)","S2734","Viande de Volailles","2018","2018","tonnes","21253.66","I","Valeur imputée par une agence réceptrice",""
"FBS","Bilans Alimentaires (2010-)","KAZ","Kazakhstan","5511","Production","S2734","Viande de Volailles","2018","2018","1000 t","183","I","Valeur imputée par une agence réceptrice",""
"FBS","Bilans Alimentaires (2010-)","KAZ","Kazakhstan","5611","Importations - quantité","S2734","Viande de Volailles","2018","2018","1000 t","195","I","Valeur imputée par une agence réceptrice",""
"FBS","Bilans Alimentaires (2010-)","KAZ","Kazakhstan","5072","Variation de stock","S2734","Viande de Volailles","2018","2018","1000 t","0","I","Valeur imputée par une agence réceptrice",""
"FBS","Bilans Alimentaires (2010-)","KAZ","Kazakhstan","5911","Exportations - quantité","S2734","Viande de Volailles","2018","2018","1000 t","9","I","Valeur imputée par une agence réceptrice",""
"FBS","Bilans Alimentaires (2010-)","KAZ","Kazakhstan","5301","Disponibilité intérieure","S2734","Viande de Volailles","2018","2018","1000 t","370","I","Valeur imputée par une agence réceptrice",""
"FBS","Bilans Alimentaires (2010-)","KAZ","Kazakhstan","5123","Pertes","S2734","Viande de Volailles","2018","2018","1000 t","0","I","Valeur imputée par une agence réceptrice",""
"FBS","Bilans Alimentaires (2010-)","KAZ","Kazakhstan","5170","Résidus","S2734","Viande de Volailles","2018","2018","1000 t","-2","I","Valeur imputée par une agence réceptrice",""
"FBS","Bilans Alimentaires (2010-)","KAZ","Kazakhstan","5142","Nourriture","S2734","Viande de Volailles","2018","2018","1000 t","372","I","Valeur imputée par une agence réceptrice",""
"FBS","Bilans Alimentaires (2010-)","KAZ","Kazakhstan","645","Disponibilité alimentaire en quantité (kg/personne/an)","S2734","Viande de Volailles","2018","2018","kg/personne","19.65","E","Valeur estimée",""
"FBS","Bilans Alimentaires (2010-)","KAZ","Kazakhstan","664","Disponibilité alimentaire (Kcal/personne/jour)","S2734","Viande de Volailles","2018","2018","kcal/personne/jour","74.42","E","Valeur estimée",""
"FBS","Bilans Alimentaires (2010-)","KAZ","Kazakhstan","661","Disponibilité alimentaire (Kcal)","S2734","Viande de Volailles","2018","2018","millions de kcal","514304.5","I","Valeur imputée par une agence réceptrice",""
"FBS","Bilans Alimentaires (2010-)","KAZ","Kazakhstan","674","Disponibilité de protéines en quantité (g/personne/jour)","S2734","Viande de Volailles","2018","2018","g/personne/jour","8.87","E","Valeur estimée",""
"FBS","Bilans Alimentaires (2010-)","KAZ","Kazakhstan","671","Disponibilité de protéines en quantité (t)","S2734","Viande de Volailles","2018","2018","tonnes","61280.43","I","Valeur imputée par une agence réceptrice",""
"FBS","Bilans Alimentaires (2010-)","KAZ","Kazakhstan","684","Disponibilité de matière grasse en quantité (g/personne/jour)","S2734","Viande de Volailles","2018","2018","g/personne/jour","4.32","E","Valeur estimée",""
"FBS","Bilans Alimentaires (2010-)","KAZ","Kazakhstan","681","Disponibilité de matière grasse en quantité (t)","S2734","Viande de Volailles","2018","2018","tonnes","29838.56","I","Valeur imputée par une agence réceptrice",""
"FBS","Bilans Alimentaires (2010-)","KEN","Kenya","5511","Production","S2734","Viande de Volailles","2018","2018","1000 t","132","I","Valeur imputée par une agence réceptrice",""
"FBS","Bilans Alimentaires (2010-)","KEN","Kenya","5611","Importations - quantité","S2734","Viande de Volailles","2018","2018","1000 t","1","I","Valeur imputée par une agence réceptrice",""
"FBS","Bilans Alimentaires (2010-)","KEN","Kenya","5072","Variation de stock","S2734","Viande de Volailles","2018","2018","1000 t","0","I","Valeur imputée par une agence réceptrice",""
"FBS","Bilans Alimentaires (2010-)","KEN","Kenya","5911","Exportations - quantité","S2734","Viande de Volailles","2018","2018","1000 t","0","I","Valeur imputée par une agence réceptrice",""
"FBS","Bilans Alimentaires (2010-)","KEN","Kenya","5301","Disponibilité intérieure","S2734","Viande de Volailles","2018","2018","1000 t","133","I","Valeur imputée par une agence réceptrice",""
"FBS","Bilans Alimentaires (2010-)","KEN","Kenya","5171","Alimentation pour touristes","S2734","Viande de Volailles","2018","2018","1000 t","0","I","Valeur imputée par une agence réceptrice",""
"FBS","Bilans Alimentaires (2010-)","KEN","Kenya","5170","Résidus","S2734","Viande de Volailles","2018","2018","1000 t","0","I","Valeur imputée par une agence réceptrice",""
"FBS","Bilans Alimentaires (2010-)","KEN","Kenya","5142","Nourriture","S2734","Viande de Volailles","2018","2018","1000 t","133","I","Valeur imputée par une agence réceptrice",""
"FBS","Bilans Alimentaires (2010-)","KEN","Kenya","645","Disponibilité alimentaire en quantité (kg/personne/an)","S2734","Viande de Volailles","2018","2018","kg/personne","2.64","E","Valeur estimée",""
"FBS","Bilans Alimentaires (2010-)","KEN","Kenya","664","Disponibilité alimentaire (Kcal/personne/jour)","S2734","Viande de Volailles","2018","2018","kcal/personne/jour","9.97","E","Valeur estimée",""
"FBS","Bilans Alimentaires (2010-)","KEN","Kenya","661","Disponibilité alimentaire (Kcal)","S2734","Viande de Volailles","2018","2018","millions de kcal","182627.98","I","Valeur imputée par une agence réceptrice",""
"FBS","Bilans Alimentaires (2010-)","KEN","Kenya","674","Disponibilité de protéines en quantité (g/personne/jour)","S2734","Viande de Volailles","2018","2018","g/personne/jour","1.19","E","Valeur estimée",""
"FBS","Bilans Alimentaires (2010-)","KEN","Kenya","671","Disponibilité de protéines en quantité (t)","S2734","Viande de Volailles","2018","2018","tonnes","21825.16","I","Valeur imputée par une agence réceptrice",""
"FBS","Bilans Alimentaires (2010-)","KEN","Kenya","684","Disponibilité de matière grasse en quantité (g/personne/jour)","S2734","Viande de Volailles","2018","2018","g/personne/jour","0.58","E","Valeur estimée",""
"FBS","Bilans Alimentaires (2010-)","KEN","Kenya","681","Disponibilité de matière grasse en quantité (t)","S2734","Viande de Volailles","2018","2018","tonnes","10578.44","I","Valeur imputée par une agence réceptrice",""
"FBS","Bilans Alimentaires (2010-)","KGZ","Kirghizistan","5511","Production","S2734","Viande de Volailles","2018","2018","1000 t","8","I","Valeur imputée par une agence réceptrice",""
"FBS","Bilans Alimentaires (2010-)","KGZ","Kirghizistan","5611","Importations - quantité","S2734","Viande de Volailles","2018","2018","1000 t","29","I","Valeur imputée par une agence réceptrice",""
"FBS","Bilans Alimentaires (2010-)","KGZ","Kirghizistan","5072","Variation de stock","S2734","Viande de Volailles","2018","2018","1000 t","0","I","Valeur imputée par une agence réceptrice",""
"FBS","Bilans Alimentaires (2010-)","KGZ","Kirghizistan","5911","Exportations - quantité","S2734","Viande de Volailles","2018","2018","1000 t","0","I","Valeur imputée par une agence réceptrice",""
"FBS","Bilans Alimentaires (2010-)","KGZ","Kirghizistan","5301","Disponibilité intérieure","S2734","Viande de Volailles","2018","2018","1000 t","37","I","Valeur imputée par une agence réceptrice",""
"FBS","Bilans Alimentaires (2010-)","KGZ","Kirghizistan","5123","Pertes","S2734","Viande de Volailles","2018","2018","1000 t","0","I","Valeur imputée par une agence réceptrice",""
"FBS","Bilans Alimentaires (2010-)","KGZ","Kirghizistan","5154","Autres utilisations (non alimentaire)","S2734","Viande de Volailles","2018","2018","1000 t","0","I","Valeur imputée par une agence réceptrice",""
"FBS","Bilans Alimentaires (2010-)","KGZ","Kirghizistan","5170","Résidus","S2734","Viande de Volailles","2018","2018","1000 t","0","I","Valeur imputée par une agence réceptrice",""
"FBS","Bilans Alimentaires (2010-)","KGZ","Kirghizistan","5142","Nourriture","S2734","Viande de Volailles","2018","2018","1000 t","37","I","Valeur imputée par une agence réceptrice",""
"FBS","Bilans Alimentaires (2010-)","KGZ","Kirghizistan","645","Disponibilité alimentaire en quantité (kg/personne/an)","S2734","Viande de Volailles","2018","2018","kg/personne","5.89","E","Valeur estimée",""
"FBS","Bilans Alimentaires (2010-)","KGZ","Kirghizistan","664","Disponibilité alimentaire (Kcal/personne/jour)","S2734","Viande de Volailles","2018","2018","kcal/personne/jour","22.57","E","Valeur estimée",""
"FBS","Bilans Alimentaires (2010-)","KGZ","Kirghizistan","661","Disponibilité alimentaire (Kcal)","S2734","Viande de Volailles","2018","2018","millions de kcal","52253.95","I","Valeur imputée par une agence réceptrice",""
"FBS","Bilans Alimentaires (2010-)","KGZ","Kirghizistan","674","Disponibilité de protéines en quantité (g/personne/jour)","S2734","Viande de Volailles","2018","2018","g/personne/jour","2.67","E","Valeur estimée",""
"FBS","Bilans Alimentaires (2010-)","KGZ","Kirghizistan","671","Disponibilité de protéines en quantité (t)","S2734","Viande de Volailles","2018","2018","tonnes","6176.05","I","Valeur imputée par une agence réceptrice",""
"FBS","Bilans Alimentaires (2010-)","KGZ","Kirghizistan","684","Disponibilité de matière grasse en quantité (g/personne/jour)","S2734","Viande de Volailles","2018","2018","g/personne/jour","1.31","E","Valeur estimée",""
"FBS","Bilans Alimentaires (2010-)","KGZ","Kirghizistan","681","Disponibilité de matière grasse en quantité (t)","S2734","Viande de Volailles","2018","2018","tonnes","3040.55","I","Valeur imputée par une agence réceptrice",""
"FBS","Bilans Alimentaires (2010-)","KIR","Kiribati","5511","Production","S2734","Viande de Volailles","2018","2018","1000 t","1","I","Valeur imputée par une agence réceptrice",""
"FBS","Bilans Alimentaires (2010-)","KIR","Kiribati","5611","Importations - quantité","S2734","Viande de Volailles","2018","2018","1000 t","2","I","Valeur imputée par une agence réceptrice",""
"FBS","Bilans Alimentaires (2010-)","KIR","Kiribati","5072","Variation de stock","S2734","Viande de Volailles","2018","2018","1000 t","0","I","Valeur imputée par une agence réceptrice",""
"FBS","Bilans Alimentaires (2010-)","KIR","Kiribati","5301","Disponibilité intérieure","S2734","Viande de Volailles","2018","2018","1000 t","3","I","Valeur imputée par une agence réceptrice",""
"FBS","Bilans Alimentaires (2010-)","KIR","Kiribati","5171","Alimentation pour touristes","S2734","Viande de Volailles","2018","2018","1000 t","0","I","Valeur imputée par une agence réceptrice",""
"FBS","Bilans Alimentaires (2010-)","KIR","Kiribati","5170","Résidus","S2734","Viande de Volailles","2018","2018","1000 t","0","I","Valeur imputée par une agence réceptrice",""
"FBS","Bilans Alimentaires (2010-)","KIR","Kiribati","5142","Nourriture","S2734","Viande de Volailles","2018","2018","1000 t","3","I","Valeur imputée par une agence réceptrice",""
"FBS","Bilans Alimentaires (2010-)","KIR","Kiribati","645","Disponibilité alimentaire en quantité (kg/personne/an)","S2734","Viande de Volailles","2018","2018","kg/personne","21.82","E","Valeur estimée",""
"FBS","Bilans Alimentaires (2010-)","KIR","Kiribati","664","Disponibilité alimentaire (Kcal/personne/jour)","S2734","Viande de Volailles","2018","2018","kcal/personne/jour","83.42","E","Valeur estimée",""
"FBS","Bilans Alimentaires (2010-)","KIR","Kiribati","661","Disponibilité alimentaire (Kcal)","S2734","Viande de Volailles","2018","2018","millions de kcal","3717.13","I","Valeur imputée par une agence réceptrice",""
"FBS","Bilans Alimentaires (2010-)","KIR","Kiribati","674","Disponibilité de protéines en quantité (g/personne/jour)","S2734","Viande de Volailles","2018","2018","g/personne/jour","9.95","E","Valeur estimée",""
"FBS","Bilans Alimentaires (2010-)","KIR","Kiribati","671","Disponibilité de protéines en quantité (t)","S2734","Viande de Volailles","2018","2018","tonnes","443.3","I","Valeur imputée par une agence réceptrice",""
"FBS","Bilans Alimentaires (2010-)","KIR","Kiribati","684","Disponibilité de matière grasse en quantité (g/personne/jour)","S2734","Viande de Volailles","2018","2018","g/personne/jour","4.8","E","Valeur estimée",""
"FBS","Bilans Alimentaires (2010-)","KIR","Kiribati","681","Disponibilité de matière grasse en quantité (t)","S2734","Viande de Volailles","2018","2018","tonnes","213.75","I","Valeur imputée par une agence réceptrice",""
"FBS","Bilans Alimentaires (2010-)","KWT","Koweït","5511","Production","S2734","Viande de Volailles","2018","2018","1000 t","61","I","Valeur imputée par une agence réceptrice",""
"FBS","Bilans Alimentaires (2010-)","KWT","Koweït","5611","Importations - quantité","S2734","Viande de Volailles","2018","2018","1000 t","148","I","Valeur imputée par une agence réceptrice",""
"FBS","Bilans Alimentaires (2010-)","KWT","Koweït","5072","Variation de stock","S2734","Viande de Volailles","2018","2018","1000 t","0","I","Valeur imputée par une agence réceptrice",""
"FBS","Bilans Alimentaires (2010-)","KWT","Koweït","5911","Exportations - quantité","S2734","Viande de Volailles","2018","2018","1000 t","8","I","Valeur imputée par une agence réceptrice",""
"FBS","Bilans Alimentaires (2010-)","KWT","Koweït","5301","Disponibilité intérieure","S2734","Viande de Volailles","2018","2018","1000 t","201","I","Valeur imputée par une agence réceptrice",""
"FBS","Bilans Alimentaires (2010-)","KWT","Koweït","5154","Autres utilisations (non alimentaire)","S2734","Viande de Volailles","2018","2018","1000 t","0","I","Valeur imputée par une agence réceptrice",""
"FBS","Bilans Alimentaires (2010-)","KWT","Koweït","5170","Résidus","S2734","Viande de Volailles","2018","2018","1000 t","0","I","Valeur imputée par une agence réceptrice",""
"FBS","Bilans Alimentaires (2010-)","KWT","Koweït","5142","Nourriture","S2734","Viande de Volailles","2018","2018","1000 t","201","I","Valeur imputée par une agence réceptrice",""
"FBS","Bilans Alimentaires (2010-)","KWT","Koweït","645","Disponibilité alimentaire en quantité (kg/personne/an)","S2734","Viande de Volailles","2018","2018","kg/personne","46.44","E","Valeur estimée",""
"FBS","Bilans Alimentaires (2010-)","KWT","Koweït","664","Disponibilité alimentaire (Kcal/personne/jour)","S2734","Viande de Volailles","2018","2018","kcal/personne/jour","176.31","E","Valeur estimée",""
"FBS","Bilans Alimentaires (2010-)","KWT","Koweït","661","Disponibilité alimentaire (Kcal)","S2734","Viande de Volailles","2018","2018","millions de kcal","278224.99","I","Valeur imputée par une agence réceptrice",""
"FBS","Bilans Alimentaires (2010-)","KWT","Koweït","674","Disponibilité de protéines en quantité (g/personne/jour)","S2734","Viande de Volailles","2018","2018","g/personne/jour","21.04","E","Valeur estimée",""
"FBS","Bilans Alimentaires (2010-)","KWT","Koweït","671","Disponibilité de protéines en quantité (t)","S2734","Viande de Volailles","2018","2018","tonnes","33200.76","I","Valeur imputée par une agence réceptrice",""
"FBS","Bilans Alimentaires (2010-)","KWT","Koweït","684","Disponibilité de matière grasse en quantité (g/personne/jour)","S2734","Viande de Volailles","2018","2018","g/personne/jour","10.2","E","Valeur estimée",""
"FBS","Bilans Alimentaires (2010-)","KWT","Koweït","681","Disponibilité de matière grasse en quantité (t)","S2734","Viande de Volailles","2018","2018","tonnes","16090.44","I","Valeur imputée par une agence réceptrice",""
"FBS","Bilans Alimentaires (2010-)","LSO","Lesotho","5511","Production","S2734","Viande de Volailles","2018","2018","1000 t","1","I","Valeur imputée par une agence réceptrice",""
"FBS","Bilans Alimentaires (2010-)","LSO","Lesotho","5611","Importations - quantité","S2734","Viande de Volailles","2018","2018","1000 t","17","I","Valeur imputée par une agence réceptrice",""
"FBS","Bilans Alimentaires (2010-)","LSO","Lesotho","5072","Variation de stock","S2734","Viande de Volailles","2018","2018","1000 t","0","I","Valeur imputée par une agence réceptrice",""
"FBS","Bilans Alimentaires (2010-)","LSO","Lesotho","5911","Exportations - quantité","S2734","Viande de Volailles","2018","2018","1000 t","0","I","Valeur imputée par une agence réceptrice",""
"FBS","Bilans Alimentaires (2010-)","LSO","Lesotho","5301","Disponibilité intérieure","S2734","Viande de Volailles","2018","2018","1000 t","19","I","Valeur imputée par une agence réceptrice",""
"FBS","Bilans Alimentaires (2010-)","LSO","Lesotho","5170","Résidus","S2734","Viande de Volailles","2018","2018","1000 t","0","I","Valeur imputée par une agence réceptrice",""
"FBS","Bilans Alimentaires (2010-)","LSO","Lesotho","5142","Nourriture","S2734","Viande de Volailles","2018","2018","1000 t","19","I","Valeur imputée par une agence réceptrice",""
"FBS","Bilans Alimentaires (2010-)","LSO","Lesotho","645","Disponibilité alimentaire en quantité (kg/personne/an)","S2734","Viande de Volailles","2018","2018","kg/personne","8.51","E","Valeur estimée",""
"FBS","Bilans Alimentaires (2010-)","LSO","Lesotho","664","Disponibilité alimentaire (Kcal/personne/jour)","S2734","Viande de Volailles","2018","2018","kcal/personne/jour","32.36","E","Valeur estimée",""
"FBS","Bilans Alimentaires (2010-)","LSO","Lesotho","661","Disponibilité alimentaire (Kcal)","S2734","Viande de Volailles","2018","2018","millions de kcal","25793.86","I","Valeur imputée par une agence réceptrice",""
"FBS","Bilans Alimentaires (2010-)","LSO","Lesotho","674","Disponibilité de protéines en quantité (g/personne/jour)","S2734","Viande de Volailles","2018","2018","g/personne/jour","3.87","E","Valeur estimée",""
"FBS","Bilans Alimentaires (2010-)","LSO","Lesotho","671","Disponibilité de protéines en quantité (t)","S2734","Viande de Volailles","2018","2018","tonnes","3081.19","I","Valeur imputée par une agence réceptrice",""
"FBS","Bilans Alimentaires (2010-)","LSO","Lesotho","684","Disponibilité de matière grasse en quantité (g/personne/jour)","S2734","Viande de Volailles","2018","2018","g/personne/jour","1.87","E","Valeur estimée",""
"FBS","Bilans Alimentaires (2010-)","LSO","Lesotho","681","Disponibilité de matière grasse en quantité (t)","S2734","Viande de Volailles","2018","2018","tonnes","1491.48","I","Valeur imputée par une agence réceptrice",""
"FBS","Bilans Alimentaires (2010-)","LVA","Lettonie","5511","Production","S2734","Viande de Volailles","2018","2018","1000 t","34","I","Valeur imputée par une agence réceptrice",""
"FBS","Bilans Alimentaires (2010-)","LVA","Lettonie","5611","Importations - quantité","S2734","Viande de Volailles","2018","2018","1000 t","47","I","Valeur imputée par une agence réceptrice",""
"FBS","Bilans Alimentaires (2010-)","LVA","Lettonie","5072","Variation de stock","S2734","Viande de Volailles","2018","2018","1000 t","19","I","Valeur imputée par une agence réceptrice",""
"FBS","Bilans Alimentaires (2010-)","LVA","Lettonie","5911","Exportations - quantité","S2734","Viande de Volailles","2018","2018","1000 t","21","I","Valeur imputée par une agence réceptrice",""
"FBS","Bilans Alimentaires (2010-)","LVA","Lettonie","5301","Disponibilité intérieure","S2734","Viande de Volailles","2018","2018","1000 t","41","I","Valeur imputée par une agence réceptrice",""
"FBS","Bilans Alimentaires (2010-)","LVA","Lettonie","5123","Pertes","S2734","Viande de Volailles","2018","2018","1000 t","0","I","Valeur imputée par une agence réceptrice",""
"FBS","Bilans Alimentaires (2010-)","LVA","Lettonie","5170","Résidus","S2734","Viande de Volailles","2018","2018","1000 t","0","I","Valeur imputée par une agence réceptrice",""
"FBS","Bilans Alimentaires (2010-)","LVA","Lettonie","5142","Nourriture","S2734","Viande de Volailles","2018","2018","1000 t","41","I","Valeur imputée par une agence réceptrice",""
"FBS","Bilans Alimentaires (2010-)","LVA","Lettonie","645","Disponibilité alimentaire en quantité (kg/personne/an)","S2734","Viande de Volailles","2018","2018","kg/personne","21.03","E","Valeur estimée",""
"FBS","Bilans Alimentaires (2010-)","LVA","Lettonie","664","Disponibilité alimentaire (Kcal/personne/jour)","S2734","Viande de Volailles","2018","2018","kcal/personne/jour","80.69","E","Valeur estimée",""
"FBS","Bilans Alimentaires (2010-)","LVA","Lettonie","661","Disponibilité alimentaire (Kcal)","S2734","Viande de Volailles","2018","2018","millions de kcal","56773.8","I","Valeur imputée par une agence réceptrice",""
"FBS","Bilans Alimentaires (2010-)","LVA","Lettonie","674","Disponibilité de protéines en quantité (g/personne/jour)","S2734","Viande de Volailles","2018","2018","g/personne/jour","9.47","E","Valeur estimée",""
"FBS","Bilans Alimentaires (2010-)","LVA","Lettonie","671","Disponibilité de protéines en quantité (t)","S2734","Viande de Volailles","2018","2018","tonnes","6660.34","I","Valeur imputée par une agence réceptrice",""
"FBS","Bilans Alimentaires (2010-)","LVA","Lettonie","684","Disponibilité de matière grasse en quantité (g/personne/jour)","S2734","Viande de Volailles","2018","2018","g/personne/jour","4.73","E","Valeur estimée",""
"FBS","Bilans Alimentaires (2010-)","LVA","Lettonie","681","Disponibilité de matière grasse en quantité (t)","S2734","Viande de Volailles","2018","2018","tonnes","3326.06","I","Valeur imputée par une agence réceptrice",""
"FBS","Bilans Alimentaires (2010-)","LBN","Liban","5511","Production","S2734","Viande de Volailles","2018","2018","1000 t","136","I","Valeur imputée par une agence réceptrice",""
"FBS","Bilans Alimentaires (2010-)","LBN","Liban","5611","Importations - quantité","S2734","Viande de Volailles","2018","2018","1000 t","11","I","Valeur imputée par une agence réceptrice",""
"FBS","Bilans Alimentaires (2010-)","LBN","Liban","5072","Variation de stock","S2734","Viande de Volailles","2018","2018","1000 t","0","I","Valeur imputée par une agence réceptrice",""
"FBS","Bilans Alimentaires (2010-)","LBN","Liban","5911","Exportations - quantité","S2734","Viande de Volailles","2018","2018","1000 t","5","I","Valeur imputée par une agence réceptrice",""
"FBS","Bilans Alimentaires (2010-)","LBN","Liban","5301","Disponibilité intérieure","S2734","Viande de Volailles","2018","2018","1000 t","142","I","Valeur imputée par une agence réceptrice",""
"FBS","Bilans Alimentaires (2010-)","LBN","Liban","5123","Pertes","S2734","Viande de Volailles","2018","2018","1000 t","0","I","Valeur imputée par une agence réceptrice",""
"FBS","Bilans Alimentaires (2010-)","LBN","Liban","5170","Résidus","S2734","Viande de Volailles","2018","2018","1000 t","0","I","Valeur imputée par une agence réceptrice",""
"FBS","Bilans Alimentaires (2010-)","LBN","Liban","5142","Nourriture","S2734","Viande de Volailles","2018","2018","1000 t","142","I","Valeur imputée par une agence réceptrice",""
"FBS","Bilans Alimentaires (2010-)","LBN","Liban","645","Disponibilité alimentaire en quantité (kg/personne/an)","S2734","Viande de Volailles","2018","2018","kg/personne","23.73","E","Valeur estimée",""
"FBS","Bilans Alimentaires (2010-)","LBN","Liban","664","Disponibilité alimentaire (Kcal/personne/jour)","S2734","Viande de Volailles","2018","2018","kcal/personne/jour","89.8","E","Valeur estimée",""
"FBS","Bilans Alimentaires (2010-)","LBN","Liban","661","Disponibilité alimentaire (Kcal)","S2734","Viande de Volailles","2018","2018","millions de kcal","196151.15","I","Valeur imputée par une agence réceptrice",""
"FBS","Bilans Alimentaires (2010-)","LBN","Liban","674","Disponibilité de protéines en quantité (g/personne/jour)","S2734","Viande de Volailles","2018","2018","g/personne/jour","10.71","E","Valeur estimée",""
"FBS","Bilans Alimentaires (2010-)","LBN","Liban","671","Disponibilité de protéines en quantité (t)","S2734","Viande de Volailles","2018","2018","tonnes","23396.26","I","Valeur imputée par une agence réceptrice",""
"FBS","Bilans Alimentaires (2010-)","LBN","Liban","684","Disponibilité de matière grasse en quantité (g/personne/jour)","S2734","Viande de Volailles","2018","2018","g/personne/jour","5.2","E","Valeur estimée",""
"FBS","Bilans Alimentaires (2010-)","LBN","Liban","681","Disponibilité de matière grasse en quantité (t)","S2734","Viande de Volailles","2018","2018","tonnes","11358.84","I","Valeur imputée par une agence réceptrice",""
"FBS","Bilans Alimentaires (2010-)","LBR","Libéria","5511","Production","S2734","Viande de Volailles","2018","2018","1000 t","15","I","Valeur imputée par une agence réceptrice",""
"FBS","Bilans Alimentaires (2010-)","LBR","Libéria","5611","Importations - quantité","S2734","Viande de Volailles","2018","2018","1000 t","40","I","Valeur imputée par une agence réceptrice",""
"FBS","Bilans Alimentaires (2010-)","LBR","Libéria","5072","Variation de stock","S2734","Viande de Volailles","2018","2018","1000 t","0","I","Valeur imputée par une agence réceptrice",""
"FBS","Bilans Alimentaires (2010-)","LBR","Libéria","5911","Exportations - quantité","S2734","Viande de Volailles","2018","2018","1000 t","0","I","Valeur imputée par une agence réceptrice",""
"FBS","Bilans Alimentaires (2010-)","LBR","Libéria","5301","Disponibilité intérieure","S2734","Viande de Volailles","2018","2018","1000 t","55","I","Valeur imputée par une agence réceptrice",""
"FBS","Bilans Alimentaires (2010-)","LBR","Libéria","5170","Résidus","S2734","Viande de Volailles","2018","2018","1000 t","0","I","Valeur imputée par une agence réceptrice",""
"FBS","Bilans Alimentaires (2010-)","LBR","Libéria","5142","Nourriture","S2734","Viande de Volailles","2018","2018","1000 t","55","I","Valeur imputée par une agence réceptrice",""
"FBS","Bilans Alimentaires (2010-)","LBR","Libéria","645","Disponibilité alimentaire en quantité (kg/personne/an)","S2734","Viande de Volailles","2018","2018","kg/personne","11.12","E","Valeur estimée",""
"FBS","Bilans Alimentaires (2010-)","LBR","Libéria","664","Disponibilité alimentaire (Kcal/personne/jour)","S2734","Viande de Volailles","2018","2018","kcal/personne/jour","42.37","E","Valeur estimée",""
"FBS","Bilans Alimentaires (2010-)","LBR","Libéria","661","Disponibilité alimentaire (Kcal)","S2734","Viande de Volailles","2018","2018","millions de kcal","76463.69","I","Valeur imputée par une agence réceptrice",""
"FBS","Bilans Alimentaires (2010-)","LBR","Libéria","674","Disponibilité de protéines en quantité (g/personne/jour)","S2734","Viande de Volailles","2018","2018","g/personne/jour","5.15","E","Valeur estimée",""
"FBS","Bilans Alimentaires (2010-)","LBR","Libéria","671","Disponibilité de protéines en quantité (t)","S2734","Viande de Volailles","2018","2018","tonnes","9299.83","I","Valeur imputée par une agence réceptrice",""
"FBS","Bilans Alimentaires (2010-)","LBR","Libéria","684","Disponibilité de matière grasse en quantité (g/personne/jour)","S2734","Viande de Volailles","2018","2018","g/personne/jour","2.38","E","Valeur estimée",""
"FBS","Bilans Alimentaires (2010-)","LBR","Libéria","681","Disponibilité de matière grasse en quantité (t)","S2734","Viande de Volailles","2018","2018","tonnes","4289.57","I","Valeur imputée par une agence réceptrice",""
"FBS","Bilans Alimentaires (2010-)","LBY","Libye","5511","Production","S2734","Viande de Volailles","2018","2018","1000 t","129","I","Valeur imputée par une agence réceptrice",""
"FBS","Bilans Alimentaires (2010-)","LBY","Libye","5611","Importations - quantité","S2734","Viande de Volailles","2018","2018","1000 t","122","I","Valeur imputée par une agence réceptrice",""
"FBS","Bilans Alimentaires (2010-)","LBY","Libye","5072","Variation de stock","S2734","Viande de Volailles","2018","2018","1000 t","0","I","Valeur imputée par une agence réceptrice",""
"FBS","Bilans Alimentaires (2010-)","LBY","Libye","5301","Disponibilité intérieure","S2734","Viande de Volailles","2018","2018","1000 t","250","I","Valeur imputée par une agence réceptrice",""
"FBS","Bilans Alimentaires (2010-)","LBY","Libye","5170","Résidus","S2734","Viande de Volailles","2018","2018","1000 t","0","I","Valeur imputée par une agence réceptrice",""
"FBS","Bilans Alimentaires (2010-)","LBY","Libye","5142","Nourriture","S2734","Viande de Volailles","2018","2018","1000 t","250","I","Valeur imputée par une agence réceptrice",""
"FBS","Bilans Alimentaires (2010-)","LBY","Libye","645","Disponibilité alimentaire en quantité (kg/personne/an)","S2734","Viande de Volailles","2018","2018","kg/personne","36.56","E","Valeur estimée",""
"FBS","Bilans Alimentaires (2010-)","LBY","Libye","664","Disponibilité alimentaire (Kcal/personne/jour)","S2734","Viande de Volailles","2018","2018","kcal/personne/jour","138.03","E","Valeur estimée",""
"FBS","Bilans Alimentaires (2010-)","LBY","Libye","661","Disponibilité alimentaire (Kcal)","S2734","Viande de Volailles","2018","2018","millions de kcal","345073.01","I","Valeur imputée par une agence réceptrice",""
"FBS","Bilans Alimentaires (2010-)","LBY","Libye","674","Disponibilité de protéines en quantité (g/personne/jour)","S2734","Viande de Volailles","2018","2018","g/personne/jour","16.5","E","Valeur estimée",""
"FBS","Bilans Alimentaires (2010-)","LBY","Libye","671","Disponibilité de protéines en quantité (t)","S2734","Viande de Volailles","2018","2018","tonnes","41237.25","I","Valeur imputée par une agence réceptrice",""
"FBS","Bilans Alimentaires (2010-)","LBY","Libye","684","Disponibilité de matière grasse en quantité (g/personne/jour)","S2734","Viande de Volailles","2018","2018","g/personne/jour","8","E","Valeur estimée",""
"FBS","Bilans Alimentaires (2010-)","LBY","Libye","681","Disponibilité de matière grasse en quantité (t)","S2734","Viande de Volailles","2018","2018","tonnes","19987.07","I","Valeur imputée par une agence réceptrice",""
"FBS","Bilans Alimentaires (2010-)","LTU","Lituanie","5511","Production","S2734","Viande de Volailles","2018","2018","1000 t","134","I","Valeur imputée par une agence réceptrice",""
"FBS","Bilans Alimentaires (2010-)","LTU","Lituanie","5611","Importations - quantité","S2734","Viande de Volailles","2018","2018","1000 t","45","I","Valeur imputée par une agence réceptrice",""
"FBS","Bilans Alimentaires (2010-)","LTU","Lituanie","5072","Variation de stock","S2734","Viande de Volailles","2018","2018","1000 t","30","I","Valeur imputée par une agence réceptrice",""
"FBS","Bilans Alimentaires (2010-)","LTU","Lituanie","5911","Exportations - quantité","S2734","Viande de Volailles","2018","2018","1000 t","66","I","Valeur imputée par une agence réceptrice",""
"FBS","Bilans Alimentaires (2010-)","LTU","Lituanie","5301","Disponibilité intérieure","S2734","Viande de Volailles","2018","2018","1000 t","83","I","Valeur imputée par une agence réceptrice",""
"FBS","Bilans Alimentaires (2010-)","LTU","Lituanie","5123","Pertes","S2734","Viande de Volailles","2018","2018","1000 t","0","I","Valeur imputée par une agence réceptrice",""
"FBS","Bilans Alimentaires (2010-)","LTU","Lituanie","5131","Traitement","S2734","Viande de Volailles","2018","2018","1000 t","2","I","Valeur imputée par une agence réceptrice",""
"FBS","Bilans Alimentaires (2010-)","LTU","Lituanie","5170","Résidus","S2734","Viande de Volailles","2018","2018","1000 t","0","I","Valeur imputée par une agence réceptrice",""
"FBS","Bilans Alimentaires (2010-)","LTU","Lituanie","5142","Nourriture","S2734","Viande de Volailles","2018","2018","1000 t","81","I","Valeur imputée par une agence réceptrice",""
"FBS","Bilans Alimentaires (2010-)","LTU","Lituanie","645","Disponibilité alimentaire en quantité (kg/personne/an)","S2734","Viande de Volailles","2018","2018","kg/personne","29.06","E","Valeur estimée",""
"FBS","Bilans Alimentaires (2010-)","LTU","Lituanie","664","Disponibilité alimentaire (Kcal/personne/jour)","S2734","Viande de Volailles","2018","2018","kcal/personne/jour","108.6","E","Valeur estimée",""
"FBS","Bilans Alimentaires (2010-)","LTU","Lituanie","661","Disponibilité alimentaire (Kcal)","S2734","Viande de Volailles","2018","2018","millions de kcal","111090.06","I","Valeur imputée par une agence réceptrice",""
"FBS","Bilans Alimentaires (2010-)","LTU","Lituanie","674","Disponibilité de protéines en quantité (g/personne/jour)","S2734","Viande de Volailles","2018","2018","g/personne/jour","13.23","E","Valeur estimée",""
"FBS","Bilans Alimentaires (2010-)","LTU","Lituanie","671","Disponibilité de protéines en quantité (t)","S2734","Viande de Volailles","2018","2018","tonnes","13529.56","I","Valeur imputée par une agence réceptrice",""
"FBS","Bilans Alimentaires (2010-)","LTU","Lituanie","684","Disponibilité de matière grasse en quantité (g/personne/jour)","S2734","Viande de Volailles","2018","2018","g/personne/jour","6.18","E","Valeur estimée",""
"FBS","Bilans Alimentaires (2010-)","LTU","Lituanie","681","Disponibilité de matière grasse en quantité (t)","S2734","Viande de Volailles","2018","2018","tonnes","6320.11","I","Valeur imputée par une agence réceptrice",""
"FBS","Bilans Alimentaires (2010-)","LUX","Luxembourg","5511","Production","S2734","Viande de Volailles","2018","2018","1000 t","0","I","Valeur imputée par une agence réceptrice",""
"FBS","Bilans Alimentaires (2010-)","LUX","Luxembourg","5611","Importations - quantité","S2734","Viande de Volailles","2018","2018","1000 t","12","I","Valeur imputée par une agence réceptrice",""
"FBS","Bilans Alimentaires (2010-)","LUX","Luxembourg","5072","Variation de stock","S2734","Viande de Volailles","2018","2018","1000 t","0","I","Valeur imputée par une agence réceptrice",""
"FBS","Bilans Alimentaires (2010-)","LUX","Luxembourg","5911","Exportations - quantité","S2734","Viande de Volailles","2018","2018","1000 t","1","I","Valeur imputée par une agence réceptrice",""
"FBS","Bilans Alimentaires (2010-)","LUX","Luxembourg","5301","Disponibilité intérieure","S2734","Viande de Volailles","2018","2018","1000 t","12","I","Valeur imputée par une agence réceptrice",""
"FBS","Bilans Alimentaires (2010-)","LUX","Luxembourg","5123","Pertes","S2734","Viande de Volailles","2018","2018","1000 t","0","I","Valeur imputée par une agence réceptrice",""
"FBS","Bilans Alimentaires (2010-)","LUX","Luxembourg","5170","Résidus","S2734","Viande de Volailles","2018","2018","1000 t","0","I","Valeur imputée par une agence réceptrice",""
"FBS","Bilans Alimentaires (2010-)","LUX","Luxembourg","5142","Nourriture","S2734","Viande de Volailles","2018","2018","1000 t","12","I","Valeur imputée par une agence réceptrice",""
"FBS","Bilans Alimentaires (2010-)","LUX","Luxembourg","645","Disponibilité alimentaire en quantité (kg/personne/an)","S2734","Viande de Volailles","2018","2018","kg/personne","19.41","E","Valeur estimée",""
"FBS","Bilans Alimentaires (2010-)","LUX","Luxembourg","664","Disponibilité alimentaire (Kcal/personne/jour)","S2734","Viande de Volailles","2018","2018","kcal/personne/jour","76.15","E","Valeur estimée",""
"FBS","Bilans Alimentaires (2010-)","LUX","Luxembourg","661","Disponibilité alimentaire (Kcal)","S2734","Viande de Volailles","2018","2018","millions de kcal","16902.16","I","Valeur imputée par une agence réceptrice",""
"FBS","Bilans Alimentaires (2010-)","LUX","Luxembourg","674","Disponibilité de protéines en quantité (g/personne/jour)","S2734","Viande de Volailles","2018","2018","g/personne/jour","8.96","E","Valeur estimée",""
"FBS","Bilans Alimentaires (2010-)","LUX","Luxembourg","671","Disponibilité de protéines en quantité (t)","S2734","Viande de Volailles","2018","2018","tonnes","1988.05","I","Valeur imputée par une agence réceptrice",""
"FBS","Bilans Alimentaires (2010-)","LUX","Luxembourg","684","Disponibilité de matière grasse en quantité (g/personne/jour)","S2734","Viande de Volailles","2018","2018","g/personne/jour","4.35","E","Valeur estimée",""
"FBS","Bilans Alimentaires (2010-)","LUX","Luxembourg","681","Disponibilité de matière grasse en quantité (t)","S2734","Viande de Volailles","2018","2018","tonnes","965.69","I","Valeur imputée par une agence réceptrice",""
"FBS","Bilans Alimentaires (2010-)","MKD","Macédoine du Nord","5511","Production","S2734","Viande de Volailles","2018","2018","1000 t","1","I","Valeur imputée par une agence réceptrice",""
"FBS","Bilans Alimentaires (2010-)","MKD","Macédoine du Nord","5611","Importations - quantité","S2734","Viande de Volailles","2018","2018","1000 t","41","I","Valeur imputée par une agence réceptrice",""
"FBS","Bilans Alimentaires (2010-)","MKD","Macédoine du Nord","5072","Variation de stock","S2734","Viande de Volailles","2018","2018","1000 t","0","I","Valeur imputée par une agence réceptrice",""
"FBS","Bilans Alimentaires (2010-)","MKD","Macédoine du Nord","5911","Exportations - quantité","S2734","Viande de Volailles","2018","2018","1000 t","1","I","Valeur imputée par une agence réceptrice",""
"FBS","Bilans Alimentaires (2010-)","MKD","Macédoine du Nord","5301","Disponibilité intérieure","S2734","Viande de Volailles","2018","2018","1000 t","41","I","Valeur imputée par une agence réceptrice",""
"FBS","Bilans Alimentaires (2010-)","MKD","Macédoine du Nord","5123","Pertes","S2734","Viande de Volailles","2018","2018","1000 t","0","I","Valeur imputée par une agence réceptrice",""
"FBS","Bilans Alimentaires (2010-)","MKD","Macédoine du Nord","5170","Résidus","S2734","Viande de Volailles","2018","2018","1000 t","0","I","Valeur imputée par une agence réceptrice",""
"FBS","Bilans Alimentaires (2010-)","MKD","Macédoine du Nord","5142","Nourriture","S2734","Viande de Volailles","2018","2018","1000 t","41","I","Valeur imputée par une agence réceptrice",""
"FBS","Bilans Alimentaires (2010-)","MKD","Macédoine du Nord","645","Disponibilité alimentaire en quantité (kg/personne/an)","S2734","Viande de Volailles","2018","2018","kg/personne","21.52","E","Valeur estimée",""
"FBS","Bilans Alimentaires (2010-)","MKD","Macédoine du Nord","664","Disponibilité alimentaire (Kcal/personne/jour)","S2734","Viande de Volailles","2018","2018","kcal/personne/jour","82.08","E","Valeur estimée",""
"FBS","Bilans Alimentaires (2010-)","MKD","Macédoine du Nord","661","Disponibilité alimentaire (Kcal)","S2734","Viande de Volailles","2018","2018","millions de kcal","57516.07","I","Valeur imputée par une agence réceptrice",""
"FBS","Bilans Alimentaires (2010-)","MKD","Macédoine du Nord","674","Disponibilité de protéines en quantité (g/personne/jour)","S2734","Viande de Volailles","2018","2018","g/personne/jour","9.8","E","Valeur estimée",""
"FBS","Bilans Alimentaires (2010-)","MKD","Macédoine du Nord","671","Disponibilité de protéines en quantité (t)","S2734","Viande de Volailles","2018","2018","tonnes","6866.82","I","Valeur imputée par une agence réceptrice",""
"FBS","Bilans Alimentaires (2010-)","MKD","Macédoine du Nord","684","Disponibilité de matière grasse en quantité (g/personne/jour)","S2734","Viande de Volailles","2018","2018","g/personne/jour","4.72","E","Valeur estimée",""
"FBS","Bilans Alimentaires (2010-)","MKD","Macédoine du Nord","681","Disponibilité de matière grasse en quantité (t)","S2734","Viande de Volailles","2018","2018","tonnes","3307.96","I","Valeur imputée par une agence réceptrice",""
"FBS","Bilans Alimentaires (2010-)","MDG","Madagascar","5511","Production","S2734","Viande de Volailles","2018","2018","1000 t","85","I","Valeur imputée par une agence réceptrice",""
"FBS","Bilans Alimentaires (2010-)","MDG","Madagascar","5611","Importations - quantité","S2734","Viande de Volailles","2018","2018","1000 t","0","I","Valeur imputée par une agence réceptrice",""
"FBS","Bilans Alimentaires (2010-)","MDG","Madagascar","5072","Variation de stock","S2734","Viande de Volailles","2018","2018","1000 t","0","I","Valeur imputée par une agence réceptrice",""
"FBS","Bilans Alimentaires (2010-)","MDG","Madagascar","5301","Disponibilité intérieure","S2734","Viande de Volailles","2018","2018","1000 t","84","I","Valeur imputée par une agence réceptrice",""
"FBS","Bilans Alimentaires (2010-)","MDG","Madagascar","5170","Résidus","S2734","Viande de Volailles","2018","2018","1000 t","0","I","Valeur imputée par une agence réceptrice",""
"FBS","Bilans Alimentaires (2010-)","MDG","Madagascar","5142","Nourriture","S2734","Viande de Volailles","2018","2018","1000 t","84","I","Valeur imputée par une agence réceptrice",""
"FBS","Bilans Alimentaires (2010-)","MDG","Madagascar","645","Disponibilité alimentaire en quantité (kg/personne/an)","S2734","Viande de Volailles","2018","2018","kg/personne","3.07","E","Valeur estimée",""
"FBS","Bilans Alimentaires (2010-)","MDG","Madagascar","664","Disponibilité alimentaire (Kcal/personne/jour)","S2734","Viande de Volailles","2018","2018","kcal/personne/jour","13.56","E","Valeur estimée",""
"FBS","Bilans Alimentaires (2010-)","MDG","Madagascar","661","Disponibilité alimentaire (Kcal)","S2734","Viande de Volailles","2018","2018","millions de kcal","136062.76","I","Valeur imputée par une agence réceptrice",""
"FBS","Bilans Alimentaires (2010-)","MDG","Madagascar","674","Disponibilité de protéines en quantité (g/personne/jour)","S2734","Viande de Volailles","2018","2018","g/personne/jour","1.39","E","Valeur estimée",""
"FBS","Bilans Alimentaires (2010-)","MDG","Madagascar","671","Disponibilité de protéines en quantité (t)","S2734","Viande de Volailles","2018","2018","tonnes","13941.22","I","Valeur imputée par une agence réceptrice",""
"FBS","Bilans Alimentaires (2010-)","MDG","Madagascar","684","Disponibilité de matière grasse en quantité (g/personne/jour)","S2734","Viande de Volailles","2018","2018","g/personne/jour","0.89","E","Valeur estimée",""
"FBS","Bilans Alimentaires (2010-)","MDG","Madagascar","681","Disponibilité de matière grasse en quantité (t)","S2734","Viande de Volailles","2018","2018","tonnes","8909.53","I","Valeur imputée par une agence réceptrice",""
"FBS","Bilans Alimentaires (2010-)","MYS","Malaisie","5511","Production","S2734","Viande de Volailles","2018","2018","1000 t","1654","I","Valeur imputée par une agence réceptrice",""
"FBS","Bilans Alimentaires (2010-)","MYS","Malaisie","5611","Importations - quantité","S2734","Viande de Volailles","2018","2018","1000 t","72","I","Valeur imputée par une agence réceptrice",""
"FBS","Bilans Alimentaires (2010-)","MYS","Malaisie","5072","Variation de stock","S2734","Viande de Volailles","2018","2018","1000 t","0","I","Valeur imputée par une agence réceptrice",""
"FBS","Bilans Alimentaires (2010-)","MYS","Malaisie","5911","Exportations - quantité","S2734","Viande de Volailles","2018","2018","1000 t","47","I","Valeur imputée par une agence réceptrice",""
"FBS","Bilans Alimentaires (2010-)","MYS","Malaisie","5301","Disponibilité intérieure","S2734","Viande de Volailles","2018","2018","1000 t","1679","I","Valeur imputée par une agence réceptrice",""
"FBS","Bilans Alimentaires (2010-)","MYS","Malaisie","5131","Traitement","S2734","Viande de Volailles","2018","2018","1000 t","0","I","Valeur imputée par une agence réceptrice",""
"FBS","Bilans Alimentaires (2010-)","MYS","Malaisie","5154","Autres utilisations (non alimentaire)","S2734","Viande de Volailles","2018","2018","1000 t","0","I","Valeur imputée par une agence réceptrice",""
"FBS","Bilans Alimentaires (2010-)","MYS","Malaisie","5170","Résidus","S2734","Viande de Volailles","2018","2018","1000 t","-1","I","Valeur imputée par une agence réceptrice",""
"FBS","Bilans Alimentaires (2010-)","MYS","Malaisie","5142","Nourriture","S2734","Viande de Volailles","2018","2018","1000 t","1680","I","Valeur imputée par une agence réceptrice",""
"FBS","Bilans Alimentaires (2010-)","MYS","Malaisie","645","Disponibilité alimentaire en quantité (kg/personne/an)","S2734","Viande de Volailles","2018","2018","kg/personne","51.05","E","Valeur estimée",""
"FBS","Bilans Alimentaires (2010-)","MYS","Malaisie","664","Disponibilité alimentaire (Kcal/personne/jour)","S2734","Viande de Volailles","2018","2018","kcal/personne/jour","194.95","E","Valeur estimée",""
"FBS","Bilans Alimentaires (2010-)","MYS","Malaisie","661","Disponibilité alimentaire (Kcal)","S2734","Viande de Volailles","2018","2018","millions de kcal","2341788.41","I","Valeur imputée par une agence réceptrice",""
"FBS","Bilans Alimentaires (2010-)","MYS","Malaisie","674","Disponibilité de protéines en quantité (g/personne/jour)","S2734","Viande de Volailles","2018","2018","g/personne/jour","22.95","E","Valeur estimée",""
"FBS","Bilans Alimentaires (2010-)","MYS","Malaisie","671","Disponibilité de protéines en quantité (t)","S2734","Viande de Volailles","2018","2018","tonnes","275723.88","I","Valeur imputée par une agence réceptrice",""
"FBS","Bilans Alimentaires (2010-)","MYS","Malaisie","684","Disponibilité de matière grasse en quantité (g/personne/jour)","S2734","Viande de Volailles","2018","2018","g/personne/jour","11.44","E","Valeur estimée",""
"FBS","Bilans Alimentaires (2010-)","MYS","Malaisie","681","Disponibilité de matière grasse en quantité (t)","S2734","Viande de Volailles","2018","2018","tonnes","137457.3","I","Valeur imputée par une agence réceptrice",""
"FBS","Bilans Alimentaires (2010-)","MWI","Malawi","5511","Production","S2734","Viande de Volailles","2018","2018","1000 t","191","I","Valeur imputée par une agence réceptrice",""
"FBS","Bilans Alimentaires (2010-)","MWI","Malawi","5611","Importations - quantité","S2734","Viande de Volailles","2018","2018","1000 t","0","I","Valeur imputée par une agence réceptrice",""
"FBS","Bilans Alimentaires (2010-)","MWI","Malawi","5072","Variation de stock","S2734","Viande de Volailles","2018","2018","1000 t","0","I","Valeur imputée par une agence réceptrice",""
"FBS","Bilans Alimentaires (2010-)","MWI","Malawi","5301","Disponibilité intérieure","S2734","Viande de Volailles","2018","2018","1000 t","191","I","Valeur imputée par une agence réceptrice",""
"FBS","Bilans Alimentaires (2010-)","MWI","Malawi","5170","Résidus","S2734","Viande de Volailles","2018","2018","1000 t","0","I","Valeur imputée par une agence réceptrice",""
"FBS","Bilans Alimentaires (2010-)","MWI","Malawi","5142","Nourriture","S2734","Viande de Volailles","2018","2018","1000 t","191","I","Valeur imputée par une agence réceptrice",""
"FBS","Bilans Alimentaires (2010-)","MWI","Malawi","645","Disponibilité alimentaire en quantité (kg/personne/an)","S2734","Viande de Volailles","2018","2018","kg/personne","10.31","E","Valeur estimée",""
"FBS","Bilans Alimentaires (2010-)","MWI","Malawi","664","Disponibilité alimentaire (Kcal/personne/jour)","S2734","Viande de Volailles","2018","2018","kcal/personne/jour","38.91","E","Valeur estimée",""
"FBS","Bilans Alimentaires (2010-)","MWI","Malawi","661","Disponibilité alimentaire (Kcal)","S2734","Viande de Volailles","2018","2018","millions de kcal","263129.18","I","Valeur imputée par une agence réceptrice",""
"FBS","Bilans Alimentaires (2010-)","MWI","Malawi","674","Disponibilité de protéines en quantité (g/personne/jour)","S2734","Viande de Volailles","2018","2018","g/personne/jour","4.65","E","Valeur estimée",""
"FBS","Bilans Alimentaires (2010-)","MWI","Malawi","671","Disponibilité de protéines en quantité (t)","S2734","Viande de Volailles","2018","2018","tonnes","31447.17","I","Valeur imputée par une agence réceptrice",""
"FBS","Bilans Alimentaires (2010-)","MWI","Malawi","684","Disponibilité de matière grasse en quantité (g/personne/jour)","S2734","Viande de Volailles","2018","2018","g/personne/jour","2.25","E","Valeur estimée",""
"FBS","Bilans Alimentaires (2010-)","MWI","Malawi","681","Disponibilité de matière grasse en quantité (t)","S2734","Viande de Volailles","2018","2018","tonnes","15242.21","I","Valeur imputée par une agence réceptrice",""
"FBS","Bilans Alimentaires (2010-)","MDV","Maldives","5611","Importations - quantité","S2734","Viande de Volailles","2018","2018","1000 t","13","I","Valeur imputée par une agence réceptrice",""
"FBS","Bilans Alimentaires (2010-)","MDV","Maldives","5072","Variation de stock","S2734","Viande de Volailles","2018","2018","1000 t","0","I","Valeur imputée par une agence réceptrice",""
"FBS","Bilans Alimentaires (2010-)","MDV","Maldives","5301","Disponibilité intérieure","S2734","Viande de Volailles","2018","2018","1000 t","13","I","Valeur imputée par une agence réceptrice",""
"FBS","Bilans Alimentaires (2010-)","MDV","Maldives","5154","Autres utilisations (non alimentaire)","S2734","Viande de Volailles","2018","2018","1000 t","0","I","Valeur imputée par une agence réceptrice",""
"FBS","Bilans Alimentaires (2010-)","MDV","Maldives","5171","Alimentation pour touristes","S2734","Viande de Volailles","2018","2018","1000 t","5","I","Valeur imputée par une agence réceptrice",""
"FBS","Bilans Alimentaires (2010-)","MDV","Maldives","5170","Résidus","S2734","Viande de Volailles","2018","2018","1000 t","0","I","Valeur imputée par une agence réceptrice",""
"FBS","Bilans Alimentaires (2010-)","MDV","Maldives","5142","Nourriture","S2734","Viande de Volailles","2018","2018","1000 t","8","I","Valeur imputée par une agence réceptrice",""
"FBS","Bilans Alimentaires (2010-)","MDV","Maldives","645","Disponibilité alimentaire en quantité (kg/personne/an)","S2734","Viande de Volailles","2018","2018","kg/personne","16.01","E","Valeur estimée",""
"FBS","Bilans Alimentaires (2010-)","MDV","Maldives","664","Disponibilité alimentaire (Kcal/personne/jour)","S2734","Viande de Volailles","2018","2018","kcal/personne/jour","61.01","E","Valeur estimée",""
"FBS","Bilans Alimentaires (2010-)","MDV","Maldives","661","Disponibilité alimentaire (Kcal)","S2734","Viande de Volailles","2018","2018","millions de kcal","10534.58","I","Valeur imputée par une agence réceptrice",""
"FBS","Bilans Alimentaires (2010-)","MDV","Maldives","674","Disponibilité de protéines en quantité (g/personne/jour)","S2734","Viande de Volailles","2018","2018","g/personne/jour","7.26","E","Valeur estimée",""
"FBS","Bilans Alimentaires (2010-)","MDV","Maldives","671","Disponibilité de protéines en quantité (t)","S2734","Viande de Volailles","2018","2018","tonnes","1254.02","I","Valeur imputée par une agence réceptrice",""
"FBS","Bilans Alimentaires (2010-)","MDV","Maldives","684","Disponibilité de matière grasse en quantité (g/personne/jour)","S2734","Viande de Volailles","2018","2018","g/personne/jour","3.53","E","Valeur estimée",""
"FBS","Bilans Alimentaires (2010-)","MDV","Maldives","681","Disponibilité de matière grasse en quantité (t)","S2734","Viande de Volailles","2018","2018","tonnes","609.38","I","Valeur imputée par une agence réceptrice",""
"FBS","Bilans Alimentaires (2010-)","MLT","Malte","5511","Production","S2734","Viande de Volailles","2018","2018","1000 t","4","I","Valeur imputée par une agence réceptrice",""
"FBS","Bilans Alimentaires (2010-)","MLT","Malte","5611","Importations - quantité","S2734","Viande de Volailles","2018","2018","1000 t","9","I","Valeur imputée par une agence réceptrice",""
"FBS","Bilans Alimentaires (2010-)","MLT","Malte","5072","Variation de stock","S2734","Viande de Volailles","2018","2018","1000 t","0","I","Valeur imputée par une agence réceptrice",""
"FBS","Bilans Alimentaires (2010-)","MLT","Malte","5911","Exportations - quantité","S2734","Viande de Volailles","2018","2018","1000 t","0","I","Valeur imputée par une agence réceptrice",""
"FBS","Bilans Alimentaires (2010-)","MLT","Malte","5301","Disponibilité intérieure","S2734","Viande de Volailles","2018","2018","1000 t","14","I","Valeur imputée par une agence réceptrice",""
"FBS","Bilans Alimentaires (2010-)","MLT","Malte","5154","Autres utilisations (non alimentaire)","S2734","Viande de Volailles","2018","2018","1000 t","0","I","Valeur imputée par une agence réceptrice",""
"FBS","Bilans Alimentaires (2010-)","MLT","Malte","5171","Alimentation pour touristes","S2734","Viande de Volailles","2018","2018","1000 t","2","I","Valeur imputée par une agence réceptrice",""
"FBS","Bilans Alimentaires (2010-)","MLT","Malte","5170","Résidus","S2734","Viande de Volailles","2018","2018","1000 t","0","I","Valeur imputée par une agence réceptrice",""
"FBS","Bilans Alimentaires (2010-)","MLT","Malte","5142","Nourriture","S2734","Viande de Volailles","2018","2018","1000 t","11","I","Valeur imputée par une agence réceptrice",""
"FBS","Bilans Alimentaires (2010-)","MLT","Malte","645","Disponibilité alimentaire en quantité (kg/personne/an)","S2734","Viande de Volailles","2018","2018","kg/personne","23.68","E","Valeur estimée",""
"FBS","Bilans Alimentaires (2010-)","MLT","Malte","664","Disponibilité alimentaire (Kcal/personne/jour)","S2734","Viande de Volailles","2018","2018","kcal/personne/jour","94.17","E","Valeur estimée",""
"FBS","Bilans Alimentaires (2010-)","MLT","Malte","661","Disponibilité alimentaire (Kcal)","S2734","Viande de Volailles","2018","2018","millions de kcal","16654.56","I","Valeur imputée par une agence réceptrice",""
"FBS","Bilans Alimentaires (2010-)","MLT","Malte","674","Disponibilité de protéines en quantité (g/personne/jour)","S2734","Viande de Volailles","2018","2018","g/personne/jour","11.09","E","Valeur estimée",""
"FBS","Bilans Alimentaires (2010-)","MLT","Malte","671","Disponibilité de protéines en quantité (t)","S2734","Viande de Volailles","2018","2018","tonnes","1961.78","I","Valeur imputée par une agence réceptrice",""
"FBS","Bilans Alimentaires (2010-)","MLT","Malte","684","Disponibilité de matière grasse en quantité (g/personne/jour)","S2734","Viande de Volailles","2018","2018","g/personne/jour","5.34","E","Valeur estimée",""
"FBS","Bilans Alimentaires (2010-)","MLT","Malte","681","Disponibilité de matière grasse en quantité (t)","S2734","Viande de Volailles","2018","2018","tonnes","944.98","I","Valeur imputée par une agence réceptrice",""
"FBS","Bilans Alimentaires (2010-)","MAR","Maroc","5511","Production","S2734","Viande de Volailles","2018","2018","1000 t","775","I","Valeur imputée par une agence réceptrice",""
"FBS","Bilans Alimentaires (2010-)","MAR","Maroc","5611","Importations - quantité","S2734","Viande de Volailles","2018","2018","1000 t","4","I","Valeur imputée par une agence réceptrice",""
"FBS","Bilans Alimentaires (2010-)","MAR","Maroc","5072","Variation de stock","S2734","Viande de Volailles","2018","2018","1000 t","47","I","Valeur imputée par une agence réceptrice",""
"FBS","Bilans Alimentaires (2010-)","MAR","Maroc","5911","Exportations - quantité","S2734","Viande de Volailles","2018","2018","1000 t","1","I","Valeur imputée par une agence réceptrice",""
"FBS","Bilans Alimentaires (2010-)","MAR","Maroc","5301","Disponibilité intérieure","S2734","Viande de Volailles","2018","2018","1000 t","730","I","Valeur imputée par une agence réceptrice",""
"FBS","Bilans Alimentaires (2010-)","MAR","Maroc","5123","Pertes","S2734","Viande de Volailles","2018","2018","1000 t","0","I","Valeur imputée par une agence réceptrice",""
"FBS","Bilans Alimentaires (2010-)","MAR","Maroc","5170","Résidus","S2734","Viande de Volailles","2018","2018","1000 t","0","I","Valeur imputée par une agence réceptrice",""
"FBS","Bilans Alimentaires (2010-)","MAR","Maroc","5142","Nourriture","S2734","Viande de Volailles","2018","2018","1000 t","730","I","Valeur imputée par une agence réceptrice",""
"FBS","Bilans Alimentaires (2010-)","MAR","Maroc","645","Disponibilité alimentaire en quantité (kg/personne/an)","S2734","Viande de Volailles","2018","2018","kg/personne","20.37","E","Valeur estimée",""
"FBS","Bilans Alimentaires (2010-)","MAR","Maroc","664","Disponibilité alimentaire (Kcal/personne/jour)","S2734","Viande de Volailles","2018","2018","kcal/personne/jour","76.05","E","Valeur estimée",""
"FBS","Bilans Alimentaires (2010-)","MAR","Maroc","661","Disponibilité alimentaire (Kcal)","S2734","Viande de Volailles","2018","2018","millions de kcal","994879.38","I","Valeur imputée par une agence réceptrice",""
"FBS","Bilans Alimentaires (2010-)","MAR","Maroc","674","Disponibilité de protéines en quantité (g/personne/jour)","S2734","Viande de Volailles","2018","2018","g/personne/jour","9.28","E","Valeur estimée",""
"FBS","Bilans Alimentaires (2010-)","MAR","Maroc","671","Disponibilité de protéines en quantité (t)","S2734","Viande de Volailles","2018","2018","tonnes","121381.55","I","Valeur imputée par une agence réceptrice",""
"FBS","Bilans Alimentaires (2010-)","MAR","Maroc","684","Disponibilité de matière grasse en quantité (g/personne/jour)","S2734","Viande de Volailles","2018","2018","g/personne/jour","4.32","E","Valeur estimée",""
"FBS","Bilans Alimentaires (2010-)","MAR","Maroc","681","Disponibilité de matière grasse en quantité (t)","S2734","Viande de Volailles","2018","2018","tonnes","56478.6","I","Valeur imputée par une agence réceptrice",""
"FBS","Bilans Alimentaires (2010-)","MUS","Maurice","5511","Production","S2734","Viande de Volailles","2018","2018","1000 t","49","I","Valeur imputée par une agence réceptrice",""
"FBS","Bilans Alimentaires (2010-)","MUS","Maurice","5611","Importations - quantité","S2734","Viande de Volailles","2018","2018","1000 t","3","I","Valeur imputée par une agence réceptrice",""
"FBS","Bilans Alimentaires (2010-)","MUS","Maurice","5072","Variation de stock","S2734","Viande de Volailles","2018","2018","1000 t","0","I","Valeur imputée par une agence réceptrice",""
"FBS","Bilans Alimentaires (2010-)","MUS","Maurice","5911","Exportations - quantité","S2734","Viande de Volailles","2018","2018","1000 t","0","I","Valeur imputée par une agence réceptrice",""
"FBS","Bilans Alimentaires (2010-)","MUS","Maurice","5301","Disponibilité intérieure","S2734","Viande de Volailles","2018","2018","1000 t","52","I","Valeur imputée par une agence réceptrice",""
"FBS","Bilans Alimentaires (2010-)","MUS","Maurice","5123","Pertes","S2734","Viande de Volailles","2018","2018","1000 t","0","I","Valeur imputée par une agence réceptrice",""
"FBS","Bilans Alimentaires (2010-)","MUS","Maurice","5154","Autres utilisations (non alimentaire)","S2734","Viande de Volailles","2018","2018","1000 t","0","I","Valeur imputée par une agence réceptrice",""
"FBS","Bilans Alimentaires (2010-)","MUS","Maurice","5171","Alimentation pour touristes","S2734","Viande de Volailles","2018","2018","1000 t","1","I","Valeur imputée par une agence réceptrice",""
"FBS","Bilans Alimentaires (2010-)","MUS","Maurice","5170","Résidus","S2734","Viande de Volailles","2018","2018","1000 t","0","I","Valeur imputée par une agence réceptrice",""
"FBS","Bilans Alimentaires (2010-)","MUS","Maurice","5142","Nourriture","S2734","Viande de Volailles","2018","2018","1000 t","51","I","Valeur imputée par une agence réceptrice",""
"FBS","Bilans Alimentaires (2010-)","MUS","Maurice","645","Disponibilité alimentaire en quantité (kg/personne/an)","S2734","Viande de Volailles","2018","2018","kg/personne","39.27","E","Valeur estimée",""
"FBS","Bilans Alimentaires (2010-)","MUS","Maurice","664","Disponibilité alimentaire (Kcal/personne/jour)","S2734","Viande de Volailles","2018","2018","kcal/personne/jour","149.5","E","Valeur estimée",""
"FBS","Bilans Alimentaires (2010-)","MUS","Maurice","661","Disponibilité alimentaire (Kcal)","S2734","Viande de Volailles","2018","2018","millions de kcal","70330.68","I","Valeur imputée par une agence réceptrice",""
"FBS","Bilans Alimentaires (2010-)","MUS","Maurice","674","Disponibilité de protéines en quantité (g/personne/jour)","S2734","Viande de Volailles","2018","2018","g/personne/jour","17.82","E","Valeur estimée",""
"FBS","Bilans Alimentaires (2010-)","MUS","Maurice","671","Disponibilité de protéines en quantité (t)","S2734","Viande de Volailles","2018","2018","tonnes","8383.75","I","Valeur imputée par une agence réceptrice",""
"FBS","Bilans Alimentaires (2010-)","MUS","Maurice","684","Disponibilité de matière grasse en quantité (g/personne/jour)","S2734","Viande de Volailles","2018","2018","g/personne/jour","8.64","E","Valeur estimée",""
"FBS","Bilans Alimentaires (2010-)","MUS","Maurice","681","Disponibilité de matière grasse en quantité (t)","S2734","Viande de Volailles","2018","2018","tonnes","4062.54","I","Valeur imputée par une agence réceptrice",""
"FBS","Bilans Alimentaires (2010-)","MRT","Mauritanie","5511","Production","S2734","Viande de Volailles","2018","2018","1000 t","5","I","Valeur imputée par une agence réceptrice",""
"FBS","Bilans Alimentaires (2010-)","MRT","Mauritanie","5611","Importations - quantité","S2734","Viande de Volailles","2018","2018","1000 t","29","I","Valeur imputée par une agence réceptrice",""
"FBS","Bilans Alimentaires (2010-)","MRT","Mauritanie","5072","Variation de stock","S2734","Viande de Volailles","2018","2018","1000 t","12","I","Valeur imputée par une agence réceptrice",""
"FBS","Bilans Alimentaires (2010-)","MRT","Mauritanie","5301","Disponibilité intérieure","S2734","Viande de Volailles","2018","2018","1000 t","23","I","Valeur imputée par une agence réceptrice",""
"FBS","Bilans Alimentaires (2010-)","MRT","Mauritanie","5123","Pertes","S2734","Viande de Volailles","2018","2018","1000 t","0","I","Valeur imputée par une agence réceptrice",""
"FBS","Bilans Alimentaires (2010-)","MRT","Mauritanie","5170","Résidus","S2734","Viande de Volailles","2018","2018","1000 t","0","I","Valeur imputée par une agence réceptrice",""
"FBS","Bilans Alimentaires (2010-)","MRT","Mauritanie","5142","Nourriture","S2734","Viande de Volailles","2018","2018","1000 t","23","I","Valeur imputée par une agence réceptrice",""
"FBS","Bilans Alimentaires (2010-)","MRT","Mauritanie","645","Disponibilité alimentaire en quantité (kg/personne/an)","S2734","Viande de Volailles","2018","2018","kg/personne","5.22","E","Valeur estimée",""
"FBS","Bilans Alimentaires (2010-)","MRT","Mauritanie","664","Disponibilité alimentaire (Kcal/personne/jour)","S2734","Viande de Volailles","2018","2018","kcal/personne/jour","19.69","E","Valeur estimée",""
"FBS","Bilans Alimentaires (2010-)","MRT","Mauritanie","661","Disponibilité alimentaire (Kcal)","S2734","Viande de Volailles","2018","2018","millions de kcal","31177.1","I","Valeur imputée par une agence réceptrice",""
"FBS","Bilans Alimentaires (2010-)","MRT","Mauritanie","674","Disponibilité de protéines en quantité (g/personne/jour)","S2734","Viande de Volailles","2018","2018","g/personne/jour","2.35","E","Valeur estimée",""
"FBS","Bilans Alimentaires (2010-)","MRT","Mauritanie","671","Disponibilité de protéines en quantité (t)","S2734","Viande de Volailles","2018","2018","tonnes","3726.09","I","Valeur imputée par une agence réceptrice",""
"FBS","Bilans Alimentaires (2010-)","MRT","Mauritanie","684","Disponibilité de matière grasse en quantité (g/personne/jour)","S2734","Viande de Volailles","2018","2018","g/personne/jour","1.14","E","Valeur estimée",""
"FBS","Bilans Alimentaires (2010-)","MRT","Mauritanie","681","Disponibilité de matière grasse en quantité (t)","S2734","Viande de Volailles","2018","2018","tonnes","1805.57","I","Valeur imputée par une agence réceptrice",""
"FBS","Bilans Alimentaires (2010-)","MEX","Mexique","5511","Production","S2734","Viande de Volailles","2018","2018","1000 t","3377","I","Valeur imputée par une agence réceptrice",""
"FBS","Bilans Alimentaires (2010-)","MEX","Mexique","5611","Importations - quantité","S2734","Viande de Volailles","2018","2018","1000 t","983","I","Valeur imputée par une agence réceptrice",""
"FBS","Bilans Alimentaires (2010-)","MEX","Mexique","5072","Variation de stock","S2734","Viande de Volailles","2018","2018","1000 t","-8","I","Valeur imputée par une agence réceptrice",""
"FBS","Bilans Alimentaires (2010-)","MEX","Mexique","5911","Exportations - quantité","S2734","Viande de Volailles","2018","2018","1000 t","13","I","Valeur imputée par une agence réceptrice",""
"FBS","Bilans Alimentaires (2010-)","MEX","Mexique","5301","Disponibilité intérieure","S2734","Viande de Volailles","2018","2018","1000 t","4355","I","Valeur imputée par une agence réceptrice",""
"FBS","Bilans Alimentaires (2010-)","MEX","Mexique","5170","Résidus","S2734","Viande de Volailles","2018","2018","1000 t","0","I","Valeur imputée par une agence réceptrice",""
"FBS","Bilans Alimentaires (2010-)","MEX","Mexique","5142","Nourriture","S2734","Viande de Volailles","2018","2018","1000 t","4355","I","Valeur imputée par une agence réceptrice",""
"FBS","Bilans Alimentaires (2010-)","MEX","Mexique","645","Disponibilité alimentaire en quantité (kg/personne/an)","S2734","Viande de Volailles","2018","2018","kg/personne","34.96","E","Valeur estimée",""
"FBS","Bilans Alimentaires (2010-)","MEX","Mexique","664","Disponibilité alimentaire (Kcal/personne/jour)","S2734","Viande de Volailles","2018","2018","kcal/personne/jour","131.37","E","Valeur estimée",""
"FBS","Bilans Alimentaires (2010-)","MEX","Mexique","661","Disponibilité alimentaire (Kcal)","S2734","Viande de Volailles","2018","2018","millions de kcal","5973429.11","I","Valeur imputée par une agence réceptrice",""
"FBS","Bilans Alimentaires (2010-)","MEX","Mexique","674","Disponibilité de protéines en quantité (g/personne/jour)","S2734","Viande de Volailles","2018","2018","g/personne/jour","15.85","E","Valeur estimée",""
"FBS","Bilans Alimentaires (2010-)","MEX","Mexique","671","Disponibilité de protéines en quantité (t)","S2734","Viande de Volailles","2018","2018","tonnes","720600.96","I","Valeur imputée par une agence réceptrice",""
"FBS","Bilans Alimentaires (2010-)","MEX","Mexique","684","Disponibilité de matière grasse en quantité (g/personne/jour)","S2734","Viande de Volailles","2018","2018","g/personne/jour","7.54","E","Valeur estimée",""
"FBS","Bilans Alimentaires (2010-)","MEX","Mexique","681","Disponibilité de matière grasse en quantité (t)","S2734","Viande de Volailles","2018","2018","tonnes","342825.35","I","Valeur imputée par une agence réceptrice",""
"FBS","Bilans Alimentaires (2010-)","MNG","Mongolie","5511","Production","S2734","Viande de Volailles","2018","2018","1000 t","0","I","Valeur imputée par une agence réceptrice",""
"FBS","Bilans Alimentaires (2010-)","MNG","Mongolie","5611","Importations - quantité","S2734","Viande de Volailles","2018","2018","1000 t","12","I","Valeur imputée par une agence réceptrice",""
"FBS","Bilans Alimentaires (2010-)","MNG","Mongolie","5072","Variation de stock","S2734","Viande de Volailles","2018","2018","1000 t","0","I","Valeur imputée par une agence réceptrice",""
"FBS","Bilans Alimentaires (2010-)","MNG","Mongolie","5911","Exportations - quantité","S2734","Viande de Volailles","2018","2018","1000 t","0","I","Valeur imputée par une agence réceptrice",""
"FBS","Bilans Alimentaires (2010-)","MNG","Mongolie","5301","Disponibilité intérieure","S2734","Viande de Volailles","2018","2018","1000 t","12","I","Valeur imputée par une agence réceptrice",""
"FBS","Bilans Alimentaires (2010-)","MNG","Mongolie","5123","Pertes","S2734","Viande de Volailles","2018","2018","1000 t","0","I","Valeur imputée par une agence réceptrice",""
"FBS","Bilans Alimentaires (2010-)","MNG","Mongolie","5170","Résidus","S2734","Viande de Volailles","2018","2018","1000 t","0","I","Valeur imputée par une agence réceptrice",""
"FBS","Bilans Alimentaires (2010-)","MNG","Mongolie","5142","Nourriture","S2734","Viande de Volailles","2018","2018","1000 t","12","I","Valeur imputée par une agence réceptrice",""
"FBS","Bilans Alimentaires (2010-)","MNG","Mongolie","645","Disponibilité alimentaire en quantité (kg/personne/an)","S2734","Viande de Volailles","2018","2018","kg/personne","3.85","E","Valeur estimée",""
"FBS","Bilans Alimentaires (2010-)","MNG","Mongolie","664","Disponibilité alimentaire (Kcal/personne/jour)","S2734","Viande de Volailles","2018","2018","kcal/personne/jour","14.62","E","Valeur estimée",""
"FBS","Bilans Alimentaires (2010-)","MNG","Mongolie","661","Disponibilité alimentaire (Kcal)","S2734","Viande de Volailles","2018","2018","millions de kcal","16898.4","I","Valeur imputée par une agence réceptrice",""
"FBS","Bilans Alimentaires (2010-)","MNG","Mongolie","674","Disponibilité de protéines en quantité (g/personne/jour)","S2734","Viande de Volailles","2018","2018","g/personne/jour","1.74","E","Valeur estimée",""
"FBS","Bilans Alimentaires (2010-)","MNG","Mongolie","671","Disponibilité de protéines en quantité (t)","S2734","Viande de Volailles","2018","2018","tonnes","2016.54","I","Valeur imputée par une agence réceptrice",""
"FBS","Bilans Alimentaires (2010-)","MNG","Mongolie","684","Disponibilité de matière grasse en quantité (g/personne/jour)","S2734","Viande de Volailles","2018","2018","g/personne/jour","0.85","E","Valeur estimée",""
"FBS","Bilans Alimentaires (2010-)","MNG","Mongolie","681","Disponibilité de matière grasse en quantité (t)","S2734","Viande de Volailles","2018","2018","tonnes","977.15","I","Valeur imputée par une agence réceptrice",""
"FBS","Bilans Alimentaires (2010-)","MNE","Monténégro","5511","Production","S2734","Viande de Volailles","2018","2018","1000 t","4","I","Valeur imputée par une agence réceptrice",""
"FBS","Bilans Alimentaires (2010-)","MNE","Monténégro","5611","Importations - quantité","S2734","Viande de Volailles","2018","2018","1000 t","9","I","Valeur imputée par une agence réceptrice",""
"FBS","Bilans Alimentaires (2010-)","MNE","Monténégro","5072","Variation de stock","S2734","Viande de Volailles","2018","2018","1000 t","2","I","Valeur imputée par une agence réceptrice",""
"FBS","Bilans Alimentaires (2010-)","MNE","Monténégro","5911","Exportations - quantité","S2734","Viande de Volailles","2018","2018","1000 t","0","I","Valeur imputée par une agence réceptrice",""
"FBS","Bilans Alimentaires (2010-)","MNE","Monténégro","5301","Disponibilité intérieure","S2734","Viande de Volailles","2018","2018","1000 t","11","I","Valeur imputée par une agence réceptrice",""
"FBS","Bilans Alimentaires (2010-)","MNE","Monténégro","5123","Pertes","S2734","Viande de Volailles","2018","2018","1000 t","0","I","Valeur imputée par une agence réceptrice",""
"FBS","Bilans Alimentaires (2010-)","MNE","Monténégro","5170","Résidus","S2734","Viande de Volailles","2018","2018","1000 t","0","I","Valeur imputée par une agence réceptrice",""
"FBS","Bilans Alimentaires (2010-)","MNE","Monténégro","5142","Nourriture","S2734","Viande de Volailles","2018","2018","1000 t","11","I","Valeur imputée par une agence réceptrice",""
"FBS","Bilans Alimentaires (2010-)","MNE","Monténégro","645","Disponibilité alimentaire en quantité (kg/personne/an)","S2734","Viande de Volailles","2018","2018","kg/personne","17.13","E","Valeur estimée",""
"FBS","Bilans Alimentaires (2010-)","MNE","Monténégro","664","Disponibilité alimentaire (Kcal/personne/jour)","S2734","Viande de Volailles","2018","2018","kcal/personne/jour","65.96","E","Valeur estimée",""
"FBS","Bilans Alimentaires (2010-)","MNE","Monténégro","661","Disponibilité alimentaire (Kcal)","S2734","Viande de Volailles","2018","2018","millions de kcal","14825.5","I","Valeur imputée par une agence réceptrice",""
"FBS","Bilans Alimentaires (2010-)","MNE","Monténégro","674","Disponibilité de protéines en quantité (g/personne/jour)","S2734","Viande de Volailles","2018","2018","g/personne/jour","7.86","E","Valeur estimée",""
"FBS","Bilans Alimentaires (2010-)","MNE","Monténégro","671","Disponibilité de protéines en quantité (t)","S2734","Viande de Volailles","2018","2018","tonnes","1767.13","I","Valeur imputée par une agence réceptrice",""
"FBS","Bilans Alimentaires (2010-)","MNE","Monténégro","684","Disponibilité de matière grasse en quantité (g/personne/jour)","S2734","Viande de Volailles","2018","2018","g/personne/jour","3.77","E","Valeur estimée",""
"FBS","Bilans Alimentaires (2010-)","MNE","Monténégro","681","Disponibilité de matière grasse en quantité (t)","S2734","Viande de Volailles","2018","2018","tonnes","848.34","I","Valeur imputée par une agence réceptrice",""
"FBS","Bilans Alimentaires (2010-)","MOZ","Mozambique","5511","Production","S2734","Viande de Volailles","2018","2018","1000 t","101","I","Valeur imputée par une agence réceptrice",""
"FBS","Bilans Alimentaires (2010-)","MOZ","Mozambique","5611","Importations - quantité","S2734","Viande de Volailles","2018","2018","1000 t","25","I","Valeur imputée par une agence réceptrice",""
"FBS","Bilans Alimentaires (2010-)","MOZ","Mozambique","5072","Variation de stock","S2734","Viande de Volailles","2018","2018","1000 t","0","I","Valeur imputée par une agence réceptrice",""
"FBS","Bilans Alimentaires (2010-)","MOZ","Mozambique","5911","Exportations - quantité","S2734","Viande de Volailles","2018","2018","1000 t","0","I","Valeur imputée par une agence réceptrice",""
"FBS","Bilans Alimentaires (2010-)","MOZ","Mozambique","5301","Disponibilité intérieure","S2734","Viande de Volailles","2018","2018","1000 t","126","I","Valeur imputée par une agence réceptrice",""
"FBS","Bilans Alimentaires (2010-)","MOZ","Mozambique","5170","Résidus","S2734","Viande de Volailles","2018","2018","1000 t","0","I","Valeur imputée par une agence réceptrice",""
"FBS","Bilans Alimentaires (2010-)","MOZ","Mozambique","5142","Nourriture","S2734","Viande de Volailles","2018","2018","1000 t","126","I","Valeur imputée par une agence réceptrice",""
"FBS","Bilans Alimentaires (2010-)","MOZ","Mozambique","645","Disponibilité alimentaire en quantité (kg/personne/an)","S2734","Viande de Volailles","2018","2018","kg/personne","4.35","E","Valeur estimée",""
"FBS","Bilans Alimentaires (2010-)","MOZ","Mozambique","664","Disponibilité alimentaire (Kcal/personne/jour)","S2734","Viande de Volailles","2018","2018","kcal/personne/jour","16.5","E","Valeur estimée",""
"FBS","Bilans Alimentaires (2010-)","MOZ","Mozambique","661","Disponibilité alimentaire (Kcal)","S2734","Viande de Volailles","2018","2018","millions de kcal","174811.16","I","Valeur imputée par une agence réceptrice",""
"FBS","Bilans Alimentaires (2010-)","MOZ","Mozambique","674","Disponibilité de protéines en quantité (g/personne/jour)","S2734","Viande de Volailles","2018","2018","g/personne/jour","1.96","E","Valeur estimée",""
"FBS","Bilans Alimentaires (2010-)","MOZ","Mozambique","671","Disponibilité de protéines en quantité (t)","S2734","Viande de Volailles","2018","2018","tonnes","20784.77","I","Valeur imputée par une agence réceptrice",""
"FBS","Bilans Alimentaires (2010-)","MOZ","Mozambique","684","Disponibilité de matière grasse en quantité (g/personne/jour)","S2734","Viande de Volailles","2018","2018","g/personne/jour","0.96","E","Valeur estimée",""
"FBS","Bilans Alimentaires (2010-)","MOZ","Mozambique","681","Disponibilité de matière grasse en quantité (t)","S2734","Viande de Volailles","2018","2018","tonnes","10171.78","I","Valeur imputée par une agence réceptrice",""
"FBS","Bilans Alimentaires (2010-)","MMR","Myanmar","5511","Production","S2734","Viande de Volailles","2018","2018","1000 t","1755","I","Valeur imputée par une agence réceptrice",""
"FBS","Bilans Alimentaires (2010-)","MMR","Myanmar","5611","Importations - quantité","S2734","Viande de Volailles","2018","2018","1000 t","1","I","Valeur imputée par une agence réceptrice",""
"FBS","Bilans Alimentaires (2010-)","MMR","Myanmar","5072","Variation de stock","S2734","Viande de Volailles","2018","2018","1000 t","0","I","Valeur imputée par une agence réceptrice",""
"FBS","Bilans Alimentaires (2010-)","MMR","Myanmar","5911","Exportations - quantité","S2734","Viande de Volailles","2018","2018","1000 t","0","I","Valeur imputée par une agence réceptrice",""
"FBS","Bilans Alimentaires (2010-)","MMR","Myanmar","5301","Disponibilité intérieure","S2734","Viande de Volailles","2018","2018","1000 t","1755","I","Valeur imputée par une agence réceptrice",""
"FBS","Bilans Alimentaires (2010-)","MMR","Myanmar","5123","Pertes","S2734","Viande de Volailles","2018","2018","1000 t","71","I","Valeur imputée par une agence réceptrice",""
"FBS","Bilans Alimentaires (2010-)","MMR","Myanmar","5170","Résidus","S2734","Viande de Volailles","2018","2018","1000 t","0","I","Valeur imputée par une agence réceptrice",""
"FBS","Bilans Alimentaires (2010-)","MMR","Myanmar","5142","Nourriture","S2734","Viande de Volailles","2018","2018","1000 t","1684","I","Valeur imputée par une agence réceptrice",""
"FBS","Bilans Alimentaires (2010-)","MMR","Myanmar","645","Disponibilité alimentaire en quantité (kg/personne/an)","S2734","Viande de Volailles","2018","2018","kg/personne","32.22","E","Valeur estimée",""
"FBS","Bilans Alimentaires (2010-)","MMR","Myanmar","664","Disponibilité alimentaire (Kcal/personne/jour)","S2734","Viande de Volailles","2018","2018","kcal/personne/jour","125.97","E","Valeur estimée",""
"FBS","Bilans Alimentaires (2010-)","MMR","Myanmar","661","Disponibilité alimentaire (Kcal)","S2734","Viande de Volailles","2018","2018","millions de kcal","2403445.03","I","Valeur imputée par une agence réceptrice",""
"FBS","Bilans Alimentaires (2010-)","MMR","Myanmar","674","Disponibilité de protéines en quantité (g/personne/jour)","S2734","Viande de Volailles","2018","2018","g/personne/jour","14.41","E","Valeur estimée",""
"FBS","Bilans Alimentaires (2010-)","MMR","Myanmar","671","Disponibilité de protéines en quantité (t)","S2734","Viande de Volailles","2018","2018","tonnes","274906.58","I","Valeur imputée par une agence réceptrice",""
"FBS","Bilans Alimentaires (2010-)","MMR","Myanmar","684","Disponibilité de matière grasse en quantité (g/personne/jour)","S2734","Viande de Volailles","2018","2018","g/personne/jour","7.59","E","Valeur estimée",""
"FBS","Bilans Alimentaires (2010-)","MMR","Myanmar","681","Disponibilité de matière grasse en quantité (t)","S2734","Viande de Volailles","2018","2018","tonnes","144741.19","I","Valeur imputée par une agence réceptrice",""
"FBS","Bilans Alimentaires (2010-)","NAM","Namibie","5511","Production","S2734","Viande de Volailles","2018","2018","1000 t","10","I","Valeur imputée par une agence réceptrice",""
"FBS","Bilans Alimentaires (2010-)","NAM","Namibie","5611","Importations - quantité","S2734","Viande de Volailles","2018","2018","1000 t","26","I","Valeur imputée par une agence réceptrice",""
"FBS","Bilans Alimentaires (2010-)","NAM","Namibie","5072","Variation de stock","S2734","Viande de Volailles","2018","2018","1000 t","0","I","Valeur imputée par une agence réceptrice",""
"FBS","Bilans Alimentaires (2010-)","NAM","Namibie","5911","Exportations - quantité","S2734","Viande de Volailles","2018","2018","1000 t","12","I","Valeur imputée par une agence réceptrice",""
"FBS","Bilans Alimentaires (2010-)","NAM","Namibie","5301","Disponibilité intérieure","S2734","Viande de Volailles","2018","2018","1000 t","24","I","Valeur imputée par une agence réceptrice",""
"FBS","Bilans Alimentaires (2010-)","NAM","Namibie","5123","Pertes","S2734","Viande de Volailles","2018","2018","1000 t","0","I","Valeur imputée par une agence réceptrice",""
"FBS","Bilans Alimentaires (2010-)","NAM","Namibie","5170","Résidus","S2734","Viande de Volailles","2018","2018","1000 t","0","I","Valeur imputée par une agence réceptrice",""
"FBS","Bilans Alimentaires (2010-)","NAM","Namibie","5142","Nourriture","S2734","Viande de Volailles","2018","2018","1000 t","24","I","Valeur imputée par une agence réceptrice",""
"FBS","Bilans Alimentaires (2010-)","NAM","Namibie","645","Disponibilité alimentaire en quantité (kg/personne/an)","S2734","Viande de Volailles","2018","2018","kg/personne","9.31","E","Valeur estimée",""
"FBS","Bilans Alimentaires (2010-)","NAM","Namibie","664","Disponibilité alimentaire (Kcal/personne/jour)","S2734","Viande de Volailles","2018","2018","kcal/personne/jour","35.77","E","Valeur estimée",""
"FBS","Bilans Alimentaires (2010-)","NAM","Namibie","661","Disponibilité alimentaire (Kcal)","S2734","Viande de Volailles","2018","2018","millions de kcal","33647.09","I","Valeur imputée par une agence réceptrice",""
"FBS","Bilans Alimentaires (2010-)","NAM","Namibie","674","Disponibilité de protéines en quantité (g/personne/jour)","S2734","Viande de Volailles","2018","2018","g/personne/jour","4.24","E","Valeur estimée",""
"FBS","Bilans Alimentaires (2010-)","NAM","Namibie","671","Disponibilité de protéines en quantité (t)","S2734","Viande de Volailles","2018","2018","tonnes","3985.15","I","Valeur imputée par une agence réceptrice",""
"FBS","Bilans Alimentaires (2010-)","NAM","Namibie","684","Disponibilité de matière grasse en quantité (g/personne/jour)","S2734","Viande de Volailles","2018","2018","g/personne/jour","2.05","E","Valeur estimée",""
"FBS","Bilans Alimentaires (2010-)","NAM","Namibie","681","Disponibilité de matière grasse en quantité (t)","S2734","Viande de Volailles","2018","2018","tonnes","1928.68","I","Valeur imputée par une agence réceptrice",""
"FBS","Bilans Alimentaires (2010-)","NPL","Népal","5511","Production","S2734","Viande de Volailles","2018","2018","1000 t","60","I","Valeur imputée par une agence réceptrice",""
"FBS","Bilans Alimentaires (2010-)","NPL","Népal","5611","Importations - quantité","S2734","Viande de Volailles","2018","2018","1000 t","0","I","Valeur imputée par une agence réceptrice",""
"FBS","Bilans Alimentaires (2010-)","NPL","Népal","5072","Variation de stock","S2734","Viande de Volailles","2018","2018","1000 t","0","I","Valeur imputée par une agence réceptrice",""
"FBS","Bilans Alimentaires (2010-)","NPL","Népal","5301","Disponibilité intérieure","S2734","Viande de Volailles","2018","2018","1000 t","61","I","Valeur imputée par une agence réceptrice",""
"FBS","Bilans Alimentaires (2010-)","NPL","Népal","5171","Alimentation pour touristes","S2734","Viande de Volailles","2018","2018","1000 t","0","I","Valeur imputée par une agence réceptrice",""
"FBS","Bilans Alimentaires (2010-)","NPL","Népal","5170","Résidus","S2734","Viande de Volailles","2018","2018","1000 t","0","I","Valeur imputée par une agence réceptrice",""
"FBS","Bilans Alimentaires (2010-)","NPL","Népal","5142","Nourriture","S2734","Viande de Volailles","2018","2018","1000 t","61","I","Valeur imputée par une agence réceptrice",""
"FBS","Bilans Alimentaires (2010-)","NPL","Népal","645","Disponibilité alimentaire en quantité (kg/personne/an)","S2734","Viande de Volailles","2018","2018","kg/personne","2.16","E","Valeur estimée",""
"FBS","Bilans Alimentaires (2010-)","NPL","Népal","664","Disponibilité alimentaire (Kcal/personne/jour)","S2734","Viande de Volailles","2018","2018","kcal/personne/jour","8.16","E","Valeur estimée",""
"FBS","Bilans Alimentaires (2010-)","NPL","Népal","661","Disponibilité alimentaire (Kcal)","S2734","Viande de Volailles","2018","2018","millions de kcal","83601.74","I","Valeur imputée par une agence réceptrice",""
"FBS","Bilans Alimentaires (2010-)","NPL","Népal","674","Disponibilité de protéines en quantité (g/personne/jour)","S2734","Viande de Volailles","2018","2018","g/personne/jour","0.97","E","Valeur estimée",""
"FBS","Bilans Alimentaires (2010-)","NPL","Népal","671","Disponibilité de protéines en quantité (t)","S2734","Viande de Volailles","2018","2018","tonnes","9974","I","Valeur imputée par une agence réceptrice",""
"FBS","Bilans Alimentaires (2010-)","NPL","Népal","684","Disponibilité de matière grasse en quantité (g/personne/jour)","S2734","Viande de Volailles","2018","2018","g/personne/jour","0.47","E","Valeur estimée",""
"FBS","Bilans Alimentaires (2010-)","NPL","Népal","681","Disponibilité de matière grasse en quantité (t)","S2734","Viande de Volailles","2018","2018","tonnes","4850.4","I","Valeur imputée par une agence réceptrice",""
"FBS","Bilans Alimentaires (2010-)","NIC","Nicaragua","5511","Production","S2734","Viande de Volailles","2018","2018","1000 t","140","I","Valeur imputée par une agence réceptrice",""
"FBS","Bilans Alimentaires (2010-)","NIC","Nicaragua","5611","Importations - quantité","S2734","Viande de Volailles","2018","2018","1000 t","7","I","Valeur imputée par une agence réceptrice",""
"FBS","Bilans Alimentaires (2010-)","NIC","Nicaragua","5072","Variation de stock","S2734","Viande de Volailles","2018","2018","1000 t","14","I","Valeur imputée par une agence réceptrice",""
"FBS","Bilans Alimentaires (2010-)","NIC","Nicaragua","5911","Exportations - quantité","S2734","Viande de Volailles","2018","2018","1000 t","0","I","Valeur imputée par une agence réceptrice",""
"FBS","Bilans Alimentaires (2010-)","NIC","Nicaragua","5301","Disponibilité intérieure","S2734","Viande de Volailles","2018","2018","1000 t","132","I","Valeur imputée par une agence réceptrice",""
"FBS","Bilans Alimentaires (2010-)","NIC","Nicaragua","5123","Pertes","S2734","Viande de Volailles","2018","2018","1000 t","0","I","Valeur imputée par une agence réceptrice",""
"FBS","Bilans Alimentaires (2010-)","NIC","Nicaragua","5170","Résidus","S2734","Viande de Volailles","2018","2018","1000 t","0","I","Valeur imputée par une agence réceptrice",""
"FBS","Bilans Alimentaires (2010-)","NIC","Nicaragua","5142","Nourriture","S2734","Viande de Volailles","2018","2018","1000 t","132","I","Valeur imputée par une agence réceptrice",""
"FBS","Bilans Alimentaires (2010-)","NIC","Nicaragua","645","Disponibilité alimentaire en quantité (kg/personne/an)","S2734","Viande de Volailles","2018","2018","kg/personne","20.7","E","Valeur estimée",""
"FBS","Bilans Alimentaires (2010-)","NIC","Nicaragua","664","Disponibilité alimentaire (Kcal/personne/jour)","S2734","Viande de Volailles","2018","2018","kcal/personne/jour","78.26","E","Valeur estimée",""
"FBS","Bilans Alimentaires (2010-)","NIC","Nicaragua","661","Disponibilité alimentaire (Kcal)","S2734","Viande de Volailles","2018","2018","millions de kcal","182816.24","I","Valeur imputée par une agence réceptrice",""
"FBS","Bilans Alimentaires (2010-)","NIC","Nicaragua","674","Disponibilité de protéines en quantité (g/personne/jour)","S2734","Viande de Volailles","2018","2018","g/personne/jour","9.35","E","Valeur estimée",""
"FBS","Bilans Alimentaires (2010-)","NIC","Nicaragua","671","Disponibilité de protéines en quantité (t)","S2734","Viande de Volailles","2018","2018","tonnes","21840.59","I","Valeur imputée par une agence réceptrice",""
"FBS","Bilans Alimentaires (2010-)","NIC","Nicaragua","684","Disponibilité de matière grasse en quantité (g/personne/jour)","S2734","Viande de Volailles","2018","2018","g/personne/jour","4.53","E","Valeur estimée",""
"FBS","Bilans Alimentaires (2010-)","NIC","Nicaragua","681","Disponibilité de matière grasse en quantité (t)","S2734","Viande de Volailles","2018","2018","tonnes","10581.25","I","Valeur imputée par une agence réceptrice",""
"FBS","Bilans Alimentaires (2010-)","NER","Niger","5511","Production","S2734","Viande de Volailles","2018","2018","1000 t","19","I","Valeur imputée par une agence réceptrice",""
"FBS","Bilans Alimentaires (2010-)","NER","Niger","5611","Importations - quantité","S2734","Viande de Volailles","2018","2018","1000 t","2","I","Valeur imputée par une agence réceptrice",""
"FBS","Bilans Alimentaires (2010-)","NER","Niger","5072","Variation de stock","S2734","Viande de Volailles","2018","2018","1000 t","-4","I","Valeur imputée par une agence réceptrice",""
"FBS","Bilans Alimentaires (2010-)","NER","Niger","5911","Exportations - quantité","S2734","Viande de Volailles","2018","2018","1000 t","0","I","Valeur imputée par une agence réceptrice",""
"FBS","Bilans Alimentaires (2010-)","NER","Niger","5301","Disponibilité intérieure","S2734","Viande de Volailles","2018","2018","1000 t","24","I","Valeur imputée par une agence réceptrice",""
"FBS","Bilans Alimentaires (2010-)","NER","Niger","5123","Pertes","S2734","Viande de Volailles","2018","2018","1000 t","0","I","Valeur imputée par une agence réceptrice",""
"FBS","Bilans Alimentaires (2010-)","NER","Niger","5170","Résidus","S2734","Viande de Volailles","2018","2018","1000 t","0","I","Valeur imputée par une agence réceptrice",""
"FBS","Bilans Alimentaires (2010-)","NER","Niger","5142","Nourriture","S2734","Viande de Volailles","2018","2018","1000 t","24","I","Valeur imputée par une agence réceptrice",""
"FBS","Bilans Alimentaires (2010-)","NER","Niger","645","Disponibilité alimentaire en quantité (kg/personne/an)","S2734","Viande de Volailles","2018","2018","kg/personne","1.1","E","Valeur estimée",""
"FBS","Bilans Alimentaires (2010-)","NER","Niger","664","Disponibilité alimentaire (Kcal/personne/jour)","S2734","Viande de Volailles","2018","2018","kcal/personne/jour","4.15","E","Valeur estimée",""
"FBS","Bilans Alimentaires (2010-)","NER","Niger","661","Disponibilité alimentaire (Kcal)","S2734","Viande de Volailles","2018","2018","millions de kcal","33639.93","I","Valeur imputée par une agence réceptrice",""
"FBS","Bilans Alimentaires (2010-)","NER","Niger","674","Disponibilité de protéines en quantité (g/personne/jour)","S2734","Viande de Volailles","2018","2018","g/personne/jour","0.5","E","Valeur estimée",""
"FBS","Bilans Alimentaires (2010-)","NER","Niger","671","Disponibilité de protéines en quantité (t)","S2734","Viande de Volailles","2018","2018","tonnes","4041.11","I","Valeur imputée par une agence réceptrice",""
"FBS","Bilans Alimentaires (2010-)","NER","Niger","684","Disponibilité de matière grasse en quantité (g/personne/jour)","S2734","Viande de Volailles","2018","2018","g/personne/jour","0.24","E","Valeur estimée",""
"FBS","Bilans Alimentaires (2010-)","NER","Niger","681","Disponibilité de matière grasse en quantité (t)","S2734","Viande de Volailles","2018","2018","tonnes","1938.85","I","Valeur imputée par une agence réceptrice",""
"FBS","Bilans Alimentaires (2010-)","NGA","Nigéria","5511","Production","S2734","Viande de Volailles","2018","2018","1000 t","260","I","Valeur imputée par une agence réceptrice",""
"FBS","Bilans Alimentaires (2010-)","NGA","Nigéria","5611","Importations - quantité","S2734","Viande de Volailles","2018","2018","1000 t","18","I","Valeur imputée par une agence réceptrice",""
"FBS","Bilans Alimentaires (2010-)","NGA","Nigéria","5072","Variation de stock","S2734","Viande de Volailles","2018","2018","1000 t","0","I","Valeur imputée par une agence réceptrice",""
"FBS","Bilans Alimentaires (2010-)","NGA","Nigéria","5911","Exportations - quantité","S2734","Viande de Volailles","2018","2018","1000 t","0","I","Valeur imputée par une agence réceptrice",""
"FBS","Bilans Alimentaires (2010-)","NGA","Nigéria","5301","Disponibilité intérieure","S2734","Viande de Volailles","2018","2018","1000 t","278","I","Valeur imputée par une agence réceptrice",""
"FBS","Bilans Alimentaires (2010-)","NGA","Nigéria","5170","Résidus","S2734","Viande de Volailles","2018","2018","1000 t","0","I","Valeur imputée par une agence réceptrice",""
"FBS","Bilans Alimentaires (2010-)","NGA","Nigéria","5142","Nourriture","S2734","Viande de Volailles","2018","2018","1000 t","278","I","Valeur imputée par une agence réceptrice",""
"FBS","Bilans Alimentaires (2010-)","NGA","Nigéria","645","Disponibilité alimentaire en quantité (kg/personne/an)","S2734","Viande de Volailles","2018","2018","kg/personne","1.36","E","Valeur estimée",""
"FBS","Bilans Alimentaires (2010-)","NGA","Nigéria","664","Disponibilité alimentaire (Kcal/personne/jour)","S2734","Viande de Volailles","2018","2018","kcal/personne/jour","5.12","E","Valeur estimée",""
"FBS","Bilans Alimentaires (2010-)","NGA","Nigéria","661","Disponibilité alimentaire (Kcal)","S2734","Viande de Volailles","2018","2018","millions de kcal","382979.44","I","Valeur imputée par une agence réceptrice",""
"FBS","Bilans Alimentaires (2010-)","NGA","Nigéria","674","Disponibilité de protéines en quantité (g/personne/jour)","S2734","Viande de Volailles","2018","2018","g/personne/jour","0.61","E","Valeur estimée",""
"FBS","Bilans Alimentaires (2010-)","NGA","Nigéria","671","Disponibilité de protéines en quantité (t)","S2734","Viande de Volailles","2018","2018","tonnes","45888.64","I","Valeur imputée par une agence réceptrice",""
"FBS","Bilans Alimentaires (2010-)","NGA","Nigéria","684","Disponibilité de matière grasse en quantité (g/personne/jour)","S2734","Viande de Volailles","2018","2018","g/personne/jour","0.3","E","Valeur estimée",""
"FBS","Bilans Alimentaires (2010-)","NGA","Nigéria","681","Disponibilité de matière grasse en quantité (t)","S2734","Viande de Volailles","2018","2018","tonnes","22131.33","I","Valeur imputée par une agence réceptrice",""
"FBS","Bilans Alimentaires (2010-)","NOR","Norvège","5511","Production","S2734","Viande de Volailles","2018","2018","1000 t","98","I","Valeur imputée par une agence réceptrice",""
"FBS","Bilans Alimentaires (2010-)","NOR","Norvège","5611","Importations - quantité","S2734","Viande de Volailles","2018","2018","1000 t","2","I","Valeur imputée par une agence réceptrice",""
"FBS","Bilans Alimentaires (2010-)","NOR","Norvège","5072","Variation de stock","S2734","Viande de Volailles","2018","2018","1000 t","-11","I","Valeur imputée par une agence réceptrice",""
"FBS","Bilans Alimentaires (2010-)","NOR","Norvège","5911","Exportations - quantité","S2734","Viande de Volailles","2018","2018","1000 t","0","I","Valeur imputée par une agence réceptrice",""
"FBS","Bilans Alimentaires (2010-)","NOR","Norvège","5301","Disponibilité intérieure","S2734","Viande de Volailles","2018","2018","1000 t","111","I","Valeur imputée par une agence réceptrice",""
"FBS","Bilans Alimentaires (2010-)","NOR","Norvège","5123","Pertes","S2734","Viande de Volailles","2018","2018","1000 t","0","I","Valeur imputée par une agence réceptrice",""
"FBS","Bilans Alimentaires (2010-)","NOR","Norvège","5131","Traitement","S2734","Viande de Volailles","2018","2018","1000 t","1","I","Valeur imputée par une agence réceptrice",""
"FBS","Bilans Alimentaires (2010-)","NOR","Norvège","5170","Résidus","S2734","Viande de Volailles","2018","2018","1000 t","0","I","Valeur imputée par une agence réceptrice",""
"FBS","Bilans Alimentaires (2010-)","NOR","Norvège","5142","Nourriture","S2734","Viande de Volailles","2018","2018","1000 t","110","I","Valeur imputée par une agence réceptrice",""
"FBS","Bilans Alimentaires (2010-)","NOR","Norvège","645","Disponibilité alimentaire en quantité (kg/personne/an)","S2734","Viande de Volailles","2018","2018","kg/personne","20.67","E","Valeur estimée",""
"FBS","Bilans Alimentaires (2010-)","NOR","Norvège","664","Disponibilité alimentaire (Kcal/personne/jour)","S2734","Viande de Volailles","2018","2018","kcal/personne/jour","77.29","E","Valeur estimée",""
"FBS","Bilans Alimentaires (2010-)","NOR","Norvège","661","Disponibilité alimentaire (Kcal)","S2734","Viande de Volailles","2018","2018","millions de kcal","149857.82","I","Valeur imputée par une agence réceptrice",""
"FBS","Bilans Alimentaires (2010-)","NOR","Norvège","674","Disponibilité de protéines en quantité (g/personne/jour)","S2734","Viande de Volailles","2018","2018","g/personne/jour","9.45","E","Valeur estimée",""
"FBS","Bilans Alimentaires (2010-)","NOR","Norvège","671","Disponibilité de protéines en quantité (t)","S2734","Viande de Volailles","2018","2018","tonnes","18326.61","I","Valeur imputée par une agence réceptrice",""
"FBS","Bilans Alimentaires (2010-)","NOR","Norvège","684","Disponibilité de matière grasse en quantité (g/personne/jour)","S2734","Viande de Volailles","2018","2018","g/personne/jour","4.37","E","Valeur estimée",""
"FBS","Bilans Alimentaires (2010-)","NOR","Norvège","681","Disponibilité de matière grasse en quantité (t)","S2734","Viande de Volailles","2018","2018","tonnes","8477.33","I","Valeur imputée par une agence réceptrice",""
"FBS","Bilans Alimentaires (2010-)","NCL","Nouvelle-Calédonie","5511","Production","S2734","Viande de Volailles","2018","2018","1000 t","1","I","Valeur imputée par une agence réceptrice",""
"FBS","Bilans Alimentaires (2010-)","NCL","Nouvelle-Calédonie","5611","Importations - quantité","S2734","Viande de Volailles","2018","2018","1000 t","9","I","Valeur imputée par une agence réceptrice",""
"FBS","Bilans Alimentaires (2010-)","NCL","Nouvelle-Calédonie","5072","Variation de stock","S2734","Viande de Volailles","2018","2018","1000 t","0","I","Valeur imputée par une agence réceptrice",""
"FBS","Bilans Alimentaires (2010-)","NCL","Nouvelle-Calédonie","5301","Disponibilité intérieure","S2734","Viande de Volailles","2018","2018","1000 t","10","I","Valeur imputée par une agence réceptrice",""
"FBS","Bilans Alimentaires (2010-)","NCL","Nouvelle-Calédonie","5123","Pertes","S2734","Viande de Volailles","2018","2018","1000 t","0","I","Valeur imputée par une agence réceptrice",""
"FBS","Bilans Alimentaires (2010-)","NCL","Nouvelle-Calédonie","5171","Alimentation pour touristes","S2734","Viande de Volailles","2018","2018","1000 t","0","I","Valeur imputée par une agence réceptrice",""
"FBS","Bilans Alimentaires (2010-)","NCL","Nouvelle-Calédonie","5170","Résidus","S2734","Viande de Volailles","2018","2018","1000 t","0","I","Valeur imputée par une agence réceptrice",""
"FBS","Bilans Alimentaires (2010-)","NCL","Nouvelle-Calédonie","5142","Nourriture","S2734","Viande de Volailles","2018","2018","1000 t","10","I","Valeur imputée par une agence réceptrice",""
"FBS","Bilans Alimentaires (2010-)","NCL","Nouvelle-Calédonie","645","Disponibilité alimentaire en quantité (kg/personne/an)","S2734","Viande de Volailles","2018","2018","kg/personne","35.21","E","Valeur estimée",""
"FBS","Bilans Alimentaires (2010-)","NCL","Nouvelle-Calédonie","664","Disponibilité alimentaire (Kcal/personne/jour)","S2734","Viande de Volailles","2018","2018","kcal/personne/jour","135.26","E","Valeur estimée",""
"FBS","Bilans Alimentaires (2010-)","NCL","Nouvelle-Calédonie","661","Disponibilité alimentaire (Kcal)","S2734","Viande de Volailles","2018","2018","millions de kcal","13998.28","I","Valeur imputée par une agence réceptrice",""
"FBS","Bilans Alimentaires (2010-)","NCL","Nouvelle-Calédonie","674","Disponibilité de protéines en quantité (g/personne/jour)","S2734","Viande de Volailles","2018","2018","g/personne/jour","15.83","E","Valeur estimée",""
"FBS","Bilans Alimentaires (2010-)","NCL","Nouvelle-Calédonie","671","Disponibilité de protéines en quantité (t)","S2734","Viande de Volailles","2018","2018","tonnes","1638.79","I","Valeur imputée par une agence réceptrice",""
"FBS","Bilans Alimentaires (2010-)","NCL","Nouvelle-Calédonie","684","Disponibilité de matière grasse en quantité (g/personne/jour)","S2734","Viande de Volailles","2018","2018","g/personne/jour","7.89","E","Valeur estimée",""
"FBS","Bilans Alimentaires (2010-)","NCL","Nouvelle-Calédonie","681","Disponibilité de matière grasse en quantité (t)","S2734","Viande de Volailles","2018","2018","tonnes","816.25","I","Valeur imputée par une agence réceptrice",""
"FBS","Bilans Alimentaires (2010-)","NZL","Nouvelle-Zélande","5511","Production","S2734","Viande de Volailles","2018","2018","1000 t","232","I","Valeur imputée par une agence réceptrice",""
"FBS","Bilans Alimentaires (2010-)","NZL","Nouvelle-Zélande","5611","Importations - quantité","S2734","Viande de Volailles","2018","2018","1000 t","1","I","Valeur imputée par une agence réceptrice",""
"FBS","Bilans Alimentaires (2010-)","NZL","Nouvelle-Zélande","5072","Variation de stock","S2734","Viande de Volailles","2018","2018","1000 t","0","I","Valeur imputée par une agence réceptrice",""
"FBS","Bilans Alimentaires (2010-)","NZL","Nouvelle-Zélande","5911","Exportations - quantité","S2734","Viande de Volailles","2018","2018","1000 t","23","I","Valeur imputée par une agence réceptrice",""
"FBS","Bilans Alimentaires (2010-)","NZL","Nouvelle-Zélande","5301","Disponibilité intérieure","S2734","Viande de Volailles","2018","2018","1000 t","209","I","Valeur imputée par une agence réceptrice",""
"FBS","Bilans Alimentaires (2010-)","NZL","Nouvelle-Zélande","5123","Pertes","S2734","Viande de Volailles","2018","2018","1000 t","0","I","Valeur imputée par une agence réceptrice",""
"FBS","Bilans Alimentaires (2010-)","NZL","Nouvelle-Zélande","5131","Traitement","S2734","Viande de Volailles","2018","2018","1000 t","88","I","Valeur imputée par une agence réceptrice",""
"FBS","Bilans Alimentaires (2010-)","NZL","Nouvelle-Zélande","5170","Résidus","S2734","Viande de Volailles","2018","2018","1000 t","0","I","Valeur imputée par une agence réceptrice",""
"FBS","Bilans Alimentaires (2010-)","NZL","Nouvelle-Zélande","5142","Nourriture","S2734","Viande de Volailles","2018","2018","1000 t","121","I","Valeur imputée par une agence réceptrice",""
"FBS","Bilans Alimentaires (2010-)","NZL","Nouvelle-Zélande","645","Disponibilité alimentaire en quantité (kg/personne/an)","S2734","Viande de Volailles","2018","2018","kg/personne","24.69","E","Valeur estimée",""
"FBS","Bilans Alimentaires (2010-)","NZL","Nouvelle-Zélande","664","Disponibilité alimentaire (Kcal/personne/jour)","S2734","Viande de Volailles","2018","2018","kcal/personne/jour","93.74","E","Valeur estimée",""
"FBS","Bilans Alimentaires (2010-)","NZL","Nouvelle-Zélande","661","Disponibilité alimentaire (Kcal)","S2734","Viande de Volailles","2018","2018","millions de kcal","167687.31","I","Valeur imputée par une agence réceptrice",""
"FBS","Bilans Alimentaires (2010-)","NZL","Nouvelle-Zélande","674","Disponibilité de protéines en quantité (g/personne/jour)","S2734","Viande de Volailles","2018","2018","g/personne/jour","11.19","E","Valeur estimée",""
"FBS","Bilans Alimentaires (2010-)","NZL","Nouvelle-Zélande","671","Disponibilité de protéines en quantité (t)","S2734","Viande de Volailles","2018","2018","tonnes","20012.1","I","Valeur imputée par une agence réceptrice",""
"FBS","Bilans Alimentaires (2010-)","NZL","Nouvelle-Zélande","684","Disponibilité de matière grasse en quantité (g/personne/jour)","S2734","Viande de Volailles","2018","2018","g/personne/jour","5.42","E","Valeur estimée",""
"FBS","Bilans Alimentaires (2010-)","NZL","Nouvelle-Zélande","681","Disponibilité de matière grasse en quantité (t)","S2734","Viande de Volailles","2018","2018","tonnes","9691.11","I","Valeur imputée par une agence réceptrice",""
"FBS","Bilans Alimentaires (2010-)","OMN","Oman","5511","Production","S2734","Viande de Volailles","2018","2018","1000 t","7","I","Valeur imputée par une agence réceptrice",""
"FBS","Bilans Alimentaires (2010-)","OMN","Oman","5611","Importations - quantité","S2734","Viande de Volailles","2018","2018","1000 t","120","I","Valeur imputée par une agence réceptrice",""
"FBS","Bilans Alimentaires (2010-)","OMN","Oman","5072","Variation de stock","S2734","Viande de Volailles","2018","2018","1000 t","12","I","Valeur imputée par une agence réceptrice",""
"FBS","Bilans Alimentaires (2010-)","OMN","Oman","5911","Exportations - quantité","S2734","Viande de Volailles","2018","2018","1000 t","15","I","Valeur imputée par une agence réceptrice",""
"FBS","Bilans Alimentaires (2010-)","OMN","Oman","5301","Disponibilité intérieure","S2734","Viande de Volailles","2018","2018","1000 t","100","I","Valeur imputée par une agence réceptrice",""
"FBS","Bilans Alimentaires (2010-)","OMN","Oman","5154","Autres utilisations (non alimentaire)","S2734","Viande de Volailles","2018","2018","1000 t","0","I","Valeur imputée par une agence réceptrice",""
"FBS","Bilans Alimentaires (2010-)","OMN","Oman","5170","Résidus","S2734","Viande de Volailles","2018","2018","1000 t","0","I","Valeur imputée par une agence réceptrice",""
"FBS","Bilans Alimentaires (2010-)","OMN","Oman","5142","Nourriture","S2734","Viande de Volailles","2018","2018","1000 t","100","I","Valeur imputée par une agence réceptrice",""
"FBS","Bilans Alimentaires (2010-)","OMN","Oman","645","Disponibilité alimentaire en quantité (kg/personne/an)","S2734","Viande de Volailles","2018","2018","kg/personne","21.76","E","Valeur estimée",""
"FBS","Bilans Alimentaires (2010-)","OMN","Oman","664","Disponibilité alimentaire (Kcal/personne/jour)","S2734","Viande de Volailles","2018","2018","kcal/personne/jour","82.47","E","Valeur estimée",""
"FBS","Bilans Alimentaires (2010-)","OMN","Oman","661","Disponibilité alimentaire (Kcal)","S2734","Viande de Volailles","2018","2018","millions de kcal","138407.17","I","Valeur imputée par une agence réceptrice",""
"FBS","Bilans Alimentaires (2010-)","OMN","Oman","674","Disponibilité de protéines en quantité (g/personne/jour)","S2734","Viande de Volailles","2018","2018","g/personne/jour","9.85","E","Valeur estimée",""
"FBS","Bilans Alimentaires (2010-)","OMN","Oman","671","Disponibilité de protéines en quantité (t)","S2734","Viande de Volailles","2018","2018","tonnes","16531.31","I","Valeur imputée par une agence réceptrice",""
"FBS","Bilans Alimentaires (2010-)","OMN","Oman","684","Disponibilité de matière grasse en quantité (g/personne/jour)","S2734","Viande de Volailles","2018","2018","g/personne/jour","4.77","E","Valeur estimée",""
"FBS","Bilans Alimentaires (2010-)","OMN","Oman","681","Disponibilité de matière grasse en quantité (t)","S2734","Viande de Volailles","2018","2018","tonnes","7997.91","I","Valeur imputée par une agence réceptrice",""
"FBS","Bilans Alimentaires (2010-)","UGA","Ouganda","5511","Production","S2734","Viande de Volailles","2018","2018","1000 t","67","I","Valeur imputée par une agence réceptrice",""
"FBS","Bilans Alimentaires (2010-)","UGA","Ouganda","5611","Importations - quantité","S2734","Viande de Volailles","2018","2018","1000 t","0","I","Valeur imputée par une agence réceptrice",""
"FBS","Bilans Alimentaires (2010-)","UGA","Ouganda","5072","Variation de stock","S2734","Viande de Volailles","2018","2018","1000 t","0","I","Valeur imputée par une agence réceptrice",""
"FBS","Bilans Alimentaires (2010-)","UGA","Ouganda","5911","Exportations - quantité","S2734","Viande de Volailles","2018","2018","1000 t","1","I","Valeur imputée par une agence réceptrice",""
"FBS","Bilans Alimentaires (2010-)","UGA","Ouganda","5301","Disponibilité intérieure","S2734","Viande de Volailles","2018","2018","1000 t","66","I","Valeur imputée par une agence réceptrice",""
"FBS","Bilans Alimentaires (2010-)","UGA","Ouganda","5170","Résidus","S2734","Viande de Volailles","2018","2018","1000 t","0","I","Valeur imputée par une agence réceptrice",""
"FBS","Bilans Alimentaires (2010-)","UGA","Ouganda","5142","Nourriture","S2734","Viande de Volailles","2018","2018","1000 t","66","I","Valeur imputée par une agence réceptrice",""
"FBS","Bilans Alimentaires (2010-)","UGA","Ouganda","645","Disponibilité alimentaire en quantité (kg/personne/an)","S2734","Viande de Volailles","2018","2018","kg/personne","1.6","E","Valeur estimée",""
"FBS","Bilans Alimentaires (2010-)","UGA","Ouganda","664","Disponibilité alimentaire (Kcal/personne/jour)","S2734","Viande de Volailles","2018","2018","kcal/personne/jour","6.03","E","Valeur estimée",""
"FBS","Bilans Alimentaires (2010-)","UGA","Ouganda","661","Disponibilité alimentaire (Kcal)","S2734","Viande de Volailles","2018","2018","millions de kcal","91525.31","I","Valeur imputée par une agence réceptrice",""
"FBS","Bilans Alimentaires (2010-)","UGA","Ouganda","674","Disponibilité de protéines en quantité (g/personne/jour)","S2734","Viande de Volailles","2018","2018","g/personne/jour","0.72","E","Valeur estimée",""
"FBS","Bilans Alimentaires (2010-)","UGA","Ouganda","671","Disponibilité de protéines en quantité (t)","S2734","Viande de Volailles","2018","2018","tonnes","10937.84","I","Valeur imputée par une agence réceptrice",""
"FBS","Bilans Alimentaires (2010-)","UGA","Ouganda","684","Disponibilité de matière grasse en quantité (g/personne/jour)","S2734","Viande de Volailles","2018","2018","g/personne/jour","0.35","E","Valeur estimée",""
"FBS","Bilans Alimentaires (2010-)","UGA","Ouganda","681","Disponibilité de matière grasse en quantité (t)","S2734","Viande de Volailles","2018","2018","tonnes","5301.44","I","Valeur imputée par une agence réceptrice",""
"FBS","Bilans Alimentaires (2010-)","UZB","Ouzbékistan","5511","Production","S2734","Viande de Volailles","2018","2018","1000 t","59","I","Valeur imputée par une agence réceptrice",""
"FBS","Bilans Alimentaires (2010-)","UZB","Ouzbékistan","5611","Importations - quantité","S2734","Viande de Volailles","2018","2018","1000 t","7","I","Valeur imputée par une agence réceptrice",""
"FBS","Bilans Alimentaires (2010-)","UZB","Ouzbékistan","5072","Variation de stock","S2734","Viande de Volailles","2018","2018","1000 t","-10","I","Valeur imputée par une agence réceptrice",""
"FBS","Bilans Alimentaires (2010-)","UZB","Ouzbékistan","5911","Exportations - quantité","S2734","Viande de Volailles","2018","2018","1000 t","0","I","Valeur imputée par une agence réceptrice",""
"FBS","Bilans Alimentaires (2010-)","UZB","Ouzbékistan","5301","Disponibilité intérieure","S2734","Viande de Volailles","2018","2018","1000 t","76","I","Valeur imputée par une agence réceptrice",""
"FBS","Bilans Alimentaires (2010-)","UZB","Ouzbékistan","5123","Pertes","S2734","Viande de Volailles","2018","2018","1000 t","0","I","Valeur imputée par une agence réceptrice",""
"FBS","Bilans Alimentaires (2010-)","UZB","Ouzbékistan","5170","Résidus","S2734","Viande de Volailles","2018","2018","1000 t","0","I","Valeur imputée par une agence réceptrice",""
"FBS","Bilans Alimentaires (2010-)","UZB","Ouzbékistan","5142","Nourriture","S2734","Viande de Volailles","2018","2018","1000 t","76","I","Valeur imputée par une agence réceptrice",""
"FBS","Bilans Alimentaires (2010-)","UZB","Ouzbékistan","645","Disponibilité alimentaire en quantité (kg/personne/an)","S2734","Viande de Volailles","2018","2018","kg/personne","2.35","E","Valeur estimée",""
"FBS","Bilans Alimentaires (2010-)","UZB","Ouzbékistan","664","Disponibilité alimentaire (Kcal/personne/jour)","S2734","Viande de Volailles","2018","2018","kcal/personne/jour","8.81","E","Valeur estimée",""
"FBS","Bilans Alimentaires (2010-)","UZB","Ouzbékistan","661","Disponibilité alimentaire (Kcal)","S2734","Viande de Volailles","2018","2018","millions de kcal","104144.14","I","Valeur imputée par une agence réceptrice",""
"FBS","Bilans Alimentaires (2010-)","UZB","Ouzbékistan","674","Disponibilité de protéines en quantité (g/personne/jour)","S2734","Viande de Volailles","2018","2018","g/personne/jour","1.05","E","Valeur estimée",""
"FBS","Bilans Alimentaires (2010-)","UZB","Ouzbékistan","671","Disponibilité de protéines en quantité (t)","S2734","Viande de Volailles","2018","2018","tonnes","12437.4","I","Valeur imputée par une agence réceptrice",""
"FBS","Bilans Alimentaires (2010-)","UZB","Ouzbékistan","684","Disponibilité de matière grasse en quantité (g/personne/jour)","S2734","Viande de Volailles","2018","2018","g/personne/jour","0.51","E","Valeur estimée",""
"FBS","Bilans Alimentaires (2010-)","UZB","Ouzbékistan","681","Disponibilité de matière grasse en quantité (t)","S2734","Viande de Volailles","2018","2018","tonnes","6035.92","I","Valeur imputée par une agence réceptrice",""
"FBS","Bilans Alimentaires (2010-)","PAK","Pakistan","5511","Production","S2734","Viande de Volailles","2018","2018","1000 t","1396","I","Valeur imputée par une agence réceptrice",""
"FBS","Bilans Alimentaires (2010-)","PAK","Pakistan","5611","Importations - quantité","S2734","Viande de Volailles","2018","2018","1000 t","1","I","Valeur imputée par une agence réceptrice",""
"FBS","Bilans Alimentaires (2010-)","PAK","Pakistan","5072","Variation de stock","S2734","Viande de Volailles","2018","2018","1000 t","0","I","Valeur imputée par une agence réceptrice",""
"FBS","Bilans Alimentaires (2010-)","PAK","Pakistan","5911","Exportations - quantité","S2734","Viande de Volailles","2018","2018","1000 t","5","I","Valeur imputée par une agence réceptrice",""
"FBS","Bilans Alimentaires (2010-)","PAK","Pakistan","5301","Disponibilité intérieure","S2734","Viande de Volailles","2018","2018","1000 t","1392","I","Valeur imputée par une agence réceptrice",""
"FBS","Bilans Alimentaires (2010-)","PAK","Pakistan","5170","Résidus","S2734","Viande de Volailles","2018","2018","1000 t","0","I","Valeur imputée par une agence réceptrice",""
"FBS","Bilans Alimentaires (2010-)","PAK","Pakistan","5142","Nourriture","S2734","Viande de Volailles","2018","2018","1000 t","1392","I","Valeur imputée par une agence réceptrice",""
"FBS","Bilans Alimentaires (2010-)","PAK","Pakistan","645","Disponibilité alimentaire en quantité (kg/personne/an)","S2734","Viande de Volailles","2018","2018","kg/personne","6.13","E","Valeur estimée",""
"FBS","Bilans Alimentaires (2010-)","PAK","Pakistan","664","Disponibilité alimentaire (Kcal/personne/jour)","S2734","Viande de Volailles","2018","2018","kcal/personne/jour","23.18","E","Valeur estimée",""
"FBS","Bilans Alimentaires (2010-)","PAK","Pakistan","661","Disponibilité alimentaire (Kcal)","S2734","Viande de Volailles","2018","2018","millions de kcal","1919617.1","I","Valeur imputée par une agence réceptrice",""
"FBS","Bilans Alimentaires (2010-)","PAK","Pakistan","674","Disponibilité de protéines en quantité (g/personne/jour)","S2734","Viande de Volailles","2018","2018","g/personne/jour","2.77","E","Valeur estimée",""
"FBS","Bilans Alimentaires (2010-)","PAK","Pakistan","671","Disponibilité de protéines en quantité (t)","S2734","Viande de Volailles","2018","2018","tonnes","229116.34","I","Valeur imputée par une agence réceptrice",""
"FBS","Bilans Alimentaires (2010-)","PAK","Pakistan","684","Disponibilité de matière grasse en quantité (g/personne/jour)","S2734","Viande de Volailles","2018","2018","g/personne/jour","1.34","E","Valeur estimée",""
"FBS","Bilans Alimentaires (2010-)","PAK","Pakistan","681","Disponibilité de matière grasse en quantité (t)","S2734","Viande de Volailles","2018","2018","tonnes","111328.58","I","Valeur imputée par une agence réceptrice",""
"FBS","Bilans Alimentaires (2010-)","PAN","Panama","5511","Production","S2734","Viande de Volailles","2018","2018","1000 t","209","I","Valeur imputée par une agence réceptrice",""
"FBS","Bilans Alimentaires (2010-)","PAN","Panama","5611","Importations - quantité","S2734","Viande de Volailles","2018","2018","1000 t","21","I","Valeur imputée par une agence réceptrice",""
"FBS","Bilans Alimentaires (2010-)","PAN","Panama","5072","Variation de stock","S2734","Viande de Volailles","2018","2018","1000 t","2","I","Valeur imputée par une agence réceptrice",""
"FBS","Bilans Alimentaires (2010-)","PAN","Panama","5911","Exportations - quantité","S2734","Viande de Volailles","2018","2018","1000 t","1","I","Valeur imputée par une agence réceptrice",""
"FBS","Bilans Alimentaires (2010-)","PAN","Panama","5301","Disponibilité intérieure","S2734","Viande de Volailles","2018","2018","1000 t","228","I","Valeur imputée par une agence réceptrice",""
"FBS","Bilans Alimentaires (2010-)","PAN","Panama","5123","Pertes","S2734","Viande de Volailles","2018","2018","1000 t","2","I","Valeur imputée par une agence réceptrice",""
"FBS","Bilans Alimentaires (2010-)","PAN","Panama","5154","Autres utilisations (non alimentaire)","S2734","Viande de Volailles","2018","2018","1000 t","0","I","Valeur imputée par une agence réceptrice",""
"FBS","Bilans Alimentaires (2010-)","PAN","Panama","5170","Résidus","S2734","Viande de Volailles","2018","2018","1000 t","0","I","Valeur imputée par une agence réceptrice",""
"FBS","Bilans Alimentaires (2010-)","PAN","Panama","5142","Nourriture","S2734","Viande de Volailles","2018","2018","1000 t","226","I","Valeur imputée par une agence réceptrice",""
"FBS","Bilans Alimentaires (2010-)","PAN","Panama","645","Disponibilité alimentaire en quantité (kg/personne/an)","S2734","Viande de Volailles","2018","2018","kg/personne","54.15","E","Valeur estimée",""
"FBS","Bilans Alimentaires (2010-)","PAN","Panama","664","Disponibilité alimentaire (Kcal/personne/jour)","S2734","Viande de Volailles","2018","2018","kcal/personne/jour","203.97","E","Valeur estimée",""
"FBS","Bilans Alimentaires (2010-)","PAN","Panama","661","Disponibilité alimentaire (Kcal)","S2734","Viande de Volailles","2018","2018","millions de kcal","310286.97","I","Valeur imputée par une agence réceptrice",""
"FBS","Bilans Alimentaires (2010-)","PAN","Panama","674","Disponibilité de protéines en quantité (g/personne/jour)","S2734","Viande de Volailles","2018","2018","g/personne/jour","24.46","E","Valeur estimée",""
"FBS","Bilans Alimentaires (2010-)","PAN","Panama","671","Disponibilité de protéines en quantité (t)","S2734","Viande de Volailles","2018","2018","tonnes","37216.02","I","Valeur imputée par une agence réceptrice",""
"FBS","Bilans Alimentaires (2010-)","PAN","Panama","684","Disponibilité de matière grasse en quantité (g/personne/jour)","S2734","Viande de Volailles","2018","2018","g/personne/jour","11.75","E","Valeur estimée",""
"FBS","Bilans Alimentaires (2010-)","PAN","Panama","681","Disponibilité de matière grasse en quantité (t)","S2734","Viande de Volailles","2018","2018","tonnes","17877.84","I","Valeur imputée par une agence réceptrice",""
"FBS","Bilans Alimentaires (2010-)","PNG","Papouasie-Nouvelle-Guinée","5511","Production","S2734","Viande de Volailles","2018","2018","1000 t","7","I","Valeur imputée par une agence réceptrice",""
"FBS","Bilans Alimentaires (2010-)","PNG","Papouasie-Nouvelle-Guinée","5611","Importations - quantité","S2734","Viande de Volailles","2018","2018","1000 t","21","I","Valeur imputée par une agence réceptrice",""
"FBS","Bilans Alimentaires (2010-)","PNG","Papouasie-Nouvelle-Guinée","5072","Variation de stock","S2734","Viande de Volailles","2018","2018","1000 t","0","I","Valeur imputée par une agence réceptrice",""
"FBS","Bilans Alimentaires (2010-)","PNG","Papouasie-Nouvelle-Guinée","5911","Exportations - quantité","S2734","Viande de Volailles","2018","2018","1000 t","0","I","Valeur imputée par une agence réceptrice",""
"FBS","Bilans Alimentaires (2010-)","PNG","Papouasie-Nouvelle-Guinée","5301","Disponibilité intérieure","S2734","Viande de Volailles","2018","2018","1000 t","27","I","Valeur imputée par une agence réceptrice",""
"FBS","Bilans Alimentaires (2010-)","PNG","Papouasie-Nouvelle-Guinée","5170","Résidus","S2734","Viande de Volailles","2018","2018","1000 t","0","I","Valeur imputée par une agence réceptrice",""
"FBS","Bilans Alimentaires (2010-)","PNG","Papouasie-Nouvelle-Guinée","5142","Nourriture","S2734","Viande de Volailles","2018","2018","1000 t","27","I","Valeur imputée par une agence réceptrice",""
"FBS","Bilans Alimentaires (2010-)","PNG","Papouasie-Nouvelle-Guinée","645","Disponibilité alimentaire en quantité (kg/personne/an)","S2734","Viande de Volailles","2018","2018","kg/personne","2.92","E","Valeur estimée",""
"FBS","Bilans Alimentaires (2010-)","PNG","Papouasie-Nouvelle-Guinée","664","Disponibilité alimentaire (Kcal/personne/jour)","S2734","Viande de Volailles","2018","2018","kcal/personne/jour","11.27","E","Valeur estimée",""
"FBS","Bilans Alimentaires (2010-)","PNG","Papouasie-Nouvelle-Guinée","661","Disponibilité alimentaire (Kcal)","S2734","Viande de Volailles","2018","2018","millions de kcal","38639.17","I","Valeur imputée par une agence réceptrice",""
"FBS","Bilans Alimentaires (2010-)","PNG","Papouasie-Nouvelle-Guinée","674","Disponibilité de protéines en quantité (g/personne/jour)","S2734","Viande de Volailles","2018","2018","g/personne/jour","1.34","E","Valeur estimée",""
"FBS","Bilans Alimentaires (2010-)","PNG","Papouasie-Nouvelle-Guinée","671","Disponibilité de protéines en quantité (t)","S2734","Viande de Volailles","2018","2018","tonnes","4590.43","I","Valeur imputée par une agence réceptrice",""
"FBS","Bilans Alimentaires (2010-)","PNG","Papouasie-Nouvelle-Guinée","684","Disponibilité de matière grasse en quantité (g/personne/jour)","S2734","Viande de Volailles","2018","2018","g/personne/jour","0.65","E","Valeur estimée",""
"FBS","Bilans Alimentaires (2010-)","PNG","Papouasie-Nouvelle-Guinée","681","Disponibilité de matière grasse en quantité (t)","S2734","Viande de Volailles","2018","2018","tonnes","2221.92","I","Valeur imputée par une agence réceptrice",""
"FBS","Bilans Alimentaires (2010-)","PRY","Paraguay","5511","Production","S2734","Viande de Volailles","2018","2018","1000 t","74","I","Valeur imputée par une agence réceptrice",""
"FBS","Bilans Alimentaires (2010-)","PRY","Paraguay","5611","Importations - quantité","S2734","Viande de Volailles","2018","2018","1000 t","1","I","Valeur imputée par une agence réceptrice",""
"FBS","Bilans Alimentaires (2010-)","PRY","Paraguay","5072","Variation de stock","S2734","Viande de Volailles","2018","2018","1000 t","0","I","Valeur imputée par une agence réceptrice",""
"FBS","Bilans Alimentaires (2010-)","PRY","Paraguay","5911","Exportations - quantité","S2734","Viande de Volailles","2018","2018","1000 t","5","I","Valeur imputée par une agence réceptrice",""
"FBS","Bilans Alimentaires (2010-)","PRY","Paraguay","5301","Disponibilité intérieure","S2734","Viande de Volailles","2018","2018","1000 t","69","I","Valeur imputée par une agence réceptrice",""
"FBS","Bilans Alimentaires (2010-)","PRY","Paraguay","5123","Pertes","S2734","Viande de Volailles","2018","2018","1000 t","0","I","Valeur imputée par une agence réceptrice",""
"FBS","Bilans Alimentaires (2010-)","PRY","Paraguay","5170","Résidus","S2734","Viande de Volailles","2018","2018","1000 t","0","I","Valeur imputée par une agence réceptrice",""
"FBS","Bilans Alimentaires (2010-)","PRY","Paraguay","5142","Nourriture","S2734","Viande de Volailles","2018","2018","1000 t","69","I","Valeur imputée par une agence réceptrice",""
"FBS","Bilans Alimentaires (2010-)","PRY","Paraguay","645","Disponibilité alimentaire en quantité (kg/personne/an)","S2734","Viande de Volailles","2018","2018","kg/personne","10.79","E","Valeur estimée",""
"FBS","Bilans Alimentaires (2010-)","PRY","Paraguay","664","Disponibilité alimentaire (Kcal/personne/jour)","S2734","Viande de Volailles","2018","2018","kcal/personne/jour","41.29","E","Valeur estimée",""
"FBS","Bilans Alimentaires (2010-)","PRY","Paraguay","661","Disponibilité alimentaire (Kcal)","S2734","Viande de Volailles","2018","2018","millions de kcal","96861.92","I","Valeur imputée par une agence réceptrice",""
"FBS","Bilans Alimentaires (2010-)","PRY","Paraguay","674","Disponibilité de protéines en quantité (g/personne/jour)","S2734","Viande de Volailles","2018","2018","g/personne/jour","4.87","E","Valeur estimée",""
"FBS","Bilans Alimentaires (2010-)","PRY","Paraguay","671","Disponibilité de protéines en quantité (t)","S2734","Viande de Volailles","2018","2018","tonnes","11426.65","I","Valeur imputée par une agence réceptrice",""
"FBS","Bilans Alimentaires (2010-)","PRY","Paraguay","684","Disponibilité de matière grasse en quantité (g/personne/jour)","S2734","Viande de Volailles","2018","2018","g/personne/jour","2.42","E","Valeur estimée",""
"FBS","Bilans Alimentaires (2010-)","PRY","Paraguay","681","Disponibilité de matière grasse en quantité (t)","S2734","Viande de Volailles","2018","2018","tonnes","5669.52","I","Valeur imputée par une agence réceptrice",""
"FBS","Bilans Alimentaires (2010-)","NLD","Pays-Bas (Royaume des)","5511","Production","S2734","Viande de Volailles","2018","2018","1000 t","1074","I","Valeur imputée par une agence réceptrice",""
"FBS","Bilans Alimentaires (2010-)","NLD","Pays-Bas (Royaume des)","5611","Importations - quantité","S2734","Viande de Volailles","2018","2018","1000 t","585","I","Valeur imputée par une agence réceptrice",""
"FBS","Bilans Alimentaires (2010-)","NLD","Pays-Bas (Royaume des)","5072","Variation de stock","S2734","Viande de Volailles","2018","2018","1000 t","3","I","Valeur imputée par une agence réceptrice",""
"FBS","Bilans Alimentaires (2010-)","NLD","Pays-Bas (Royaume des)","5911","Exportations - quantité","S2734","Viande de Volailles","2018","2018","1000 t","1423","I","Valeur imputée par une agence réceptrice",""
"FBS","Bilans Alimentaires (2010-)","NLD","Pays-Bas (Royaume des)","5301","Disponibilité intérieure","S2734","Viande de Volailles","2018","2018","1000 t","234","I","Valeur imputée par une agence réceptrice",""
"FBS","Bilans Alimentaires (2010-)","NLD","Pays-Bas (Royaume des)","5123","Pertes","S2734","Viande de Volailles","2018","2018","1000 t","0","I","Valeur imputée par une agence réceptrice",""
"FBS","Bilans Alimentaires (2010-)","NLD","Pays-Bas (Royaume des)","5131","Traitement","S2734","Viande de Volailles","2018","2018","1000 t","60","I","Valeur imputée par une agence réceptrice",""
"FBS","Bilans Alimentaires (2010-)","NLD","Pays-Bas (Royaume des)","5170","Résidus","S2734","Viande de Volailles","2018","2018","1000 t","0","I","Valeur imputée par une agence réceptrice",""
"FBS","Bilans Alimentaires (2010-)","NLD","Pays-Bas (Royaume des)","5142","Nourriture","S2734","Viande de Volailles","2018","2018","1000 t","174","I","Valeur imputée par une agence réceptrice",""
"FBS","Bilans Alimentaires (2010-)","NLD","Pays-Bas (Royaume des)","645","Disponibilité alimentaire en quantité (kg/personne/an)","S2734","Viande de Volailles","2018","2018","kg/personne","9.99","E","Valeur estimée",""
"FBS","Bilans Alimentaires (2010-)","NLD","Pays-Bas (Royaume des)","664","Disponibilité alimentaire (Kcal/personne/jour)","S2734","Viande de Volailles","2018","2018","kcal/personne/jour","36.61","E","Valeur estimée",""
"FBS","Bilans Alimentaires (2010-)","NLD","Pays-Bas (Royaume des)","661","Disponibilité alimentaire (Kcal)","S2734","Viande de Volailles","2018","2018","millions de kcal","232773.91","I","Valeur imputée par une agence réceptrice",""
"FBS","Bilans Alimentaires (2010-)","NLD","Pays-Bas (Royaume des)","674","Disponibilité de protéines en quantité (g/personne/jour)","S2734","Viande de Volailles","2018","2018","g/personne/jour","4.61","E","Valeur estimée",""
"FBS","Bilans Alimentaires (2010-)","NLD","Pays-Bas (Royaume des)","671","Disponibilité de protéines en quantité (t)","S2734","Viande de Volailles","2018","2018","tonnes","29331.84","I","Valeur imputée par une agence réceptrice",""
"FBS","Bilans Alimentaires (2010-)","NLD","Pays-Bas (Royaume des)","684","Disponibilité de matière grasse en quantité (g/personne/jour)","S2734","Viande de Volailles","2018","2018","g/personne/jour","1.98","E","Valeur estimée",""
"FBS","Bilans Alimentaires (2010-)","NLD","Pays-Bas (Royaume des)","681","Disponibilité de matière grasse en quantité (t)","S2734","Viande de Volailles","2018","2018","tonnes","12590.23","I","Valeur imputée par une agence réceptrice",""
"FBS","Bilans Alimentaires (2010-)","PER","Pérou","5511","Production","S2734","Viande de Volailles","2018","2018","1000 t","1582","I","Valeur imputée par une agence réceptrice",""
"FBS","Bilans Alimentaires (2010-)","PER","Pérou","5611","Importations - quantité","S2734","Viande de Volailles","2018","2018","1000 t","70","I","Valeur imputée par une agence réceptrice",""
"FBS","Bilans Alimentaires (2010-)","PER","Pérou","5072","Variation de stock","S2734","Viande de Volailles","2018","2018","1000 t","0","I","Valeur imputée par une agence réceptrice",""
"FBS","Bilans Alimentaires (2010-)","PER","Pérou","5911","Exportations - quantité","S2734","Viande de Volailles","2018","2018","1000 t","1","I","Valeur imputée par une agence réceptrice",""
"FBS","Bilans Alimentaires (2010-)","PER","Pérou","5301","Disponibilité intérieure","S2734","Viande de Volailles","2018","2018","1000 t","1651","I","Valeur imputée par une agence réceptrice",""
"FBS","Bilans Alimentaires (2010-)","PER","Pérou","5123","Pertes","S2734","Viande de Volailles","2018","2018","1000 t","353","I","Valeur imputée par une agence réceptrice",""
"FBS","Bilans Alimentaires (2010-)","PER","Pérou","5154","Autres utilisations (non alimentaire)","S2734","Viande de Volailles","2018","2018","1000 t","0","I","Valeur imputée par une agence réceptrice",""
"FBS","Bilans Alimentaires (2010-)","PER","Pérou","5170","Résidus","S2734","Viande de Volailles","2018","2018","1000 t","0","I","Valeur imputée par une agence réceptrice",""
"FBS","Bilans Alimentaires (2010-)","PER","Pérou","5142","Nourriture","S2734","Viande de Volailles","2018","2018","1000 t","1298","I","Valeur imputée par une agence réceptrice",""
"FBS","Bilans Alimentaires (2010-)","PER","Pérou","645","Disponibilité alimentaire en quantité (kg/personne/an)","S2734","Viande de Volailles","2018","2018","kg/personne","40.69","E","Valeur estimée",""
"FBS","Bilans Alimentaires (2010-)","PER","Pérou","664","Disponibilité alimentaire (Kcal/personne/jour)","S2734","Viande de Volailles","2018","2018","kcal/personne/jour","187.78","E","Valeur estimée",""
"FBS","Bilans Alimentaires (2010-)","PER","Pérou","661","Disponibilité alimentaire (Kcal)","S2734","Viande de Volailles","2018","2018","millions de kcal","2186267.79","I","Valeur imputée par une agence réceptrice",""
"FBS","Bilans Alimentaires (2010-)","PER","Pérou","674","Disponibilité de protéines en quantité (g/personne/jour)","S2734","Viande de Volailles","2018","2018","g/personne/jour","18.37","E","Valeur estimée",""
"FBS","Bilans Alimentaires (2010-)","PER","Pérou","671","Disponibilité de protéines en quantité (t)","S2734","Viande de Volailles","2018","2018","tonnes","213905.61","I","Valeur imputée par une agence réceptrice",""
"FBS","Bilans Alimentaires (2010-)","PER","Pérou","684","Disponibilité de matière grasse en quantité (g/personne/jour)","S2734","Viande de Volailles","2018","2018","g/personne/jour","8.87","E","Valeur estimée",""
"FBS","Bilans Alimentaires (2010-)","PER","Pérou","681","Disponibilité de matière grasse en quantité (t)","S2734","Viande de Volailles","2018","2018","tonnes","103305.99","I","Valeur imputée par une agence réceptrice",""
"FBS","Bilans Alimentaires (2010-)","PHL","Philippines","5511","Production","S2734","Viande de Volailles","2018","2018","1000 t","1391","I","Valeur imputée par une agence réceptrice",""
"FBS","Bilans Alimentaires (2010-)","PHL","Philippines","5611","Importations - quantité","S2734","Viande de Volailles","2018","2018","1000 t","282","I","Valeur imputée par une agence réceptrice",""
"FBS","Bilans Alimentaires (2010-)","PHL","Philippines","5072","Variation de stock","S2734","Viande de Volailles","2018","2018","1000 t","41","I","Valeur imputée par une agence réceptrice",""
"FBS","Bilans Alimentaires (2010-)","PHL","Philippines","5911","Exportations - quantité","S2734","Viande de Volailles","2018","2018","1000 t","1","I","Valeur imputée par une agence réceptrice",""
"FBS","Bilans Alimentaires (2010-)","PHL","Philippines","5301","Disponibilité intérieure","S2734","Viande de Volailles","2018","2018","1000 t","1630","I","Valeur imputée par une agence réceptrice",""
"FBS","Bilans Alimentaires (2010-)","PHL","Philippines","5170","Résidus","S2734","Viande de Volailles","2018","2018","1000 t","0","I","Valeur imputée par une agence réceptrice",""
"FBS","Bilans Alimentaires (2010-)","PHL","Philippines","5142","Nourriture","S2734","Viande de Volailles","2018","2018","1000 t","1630","I","Valeur imputée par une agence réceptrice",""
"FBS","Bilans Alimentaires (2010-)","PHL","Philippines","645","Disponibilité alimentaire en quantité (kg/personne/an)","S2734","Viande de Volailles","2018","2018","kg/personne","14.89","E","Valeur estimée",""
"FBS","Bilans Alimentaires (2010-)","PHL","Philippines","664","Disponibilité alimentaire (Kcal/personne/jour)","S2734","Viande de Volailles","2018","2018","kcal/personne/jour","56.54","E","Valeur estimée",""
"FBS","Bilans Alimentaires (2010-)","PHL","Philippines","661","Disponibilité alimentaire (Kcal)","S2734","Viande de Volailles","2018","2018","millions de kcal","2258996.01","I","Valeur imputée par une agence réceptrice",""
"FBS","Bilans Alimentaires (2010-)","PHL","Philippines","674","Disponibilité de protéines en quantité (g/personne/jour)","S2734","Viande de Volailles","2018","2018","g/personne/jour","6.71","E","Valeur estimée",""
"FBS","Bilans Alimentaires (2010-)","PHL","Philippines","671","Disponibilité de protéines en quantité (t)","S2734","Viande de Volailles","2018","2018","tonnes","268031.6","I","Valeur imputée par une agence réceptrice",""
"FBS","Bilans Alimentaires (2010-)","PHL","Philippines","684","Disponibilité de matière grasse en quantité (g/personne/jour)","S2734","Viande de Volailles","2018","2018","g/personne/jour","3.3","E","Valeur estimée",""
"FBS","Bilans Alimentaires (2010-)","PHL","Philippines","681","Disponibilité de matière grasse en quantité (t)","S2734","Viande de Volailles","2018","2018","tonnes","131708.1","I","Valeur imputée par une agence réceptrice",""
"FBS","Bilans Alimentaires (2010-)","POL","Pologne","5511","Production","S2734","Viande de Volailles","2018","2018","1000 t","2509","I","Valeur imputée par une agence réceptrice",""
"FBS","Bilans Alimentaires (2010-)","POL","Pologne","5611","Importations - quantité","S2734","Viande de Volailles","2018","2018","1000 t","77","I","Valeur imputée par une agence réceptrice",""
"FBS","Bilans Alimentaires (2010-)","POL","Pologne","5072","Variation de stock","S2734","Viande de Volailles","2018","2018","1000 t","189","I","Valeur imputée par une agence réceptrice",""
"FBS","Bilans Alimentaires (2010-)","POL","Pologne","5911","Exportations - quantité","S2734","Viande de Volailles","2018","2018","1000 t","1150","I","Valeur imputée par une agence réceptrice",""
"FBS","Bilans Alimentaires (2010-)","POL","Pologne","5301","Disponibilité intérieure","S2734","Viande de Volailles","2018","2018","1000 t","1247","I","Valeur imputée par une agence réceptrice",""
"FBS","Bilans Alimentaires (2010-)","POL","Pologne","5123","Pertes","S2734","Viande de Volailles","2018","2018","1000 t","29","I","Valeur imputée par une agence réceptrice",""
"FBS","Bilans Alimentaires (2010-)","POL","Pologne","5131","Traitement","S2734","Viande de Volailles","2018","2018","1000 t","330","I","Valeur imputée par une agence réceptrice",""
"FBS","Bilans Alimentaires (2010-)","POL","Pologne","5170","Résidus","S2734","Viande de Volailles","2018","2018","1000 t","-265","I","Valeur imputée par une agence réceptrice",""
"FBS","Bilans Alimentaires (2010-)","POL","Pologne","5142","Nourriture","S2734","Viande de Volailles","2018","2018","1000 t","1154","I","Valeur imputée par une agence réceptrice",""
"FBS","Bilans Alimentaires (2010-)","POL","Pologne","645","Disponibilité alimentaire en quantité (kg/personne/an)","S2734","Viande de Volailles","2018","2018","kg/personne","30.18","E","Valeur estimée",""
"FBS","Bilans Alimentaires (2010-)","POL","Pologne","664","Disponibilité alimentaire (Kcal/personne/jour)","S2734","Viande de Volailles","2018","2018","kcal/personne/jour","115.13","E","Valeur estimée",""
"FBS","Bilans Alimentaires (2010-)","POL","Pologne","661","Disponibilité alimentaire (Kcal)","S2734","Viande de Volailles","2018","2018","millions de kcal","1607034.27","I","Valeur imputée par une agence réceptrice",""
"FBS","Bilans Alimentaires (2010-)","POL","Pologne","674","Disponibilité de protéines en quantité (g/personne/jour)","S2734","Viande de Volailles","2018","2018","g/personne/jour","13.57","E","Valeur estimée",""
"FBS","Bilans Alimentaires (2010-)","POL","Pologne","671","Disponibilité de protéines en quantité (t)","S2734","Viande de Volailles","2018","2018","tonnes","189386.98","I","Valeur imputée par une agence réceptrice",""
"FBS","Bilans Alimentaires (2010-)","POL","Pologne","684","Disponibilité de matière grasse en quantité (g/personne/jour)","S2734","Viande de Volailles","2018","2018","g/personne/jour","6.61","E","Valeur estimée",""
"FBS","Bilans Alimentaires (2010-)","POL","Pologne","681","Disponibilité de matière grasse en quantité (t)","S2734","Viande de Volailles","2018","2018","tonnes","92271.68","I","Valeur imputée par une agence réceptrice",""
"FBS","Bilans Alimentaires (2010-)","PYF","Polynésie française","5511","Production","S2734","Viande de Volailles","2018","2018","1000 t","1","I","Valeur imputée par une agence réceptrice",""
"FBS","Bilans Alimentaires (2010-)","PYF","Polynésie française","5611","Importations - quantité","S2734","Viande de Volailles","2018","2018","1000 t","17","I","Valeur imputée par une agence réceptrice",""
"FBS","Bilans Alimentaires (2010-)","PYF","Polynésie française","5072","Variation de stock","S2734","Viande de Volailles","2018","2018","1000 t","0","I","Valeur imputée par une agence réceptrice",""
"FBS","Bilans Alimentaires (2010-)","PYF","Polynésie française","5301","Disponibilité intérieure","S2734","Viande de Volailles","2018","2018","1000 t","17","I","Valeur imputée par une agence réceptrice",""
"FBS","Bilans Alimentaires (2010-)","PYF","Polynésie française","5123","Pertes","S2734","Viande de Volailles","2018","2018","1000 t","0","I","Valeur imputée par une agence réceptrice",""
"FBS","Bilans Alimentaires (2010-)","PYF","Polynésie française","5154","Autres utilisations (non alimentaire)","S2734","Viande de Volailles","2018","2018","1000 t","0","I","Valeur imputée par une agence réceptrice",""
"FBS","Bilans Alimentaires (2010-)","PYF","Polynésie française","5171","Alimentation pour touristes","S2734","Viande de Volailles","2018","2018","1000 t","4","I","Valeur imputée par une agence réceptrice",""
"FBS","Bilans Alimentaires (2010-)","PYF","Polynésie française","5170","Résidus","S2734","Viande de Volailles","2018","2018","1000 t","0","I","Valeur imputée par une agence réceptrice",""
"FBS","Bilans Alimentaires (2010-)","PYF","Polynésie française","5142","Nourriture","S2734","Viande de Volailles","2018","2018","1000 t","14","I","Valeur imputée par une agence réceptrice",""
"FBS","Bilans Alimentaires (2010-)","PYF","Polynésie française","645","Disponibilité alimentaire en quantité (kg/personne/an)","S2734","Viande de Volailles","2018","2018","kg/personne","49.6","E","Valeur estimée",""
"FBS","Bilans Alimentaires (2010-)","PYF","Polynésie française","664","Disponibilité alimentaire (Kcal/personne/jour)","S2734","Viande de Volailles","2018","2018","kcal/personne/jour","188.58","E","Valeur estimée",""
"FBS","Bilans Alimentaires (2010-)","PYF","Polynésie française","661","Disponibilité alimentaire (Kcal)","S2734","Viande de Volailles","2018","2018","millions de kcal","19260.18","I","Valeur imputée par une agence réceptrice",""
"FBS","Bilans Alimentaires (2010-)","PYF","Polynésie française","674","Disponibilité de protéines en quantité (g/personne/jour)","S2734","Viande de Volailles","2018","2018","g/personne/jour","22.2","E","Valeur estimée",""
"FBS","Bilans Alimentaires (2010-)","PYF","Polynésie française","671","Disponibilité de protéines en quantité (t)","S2734","Viande de Volailles","2018","2018","tonnes","2267.12","I","Valeur imputée par une agence réceptrice",""
"FBS","Bilans Alimentaires (2010-)","PYF","Polynésie française","684","Disponibilité de matière grasse en quantité (g/personne/jour)","S2734","Viande de Volailles","2018","2018","g/personne/jour","11.02","E","Valeur estimée",""
"FBS","Bilans Alimentaires (2010-)","PYF","Polynésie française","681","Disponibilité de matière grasse en quantité (t)","S2734","Viande de Volailles","2018","2018","tonnes","1125.25","I","Valeur imputée par une agence réceptrice",""
"FBS","Bilans Alimentaires (2010-)","PRT","Portugal","5511","Production","S2734","Viande de Volailles","2018","2018","1000 t","353","I","Valeur imputée par une agence réceptrice",""
"FBS","Bilans Alimentaires (2010-)","PRT","Portugal","5611","Importations - quantité","S2734","Viande de Volailles","2018","2018","1000 t","85","I","Valeur imputée par une agence réceptrice",""
"FBS","Bilans Alimentaires (2010-)","PRT","Portugal","5072","Variation de stock","S2734","Viande de Volailles","2018","2018","1000 t","80","I","Valeur imputée par une agence réceptrice",""
"FBS","Bilans Alimentaires (2010-)","PRT","Portugal","5911","Exportations - quantité","S2734","Viande de Volailles","2018","2018","1000 t","33","I","Valeur imputée par une agence réceptrice",""
"FBS","Bilans Alimentaires (2010-)","PRT","Portugal","5301","Disponibilité intérieure","S2734","Viande de Volailles","2018","2018","1000 t","326","I","Valeur imputée par une agence réceptrice",""
"FBS","Bilans Alimentaires (2010-)","PRT","Portugal","5123","Pertes","S2734","Viande de Volailles","2018","2018","1000 t","0","I","Valeur imputée par une agence réceptrice",""
"FBS","Bilans Alimentaires (2010-)","PRT","Portugal","5131","Traitement","S2734","Viande de Volailles","2018","2018","1000 t","1","I","Valeur imputée par une agence réceptrice",""
"FBS","Bilans Alimentaires (2010-)","PRT","Portugal","5154","Autres utilisations (non alimentaire)","S2734","Viande de Volailles","2018","2018","1000 t","0","I","Valeur imputée par une agence réceptrice",""
"FBS","Bilans Alimentaires (2010-)","PRT","Portugal","5170","Résidus","S2734","Viande de Volailles","2018","2018","1000 t","0","I","Valeur imputée par une agence réceptrice",""
"FBS","Bilans Alimentaires (2010-)","PRT","Portugal","5142","Nourriture","S2734","Viande de Volailles","2018","2018","1000 t","325","I","Valeur imputée par une agence réceptrice",""
"FBS","Bilans Alimentaires (2010-)","PRT","Portugal","645","Disponibilité alimentaire en quantité (kg/personne/an)","S2734","Viande de Volailles","2018","2018","kg/personne","31.45","E","Valeur estimée",""
"FBS","Bilans Alimentaires (2010-)","PRT","Portugal","664","Disponibilité alimentaire (Kcal/personne/jour)","S2734","Viande de Volailles","2018","2018","kcal/personne/jour","117.31","E","Valeur estimée",""
"FBS","Bilans Alimentaires (2010-)","PRT","Portugal","661","Disponibilité alimentaire (Kcal)","S2734","Viande de Volailles","2018","2018","millions de kcal","442110.73","I","Valeur imputée par une agence réceptrice",""
"FBS","Bilans Alimentaires (2010-)","PRT","Portugal","674","Disponibilité de protéines en quantité (g/personne/jour)","S2734","Viande de Volailles","2018","2018","g/personne/jour","14.59","E","Valeur estimée",""
"FBS","Bilans Alimentaires (2010-)","PRT","Portugal","671","Disponibilité de protéines en quantité (t)","S2734","Viande de Volailles","2018","2018","tonnes","54990.34","I","Valeur imputée par une agence réceptrice",""
"FBS","Bilans Alimentaires (2010-)","PRT","Portugal","684","Disponibilité de matière grasse en quantité (g/personne/jour)","S2734","Viande de Volailles","2018","2018","g/personne/jour","6.5","E","Valeur estimée",""
"FBS","Bilans Alimentaires (2010-)","PRT","Portugal","681","Disponibilité de matière grasse en quantité (t)","S2734","Viande de Volailles","2018","2018","tonnes","24481.99","I","Valeur imputée par une agence réceptrice",""
"FBS","Bilans Alimentaires (2010-)","SYR","République arabe syrienne","5511","Production","S2734","Viande de Volailles","2018","2018","1000 t","121","I","Valeur imputée par une agence réceptrice",""
"FBS","Bilans Alimentaires (2010-)","SYR","République arabe syrienne","5611","Importations - quantité","S2734","Viande de Volailles","2018","2018","1000 t","31","I","Valeur imputée par une agence réceptrice",""
"FBS","Bilans Alimentaires (2010-)","SYR","République arabe syrienne","5072","Variation de stock","S2734","Viande de Volailles","2018","2018","1000 t","0","I","Valeur imputée par une agence réceptrice",""
"FBS","Bilans Alimentaires (2010-)","SYR","République arabe syrienne","5911","Exportations - quantité","S2734","Viande de Volailles","2018","2018","1000 t","0","I","Valeur imputée par une agence réceptrice",""
"FBS","Bilans Alimentaires (2010-)","SYR","République arabe syrienne","5301","Disponibilité intérieure","S2734","Viande de Volailles","2018","2018","1000 t","152","I","Valeur imputée par une agence réceptrice",""
"FBS","Bilans Alimentaires (2010-)","SYR","République arabe syrienne","5170","Résidus","S2734","Viande de Volailles","2018","2018","1000 t","0","I","Valeur imputée par une agence réceptrice",""
"FBS","Bilans Alimentaires (2010-)","SYR","République arabe syrienne","5142","Nourriture","S2734","Viande de Volailles","2018","2018","1000 t","152","I","Valeur imputée par une agence réceptrice",""
"FBS","Bilans Alimentaires (2010-)","SYR","République arabe syrienne","645","Disponibilité alimentaire en quantité (kg/personne/an)","S2734","Viande de Volailles","2018","2018","kg/personne","7.77","E","Valeur estimée",""
"FBS","Bilans Alimentaires (2010-)","SYR","République arabe syrienne","664","Disponibilité alimentaire (Kcal/personne/jour)","S2734","Viande de Volailles","2018","2018","kcal/personne/jour","29.67","E","Valeur estimée",""
"FBS","Bilans Alimentaires (2010-)","SYR","République arabe syrienne","661","Disponibilité alimentaire (Kcal)","S2734","Viande de Volailles","2018","2018","millions de kcal","212019.08","I","Valeur imputée par une agence réceptrice",""
"FBS","Bilans Alimentaires (2010-)","SYR","République arabe syrienne","674","Disponibilité de protéines en quantité (g/personne/jour)","S2734","Viande de Volailles","2018","2018","g/personne/jour","3.53","E","Valeur estimée",""
"FBS","Bilans Alimentaires (2010-)","SYR","République arabe syrienne","671","Disponibilité de protéines en quantité (t)","S2734","Viande de Volailles","2018","2018","tonnes","25218.72","I","Valeur imputée par une agence réceptrice",""
"FBS","Bilans Alimentaires (2010-)","SYR","République arabe syrienne","684","Disponibilité de matière grasse en quantité (g/personne/jour)","S2734","Viande de Volailles","2018","2018","g/personne/jour","1.71","E","Valeur estimée",""
"FBS","Bilans Alimentaires (2010-)","SYR","République arabe syrienne","681","Disponibilité de matière grasse en quantité (t)","S2734","Viande de Volailles","2018","2018","tonnes","12212.26","I","Valeur imputée par une agence réceptrice",""
"FBS","Bilans Alimentaires (2010-)","KOR","République de Corée","5511","Production","S2734","Viande de Volailles","2018","2018","1000 t","885","I","Valeur imputée par une agence réceptrice",""
"FBS","Bilans Alimentaires (2010-)","KOR","République de Corée","5611","Importations - quantité","S2734","Viande de Volailles","2018","2018","1000 t","170","I","Valeur imputée par une agence réceptrice",""
"FBS","Bilans Alimentaires (2010-)","KOR","République de Corée","5072","Variation de stock","S2734","Viande de Volailles","2018","2018","1000 t","0","I","Valeur imputée par une agence réceptrice",""
"FBS","Bilans Alimentaires (2010-)","KOR","République de Corée","5911","Exportations - quantité","S2734","Viande de Volailles","2018","2018","1000 t","35","I","Valeur imputée par une agence réceptrice",""
"FBS","Bilans Alimentaires (2010-)","KOR","République de Corée","5301","Disponibilité intérieure","S2734","Viande de Volailles","2018","2018","1000 t","1019","I","Valeur imputée par une agence réceptrice",""
"FBS","Bilans Alimentaires (2010-)","KOR","République de Corée","5123","Pertes","S2734","Viande de Volailles","2018","2018","1000 t","0","I","Valeur imputée par une agence réceptrice",""
"FBS","Bilans Alimentaires (2010-)","KOR","République de Corée","5170","Résidus","S2734","Viande de Volailles","2018","2018","1000 t","0","I","Valeur imputée par une agence réceptrice",""
"FBS","Bilans Alimentaires (2010-)","KOR","République de Corée","5142","Nourriture","S2734","Viande de Volailles","2018","2018","1000 t","1019","I","Valeur imputée par une agence réceptrice",""
"FBS","Bilans Alimentaires (2010-)","KOR","République de Corée","645","Disponibilité alimentaire en quantité (kg/personne/an)","S2734","Viande de Volailles","2018","2018","kg/personne","19.74","E","Valeur estimée",""
"FBS","Bilans Alimentaires (2010-)","KOR","République de Corée","664","Disponibilité alimentaire (Kcal/personne/jour)","S2734","Viande de Volailles","2018","2018","kcal/personne/jour","76.75","E","Valeur estimée",""
"FBS","Bilans Alimentaires (2010-)","KOR","République de Corée","661","Disponibilité alimentaire (Kcal)","S2734","Viande de Volailles","2018","2018","millions de kcal","1446650.29","I","Valeur imputée par une agence réceptrice",""
"FBS","Bilans Alimentaires (2010-)","KOR","République de Corée","674","Disponibilité de protéines en quantité (g/personne/jour)","S2734","Viande de Volailles","2018","2018","g/personne/jour","8.94","E","Valeur estimée",""
"FBS","Bilans Alimentaires (2010-)","KOR","République de Corée","671","Disponibilité de protéines en quantité (t)","S2734","Viande de Volailles","2018","2018","tonnes","168575.35","I","Valeur imputée par une agence réceptrice",""
"FBS","Bilans Alimentaires (2010-)","KOR","République de Corée","684","Disponibilité de matière grasse en quantité (g/personne/jour)","S2734","Viande de Volailles","2018","2018","g/personne/jour","4.52","E","Valeur estimée",""
"FBS","Bilans Alimentaires (2010-)","KOR","République de Corée","681","Disponibilité de matière grasse en quantité (t)","S2734","Viande de Volailles","2018","2018","tonnes","85269.58","I","Valeur imputée par une agence réceptrice",""
"FBS","Bilans Alimentaires (2010-)","MDA","République de Moldova","5511","Production","S2734","Viande de Volailles","2018","2018","1000 t","46","I","Valeur imputée par une agence réceptrice",""
"FBS","Bilans Alimentaires (2010-)","MDA","République de Moldova","5611","Importations - quantité","S2734","Viande de Volailles","2018","2018","1000 t","19","I","Valeur imputée par une agence réceptrice",""
"FBS","Bilans Alimentaires (2010-)","MDA","République de Moldova","5072","Variation de stock","S2734","Viande de Volailles","2018","2018","1000 t","0","I","Valeur imputée par une agence réceptrice",""
"FBS","Bilans Alimentaires (2010-)","MDA","République de Moldova","5911","Exportations - quantité","S2734","Viande de Volailles","2018","2018","1000 t","0","I","Valeur imputée par une agence réceptrice",""
"FBS","Bilans Alimentaires (2010-)","MDA","République de Moldova","5301","Disponibilité intérieure","S2734","Viande de Volailles","2018","2018","1000 t","64","I","Valeur imputée par une agence réceptrice",""
"FBS","Bilans Alimentaires (2010-)","MDA","République de Moldova","5170","Résidus","S2734","Viande de Volailles","2018","2018","1000 t","0","I","Valeur imputée par une agence réceptrice",""
"FBS","Bilans Alimentaires (2010-)","MDA","République de Moldova","5142","Nourriture","S2734","Viande de Volailles","2018","2018","1000 t","64","I","Valeur imputée par une agence réceptrice",""
"FBS","Bilans Alimentaires (2010-)","MDA","République de Moldova","645","Disponibilité alimentaire en quantité (kg/personne/an)","S2734","Viande de Volailles","2018","2018","kg/personne","24.15","E","Valeur estimée",""
"FBS","Bilans Alimentaires (2010-)","MDA","République de Moldova","664","Disponibilité alimentaire (Kcal/personne/jour)","S2734","Viande de Volailles","2018","2018","kcal/personne/jour","91.53","E","Valeur estimée",""
"FBS","Bilans Alimentaires (2010-)","MDA","République de Moldova","661","Disponibilité alimentaire (Kcal)","S2734","Viande de Volailles","2018","2018","millions de kcal","88659.87","I","Valeur imputée par une agence réceptrice",""
"FBS","Bilans Alimentaires (2010-)","MDA","République de Moldova","674","Disponibilité de protéines en quantité (g/personne/jour)","S2734","Viande de Volailles","2018","2018","g/personne/jour","10.97","E","Valeur estimée",""
"FBS","Bilans Alimentaires (2010-)","MDA","République de Moldova","671","Disponibilité de protéines en quantité (t)","S2734","Viande de Volailles","2018","2018","tonnes","10627.97","I","Valeur imputée par une agence réceptrice",""
"FBS","Bilans Alimentaires (2010-)","MDA","République de Moldova","684","Disponibilité de matière grasse en quantité (g/personne/jour)","S2734","Viande de Volailles","2018","2018","g/personne/jour","5.27","E","Valeur estimée",""
"FBS","Bilans Alimentaires (2010-)","MDA","République de Moldova","681","Disponibilité de matière grasse en quantité (t)","S2734","Viande de Volailles","2018","2018","tonnes","5102.36","I","Valeur imputée par une agence réceptrice",""
"FBS","Bilans Alimentaires (2010-)","COD","République démocratique du Congo","5511","Production","S2734","Viande de Volailles","2018","2018","1000 t","10","I","Valeur imputée par une agence réceptrice",""
"FBS","Bilans Alimentaires (2010-)","COD","République démocratique du Congo","5611","Importations - quantité","S2734","Viande de Volailles","2018","2018","1000 t","128","I","Valeur imputée par une agence réceptrice",""
"FBS","Bilans Alimentaires (2010-)","COD","République démocratique du Congo","5072","Variation de stock","S2734","Viande de Volailles","2018","2018","1000 t","0","I","Valeur imputée par une agence réceptrice",""
"FBS","Bilans Alimentaires (2010-)","COD","République démocratique du Congo","5911","Exportations - quantité","S2734","Viande de Volailles","2018","2018","1000 t","0","I","Valeur imputée par une agence réceptrice",""
"FBS","Bilans Alimentaires (2010-)","COD","République démocratique du Congo","5301","Disponibilité intérieure","S2734","Viande de Volailles","2018","2018","1000 t","139","I","Valeur imputée par une agence réceptrice",""
"FBS","Bilans Alimentaires (2010-)","COD","République démocratique du Congo","5170","Résidus","S2734","Viande de Volailles","2018","2018","1000 t","0","I","Valeur imputée par une agence réceptrice",""
"FBS","Bilans Alimentaires (2010-)","COD","République démocratique du Congo","5142","Nourriture","S2734","Viande de Volailles","2018","2018","1000 t","139","I","Valeur imputée par une agence réceptrice",""
"FBS","Bilans Alimentaires (2010-)","COD","République démocratique du Congo","645","Disponibilité alimentaire en quantité (kg/personne/an)","S2734","Viande de Volailles","2018","2018","kg/personne","1.54","E","Valeur estimée",""
"FBS","Bilans Alimentaires (2010-)","COD","République démocratique du Congo","664","Disponibilité alimentaire (Kcal/personne/jour)","S2734","Viande de Volailles","2018","2018","kcal/personne/jour","5.73","E","Valeur estimée",""
"FBS","Bilans Alimentaires (2010-)","COD","République démocratique du Congo","661","Disponibilité alimentaire (Kcal)","S2734","Viande de Volailles","2018","2018","millions de kcal","188401.93","I","Valeur imputée par une agence réceptrice",""
"FBS","Bilans Alimentaires (2010-)","COD","République démocratique du Congo","674","Disponibilité de protéines en quantité (g/personne/jour)","S2734","Viande de Volailles","2018","2018","g/personne/jour","0.7","E","Valeur estimée",""
"FBS","Bilans Alimentaires (2010-)","COD","République démocratique du Congo","671","Disponibilité de protéines en quantité (t)","S2734","Viande de Volailles","2018","2018","tonnes","23052","I","Valeur imputée par une agence réceptrice",""
"FBS","Bilans Alimentaires (2010-)","COD","République démocratique du Congo","684","Disponibilité de matière grasse en quantité (g/personne/jour)","S2734","Viande de Volailles","2018","2018","g/personne/jour","0.32","E","Valeur estimée",""
"FBS","Bilans Alimentaires (2010-)","COD","République démocratique du Congo","681","Disponibilité de matière grasse en quantité (t)","S2734","Viande de Volailles","2018","2018","tonnes","10670.84","I","Valeur imputée par une agence réceptrice",""
"FBS","Bilans Alimentaires (2010-)","LAO","République démocratique populaire lao","5511","Production","S2734","Viande de Volailles","2018","2018","1000 t","35","I","Valeur imputée par une agence réceptrice",""
"FBS","Bilans Alimentaires (2010-)","LAO","République démocratique populaire lao","5611","Importations - quantité","S2734","Viande de Volailles","2018","2018","1000 t","5","I","Valeur imputée par une agence réceptrice",""
"FBS","Bilans Alimentaires (2010-)","LAO","République démocratique populaire lao","5072","Variation de stock","S2734","Viande de Volailles","2018","2018","1000 t","0","I","Valeur imputée par une agence réceptrice",""
"FBS","Bilans Alimentaires (2010-)","LAO","République démocratique populaire lao","5911","Exportations - quantité","S2734","Viande de Volailles","2018","2018","1000 t","0","I","Valeur imputée par une agence réceptrice",""
"FBS","Bilans Alimentaires (2010-)","LAO","République démocratique populaire lao","5301","Disponibilité intérieure","S2734","Viande de Volailles","2018","2018","1000 t","39","I","Valeur imputée par une agence réceptrice",""
"FBS","Bilans Alimentaires (2010-)","LAO","République démocratique populaire lao","5171","Alimentation pour touristes","S2734","Viande de Volailles","2018","2018","1000 t","0","I","Valeur imputée par une agence réceptrice",""
"FBS","Bilans Alimentaires (2010-)","LAO","République démocratique populaire lao","5170","Résidus","S2734","Viande de Volailles","2018","2018","1000 t","0","I","Valeur imputée par une agence réceptrice",""
"FBS","Bilans Alimentaires (2010-)","LAO","République démocratique populaire lao","5142","Nourriture","S2734","Viande de Volailles","2018","2018","1000 t","39","I","Valeur imputée par une agence réceptrice",""
"FBS","Bilans Alimentaires (2010-)","LAO","République démocratique populaire lao","645","Disponibilité alimentaire en quantité (kg/personne/an)","S2734","Viande de Volailles","2018","2018","kg/personne","5.51","E","Valeur estimée",""
"FBS","Bilans Alimentaires (2010-)","LAO","République démocratique populaire lao","664","Disponibilité alimentaire (Kcal/personne/jour)","S2734","Viande de Volailles","2018","2018","kcal/personne/jour","21.86","E","Valeur estimée",""
"FBS","Bilans Alimentaires (2010-)","LAO","République démocratique populaire lao","661","Disponibilité alimentaire (Kcal)","S2734","Viande de Volailles","2018","2018","millions de kcal","56881.4","I","Valeur imputée par une agence réceptrice",""
"FBS","Bilans Alimentaires (2010-)","LAO","République démocratique populaire lao","674","Disponibilité de protéines en quantité (g/personne/jour)","S2734","Viande de Volailles","2018","2018","g/personne/jour","2.46","E","Valeur estimée",""
"FBS","Bilans Alimentaires (2010-)","LAO","République démocratique populaire lao","671","Disponibilité de protéines en quantité (t)","S2734","Viande de Volailles","2018","2018","tonnes","6406.1","I","Valeur imputée par une agence réceptrice",""
"FBS","Bilans Alimentaires (2010-)","LAO","République démocratique populaire lao","684","Disponibilité de matière grasse en quantité (g/personne/jour)","S2734","Viande de Volailles","2018","2018","g/personne/jour","1.33","E","Valeur estimée",""
"FBS","Bilans Alimentaires (2010-)","LAO","République démocratique populaire lao","681","Disponibilité de matière grasse en quantité (t)","S2734","Viande de Volailles","2018","2018","tonnes","3468.5","I","Valeur imputée par une agence réceptrice",""
"FBS","Bilans Alimentaires (2010-)","DOM","République dominicaine","5511","Production","S2734","Viande de Volailles","2018","2018","1000 t","349","I","Valeur imputée par une agence réceptrice",""
"FBS","Bilans Alimentaires (2010-)","DOM","République dominicaine","5611","Importations - quantité","S2734","Viande de Volailles","2018","2018","1000 t","31","I","Valeur imputée par une agence réceptrice",""
"FBS","Bilans Alimentaires (2010-)","DOM","République dominicaine","5072","Variation de stock","S2734","Viande de Volailles","2018","2018","1000 t","0","I","Valeur imputée par une agence réceptrice",""
"FBS","Bilans Alimentaires (2010-)","DOM","République dominicaine","5911","Exportations - quantité","S2734","Viande de Volailles","2018","2018","1000 t","6","I","Valeur imputée par une agence réceptrice",""
"FBS","Bilans Alimentaires (2010-)","DOM","République dominicaine","5301","Disponibilité intérieure","S2734","Viande de Volailles","2018","2018","1000 t","374","I","Valeur imputée par une agence réceptrice",""
"FBS","Bilans Alimentaires (2010-)","DOM","République dominicaine","5123","Pertes","S2734","Viande de Volailles","2018","2018","1000 t","0","I","Valeur imputée par une agence réceptrice",""
"FBS","Bilans Alimentaires (2010-)","DOM","République dominicaine","5171","Alimentation pour touristes","S2734","Viande de Volailles","2018","2018","1000 t","5","I","Valeur imputée par une agence réceptrice",""
"FBS","Bilans Alimentaires (2010-)","DOM","République dominicaine","5170","Résidus","S2734","Viande de Volailles","2018","2018","1000 t","0","I","Valeur imputée par une agence réceptrice",""
"FBS","Bilans Alimentaires (2010-)","DOM","République dominicaine","5142","Nourriture","S2734","Viande de Volailles","2018","2018","1000 t","369","I","Valeur imputée par une agence réceptrice",""
"FBS","Bilans Alimentaires (2010-)","DOM","République dominicaine","645","Disponibilité alimentaire en quantité (kg/personne/an)","S2734","Viande de Volailles","2018","2018","kg/personne","34.26","E","Valeur estimée",""
"FBS","Bilans Alimentaires (2010-)","DOM","République dominicaine","664","Disponibilité alimentaire (Kcal/personne/jour)","S2734","Viande de Volailles","2018","2018","kcal/personne/jour","130.62","E","Valeur estimée",""
"FBS","Bilans Alimentaires (2010-)","DOM","République dominicaine","661","Disponibilité alimentaire (Kcal)","S2734","Viande de Volailles","2018","2018","millions de kcal","514047.58","I","Valeur imputée par une agence réceptrice",""
"FBS","Bilans Alimentaires (2010-)","DOM","République dominicaine","674","Disponibilité de protéines en quantité (g/personne/jour)","S2734","Viande de Volailles","2018","2018","g/personne/jour","15.56","E","Valeur estimée",""
"FBS","Bilans Alimentaires (2010-)","DOM","République dominicaine","671","Disponibilité de protéines en quantité (t)","S2734","Viande de Volailles","2018","2018","tonnes","61226.65","I","Valeur imputée par une agence réceptrice",""
"FBS","Bilans Alimentaires (2010-)","DOM","République dominicaine","684","Disponibilité de matière grasse en quantité (g/personne/jour)","S2734","Viande de Volailles","2018","2018","g/personne/jour","7.54","E","Valeur estimée",""
"FBS","Bilans Alimentaires (2010-)","DOM","République dominicaine","681","Disponibilité de matière grasse en quantité (t)","S2734","Viande de Volailles","2018","2018","tonnes","29673.79","I","Valeur imputée par une agence réceptrice",""
"FBS","Bilans Alimentaires (2010-)","PRK","République populaire démocratique de Corée","5511","Production","S2734","Viande de Volailles","2018","2018","1000 t","42","I","Valeur imputée par une agence réceptrice",""
"FBS","Bilans Alimentaires (2010-)","PRK","République populaire démocratique de Corée","5611","Importations - quantité","S2734","Viande de Volailles","2018","2018","1000 t","0","I","Valeur imputée par une agence réceptrice",""
"FBS","Bilans Alimentaires (2010-)","PRK","République populaire démocratique de Corée","5072","Variation de stock","S2734","Viande de Volailles","2018","2018","1000 t","2","I","Valeur imputée par une agence réceptrice",""
"FBS","Bilans Alimentaires (2010-)","PRK","République populaire démocratique de Corée","5301","Disponibilité intérieure","S2734","Viande de Volailles","2018","2018","1000 t","40","I","Valeur imputée par une agence réceptrice",""
"FBS","Bilans Alimentaires (2010-)","PRK","République populaire démocratique de Corée","5170","Résidus","S2734","Viande de Volailles","2018","2018","1000 t","0","I","Valeur imputée par une agence réceptrice",""
"FBS","Bilans Alimentaires (2010-)","PRK","République populaire démocratique de Corée","5142","Nourriture","S2734","Viande de Volailles","2018","2018","1000 t","40","I","Valeur imputée par une agence réceptrice",""
"FBS","Bilans Alimentaires (2010-)","PRK","République populaire démocratique de Corée","645","Disponibilité alimentaire en quantité (kg/personne/an)","S2734","Viande de Volailles","2018","2018","kg/personne","1.54","E","Valeur estimée",""
"FBS","Bilans Alimentaires (2010-)","PRK","République populaire démocratique de Corée","664","Disponibilité alimentaire (Kcal/personne/jour)","S2734","Viande de Volailles","2018","2018","kcal/personne/jour","6.29","E","Valeur estimée",""
"FBS","Bilans Alimentaires (2010-)","PRK","République populaire démocratique de Corée","661","Disponibilité alimentaire (Kcal)","S2734","Viande de Volailles","2018","2018","millions de kcal","59580.34","I","Valeur imputée par une agence réceptrice",""
"FBS","Bilans Alimentaires (2010-)","PRK","République populaire démocratique de Corée","674","Disponibilité de protéines en quantité (g/personne/jour)","S2734","Viande de Volailles","2018","2018","g/personne/jour","0.68","E","Valeur estimée",""
"FBS","Bilans Alimentaires (2010-)","PRK","République populaire démocratique de Corée","671","Disponibilité de protéines en quantité (t)","S2734","Viande de Volailles","2018","2018","tonnes","6436.65","I","Valeur imputée par une agence réceptrice",""
"FBS","Bilans Alimentaires (2010-)","PRK","République populaire démocratique de Corée","684","Disponibilité de matière grasse en quantité (g/personne/jour)","S2734","Viande de Volailles","2018","2018","g/personne/jour","0.4","E","Valeur estimée",""
"FBS","Bilans Alimentaires (2010-)","PRK","République populaire démocratique de Corée","681","Disponibilité de matière grasse en quantité (t)","S2734","Viande de Volailles","2018","2018","tonnes","3757.64","I","Valeur imputée par une agence réceptrice",""
"FBS","Bilans Alimentaires (2010-)","TZA","République-Unie de Tanzanie","5511","Production","S2734","Viande de Volailles","2018","2018","1000 t","79","I","Valeur imputée par une agence réceptrice",""
"FBS","Bilans Alimentaires (2010-)","TZA","République-Unie de Tanzanie","5611","Importations - quantité","S2734","Viande de Volailles","2018","2018","1000 t","1","I","Valeur imputée par une agence réceptrice",""
"FBS","Bilans Alimentaires (2010-)","TZA","République-Unie de Tanzanie","5072","Variation de stock","S2734","Viande de Volailles","2018","2018","1000 t","-1","I","Valeur imputée par une agence réceptrice",""
"FBS","Bilans Alimentaires (2010-)","TZA","République-Unie de Tanzanie","5911","Exportations - quantité","S2734","Viande de Volailles","2018","2018","1000 t","0","I","Valeur imputée par une agence réceptrice",""
"FBS","Bilans Alimentaires (2010-)","TZA","République-Unie de Tanzanie","5301","Disponibilité intérieure","S2734","Viande de Volailles","2018","2018","1000 t","81","I","Valeur imputée par une agence réceptrice",""
"FBS","Bilans Alimentaires (2010-)","TZA","République-Unie de Tanzanie","5170","Résidus","S2734","Viande de Volailles","2018","2018","1000 t","0","I","Valeur imputée par une agence réceptrice",""
"FBS","Bilans Alimentaires (2010-)","TZA","République-Unie de Tanzanie","5142","Nourriture","S2734","Viande de Volailles","2018","2018","1000 t","81","I","Valeur imputée par une agence réceptrice",""
"FBS","Bilans Alimentaires (2010-)","TZA","République-Unie de Tanzanie","645","Disponibilité alimentaire en quantité (kg/personne/an)","S2734","Viande de Volailles","2018","2018","kg/personne","1.42","E","Valeur estimée",""
"FBS","Bilans Alimentaires (2010-)","TZA","République-Unie de Tanzanie","664","Disponibilité alimentaire (Kcal/personne/jour)","S2734","Viande de Volailles","2018","2018","kcal/personne/jour","5.37","E","Valeur estimée",""
"FBS","Bilans Alimentaires (2010-)","TZA","République-Unie de Tanzanie","661","Disponibilité alimentaire (Kcal)","S2734","Viande de Volailles","2018","2018","millions de kcal","112501.7","I","Valeur imputée par une agence réceptrice",""
"FBS","Bilans Alimentaires (2010-)","TZA","République-Unie de Tanzanie","674","Disponibilité de protéines en quantité (g/personne/jour)","S2734","Viande de Volailles","2018","2018","g/personne/jour","0.64","E","Valeur estimée",""
"FBS","Bilans Alimentaires (2010-)","TZA","République-Unie de Tanzanie","671","Disponibilité de protéines en quantité (t)","S2734","Viande de Volailles","2018","2018","tonnes","13393.62","I","Valeur imputée par une agence réceptrice",""
"FBS","Bilans Alimentaires (2010-)","TZA","République-Unie de Tanzanie","684","Disponibilité de matière grasse en quantité (g/personne/jour)","S2734","Viande de Volailles","2018","2018","g/personne/jour","0.31","E","Valeur estimée",""
"FBS","Bilans Alimentaires (2010-)","TZA","République-Unie de Tanzanie","681","Disponibilité de matière grasse en quantité (t)","S2734","Viande de Volailles","2018","2018","tonnes","6539.22","I","Valeur imputée par une agence réceptrice",""
"FBS","Bilans Alimentaires (2010-)","ROU","Roumanie","5511","Production","S2734","Viande de Volailles","2018","2018","1000 t","480","I","Valeur imputée par une agence réceptrice",""
"FBS","Bilans Alimentaires (2010-)","ROU","Roumanie","5611","Importations - quantité","S2734","Viande de Volailles","2018","2018","1000 t","141","I","Valeur imputée par une agence réceptrice",""
"FBS","Bilans Alimentaires (2010-)","ROU","Roumanie","5072","Variation de stock","S2734","Viande de Volailles","2018","2018","1000 t","164","I","Valeur imputée par une agence réceptrice",""
"FBS","Bilans Alimentaires (2010-)","ROU","Roumanie","5911","Exportations - quantité","S2734","Viande de Volailles","2018","2018","1000 t","77","I","Valeur imputée par une agence réceptrice",""
"FBS","Bilans Alimentaires (2010-)","ROU","Roumanie","5301","Disponibilité intérieure","S2734","Viande de Volailles","2018","2018","1000 t","380","I","Valeur imputée par une agence réceptrice",""
"FBS","Bilans Alimentaires (2010-)","ROU","Roumanie","5131","Traitement","S2734","Viande de Volailles","2018","2018","1000 t","4","I","Valeur imputée par une agence réceptrice",""
"FBS","Bilans Alimentaires (2010-)","ROU","Roumanie","5170","Résidus","S2734","Viande de Volailles","2018","2018","1000 t","0","I","Valeur imputée par une agence réceptrice",""
"FBS","Bilans Alimentaires (2010-)","ROU","Roumanie","5142","Nourriture","S2734","Viande de Volailles","2018","2018","1000 t","377","I","Valeur imputée par une agence réceptrice",""
"FBS","Bilans Alimentaires (2010-)","ROU","Roumanie","645","Disponibilité alimentaire en quantité (kg/personne/an)","S2734","Viande de Volailles","2018","2018","kg/personne","19.22","E","Valeur estimée",""
"FBS","Bilans Alimentaires (2010-)","ROU","Roumanie","664","Disponibilité alimentaire (Kcal/personne/jour)","S2734","Viande de Volailles","2018","2018","kcal/personne/jour","75.11","E","Valeur estimée",""
"FBS","Bilans Alimentaires (2010-)","ROU","Roumanie","661","Disponibilité alimentaire (Kcal)","S2734","Viande de Volailles","2018","2018","millions de kcal","537272.29","I","Valeur imputée par une agence réceptrice",""
"FBS","Bilans Alimentaires (2010-)","ROU","Roumanie","674","Disponibilité de protéines en quantité (g/personne/jour)","S2734","Viande de Volailles","2018","2018","g/personne/jour","8.82","E","Valeur estimée",""
"FBS","Bilans Alimentaires (2010-)","ROU","Roumanie","671","Disponibilité de protéines en quantité (t)","S2734","Viande de Volailles","2018","2018","tonnes","63057.41","I","Valeur imputée par une agence réceptrice",""
"FBS","Bilans Alimentaires (2010-)","ROU","Roumanie","684","Disponibilité de matière grasse en quantité (g/personne/jour)","S2734","Viande de Volailles","2018","2018","g/personne/jour","4.34","E","Valeur estimée",""
"FBS","Bilans Alimentaires (2010-)","ROU","Roumanie","681","Disponibilité de matière grasse en quantité (t)","S2734","Viande de Volailles","2018","2018","tonnes","31012.96","I","Valeur imputée par une agence réceptrice",""
"FBS","Bilans Alimentaires (2010-)","GBR","Royaume-Uni de Grande-Bretagne et d'Irlande du Nord","5511","Production","S2734","Viande de Volailles","2018","2018","1000 t","1939","I","Valeur imputée par une agence réceptrice",""
"FBS","Bilans Alimentaires (2010-)","GBR","Royaume-Uni de Grande-Bretagne et d'Irlande du Nord","5611","Importations - quantité","S2734","Viande de Volailles","2018","2018","1000 t","834","I","Valeur imputée par une agence réceptrice",""
"FBS","Bilans Alimentaires (2010-)","GBR","Royaume-Uni de Grande-Bretagne et d'Irlande du Nord","5072","Variation de stock","S2734","Viande de Volailles","2018","2018","1000 t","-6","I","Valeur imputée par une agence réceptrice",""
"FBS","Bilans Alimentaires (2010-)","GBR","Royaume-Uni de Grande-Bretagne et d'Irlande du Nord","5911","Exportations - quantité","S2734","Viande de Volailles","2018","2018","1000 t","388","I","Valeur imputée par une agence réceptrice",""
"FBS","Bilans Alimentaires (2010-)","GBR","Royaume-Uni de Grande-Bretagne et d'Irlande du Nord","5301","Disponibilité intérieure","S2734","Viande de Volailles","2018","2018","1000 t","2392","I","Valeur imputée par une agence réceptrice",""
"FBS","Bilans Alimentaires (2010-)","GBR","Royaume-Uni de Grande-Bretagne et d'Irlande du Nord","5123","Pertes","S2734","Viande de Volailles","2018","2018","1000 t","0","I","Valeur imputée par une agence réceptrice",""
"FBS","Bilans Alimentaires (2010-)","GBR","Royaume-Uni de Grande-Bretagne et d'Irlande du Nord","5131","Traitement","S2734","Viande de Volailles","2018","2018","1000 t","100","I","Valeur imputée par une agence réceptrice",""
"FBS","Bilans Alimentaires (2010-)","GBR","Royaume-Uni de Grande-Bretagne et d'Irlande du Nord","5170","Résidus","S2734","Viande de Volailles","2018","2018","1000 t","0","I","Valeur imputée par une agence réceptrice",""
"FBS","Bilans Alimentaires (2010-)","GBR","Royaume-Uni de Grande-Bretagne et d'Irlande du Nord","5142","Nourriture","S2734","Viande de Volailles","2018","2018","1000 t","2291","I","Valeur imputée par une agence réceptrice",""
"FBS","Bilans Alimentaires (2010-)","GBR","Royaume-Uni de Grande-Bretagne et d'Irlande du Nord","645","Disponibilité alimentaire en quantité (kg/personne/an)","S2734","Viande de Volailles","2018","2018","kg/personne","34.33","E","Valeur estimée",""
"FBS","Bilans Alimentaires (2010-)","GBR","Royaume-Uni de Grande-Bretagne et d'Irlande du Nord","664","Disponibilité alimentaire (Kcal/personne/jour)","S2734","Viande de Volailles","2018","2018","kcal/personne/jour","132.45","E","Valeur estimée",""
"FBS","Bilans Alimentaires (2010-)","GBR","Royaume-Uni de Grande-Bretagne et d'Irlande du Nord","661","Disponibilité alimentaire (Kcal)","S2734","Viande de Volailles","2018","2018","millions de kcal","3227077.61","I","Valeur imputée par une agence réceptrice",""
"FBS","Bilans Alimentaires (2010-)","GBR","Royaume-Uni de Grande-Bretagne et d'Irlande du Nord","674","Disponibilité de protéines en quantité (g/personne/jour)","S2734","Viande de Volailles","2018","2018","g/personne/jour","15.9","E","Valeur estimée",""
"FBS","Bilans Alimentaires (2010-)","GBR","Royaume-Uni de Grande-Bretagne et d'Irlande du Nord","671","Disponibilité de protéines en quantité (t)","S2734","Viande de Volailles","2018","2018","tonnes","387348.78","I","Valeur imputée par une agence réceptrice",""
"FBS","Bilans Alimentaires (2010-)","GBR","Royaume-Uni de Grande-Bretagne et d'Irlande du Nord","684","Disponibilité de matière grasse en quantité (g/personne/jour)","S2734","Viande de Volailles","2018","2018","g/personne/jour","7.5","E","Valeur estimée",""
"FBS","Bilans Alimentaires (2010-)","GBR","Royaume-Uni de Grande-Bretagne et d'Irlande du Nord","681","Disponibilité de matière grasse en quantité (t)","S2734","Viande de Volailles","2018","2018","tonnes","182727.11","I","Valeur imputée par une agence réceptrice",""
"FBS","Bilans Alimentaires (2010-)","RWA","Rwanda","5511","Production","S2734","Viande de Volailles","2018","2018","1000 t","19","I","Valeur imputée par une agence réceptrice",""
"FBS","Bilans Alimentaires (2010-)","RWA","Rwanda","5611","Importations - quantité","S2734","Viande de Volailles","2018","2018","1000 t","0","I","Valeur imputée par une agence réceptrice",""
"FBS","Bilans Alimentaires (2010-)","RWA","Rwanda","5072","Variation de stock","S2734","Viande de Volailles","2018","2018","1000 t","0","I","Valeur imputée par une agence réceptrice",""
"FBS","Bilans Alimentaires (2010-)","RWA","Rwanda","5911","Exportations - quantité","S2734","Viande de Volailles","2018","2018","1000 t","0","I","Valeur imputée par une agence réceptrice",""
"FBS","Bilans Alimentaires (2010-)","RWA","Rwanda","5301","Disponibilité intérieure","S2734","Viande de Volailles","2018","2018","1000 t","19","I","Valeur imputée par une agence réceptrice",""
"FBS","Bilans Alimentaires (2010-)","RWA","Rwanda","5170","Résidus","S2734","Viande de Volailles","2018","2018","1000 t","0","I","Valeur imputée par une agence réceptrice",""
"FBS","Bilans Alimentaires (2010-)","RWA","Rwanda","5142","Nourriture","S2734","Viande de Volailles","2018","2018","1000 t","19","I","Valeur imputée par une agence réceptrice",""
"FBS","Bilans Alimentaires (2010-)","RWA","Rwanda","645","Disponibilité alimentaire en quantité (kg/personne/an)","S2734","Viande de Volailles","2018","2018","kg/personne","1.5","E","Valeur estimée",""
"FBS","Bilans Alimentaires (2010-)","RWA","Rwanda","664","Disponibilité alimentaire (Kcal/personne/jour)","S2734","Viande de Volailles","2018","2018","kcal/personne/jour","5.66","E","Valeur estimée",""
"FBS","Bilans Alimentaires (2010-)","RWA","Rwanda","661","Disponibilité alimentaire (Kcal)","S2734","Viande de Volailles","2018","2018","millions de kcal","25790.93","I","Valeur imputée par une agence réceptrice",""
"FBS","Bilans Alimentaires (2010-)","RWA","Rwanda","674","Disponibilité de protéines en quantité (g/personne/jour)","S2734","Viande de Volailles","2018","2018","g/personne/jour","0.68","E","Valeur estimée",""
"FBS","Bilans Alimentaires (2010-)","RWA","Rwanda","671","Disponibilité de protéines en quantité (t)","S2734","Viande de Volailles","2018","2018","tonnes","3082.31","I","Valeur imputée par une agence réceptrice",""
"FBS","Bilans Alimentaires (2010-)","RWA","Rwanda","684","Disponibilité de matière grasse en quantité (g/personne/jour)","S2734","Viande de Volailles","2018","2018","g/personne/jour","0.33","E","Valeur estimée",""
"FBS","Bilans Alimentaires (2010-)","RWA","Rwanda","681","Disponibilité de matière grasse en quantité (t)","S2734","Viande de Volailles","2018","2018","tonnes","1493.97","I","Valeur imputée par une agence réceptrice",""
"FBS","Bilans Alimentaires (2010-)","LCA","Sainte-Lucie","5511","Production","S2734","Viande de Volailles","2018","2018","1000 t","2","I","Valeur imputée par une agence réceptrice",""
"FBS","Bilans Alimentaires (2010-)","LCA","Sainte-Lucie","5611","Importations - quantité","S2734","Viande de Volailles","2018","2018","1000 t","10","I","Valeur imputée par une agence réceptrice",""
"FBS","Bilans Alimentaires (2010-)","LCA","Sainte-Lucie","5072","Variation de stock","S2734","Viande de Volailles","2018","2018","1000 t","0","I","Valeur imputée par une agence réceptrice",""
"FBS","Bilans Alimentaires (2010-)","LCA","Sainte-Lucie","5301","Disponibilité intérieure","S2734","Viande de Volailles","2018","2018","1000 t","11","I","Valeur imputée par une agence réceptrice",""
"FBS","Bilans Alimentaires (2010-)","LCA","Sainte-Lucie","5123","Pertes","S2734","Viande de Volailles","2018","2018","1000 t","0","I","Valeur imputée par une agence réceptrice",""
"FBS","Bilans Alimentaires (2010-)","LCA","Sainte-Lucie","5154","Autres utilisations (non alimentaire)","S2734","Viande de Volailles","2018","2018","1000 t","0","I","Valeur imputée par une agence réceptrice",""
"FBS","Bilans Alimentaires (2010-)","LCA","Sainte-Lucie","5171","Alimentation pour touristes","S2734","Viande de Volailles","2018","2018","1000 t","0","I","Valeur imputée par une agence réceptrice",""
"FBS","Bilans Alimentaires (2010-)","LCA","Sainte-Lucie","5170","Résidus","S2734","Viande de Volailles","2018","2018","1000 t","0","I","Valeur imputée par une agence réceptrice",""
"FBS","Bilans Alimentaires (2010-)","LCA","Sainte-Lucie","5142","Nourriture","S2734","Viande de Volailles","2018","2018","1000 t","11","I","Valeur imputée par une agence réceptrice",""
"FBS","Bilans Alimentaires (2010-)","LCA","Sainte-Lucie","645","Disponibilité alimentaire en quantité (kg/personne/an)","S2734","Viande de Volailles","2018","2018","kg/personne","63.08","E","Valeur estimée",""
"FBS","Bilans Alimentaires (2010-)","LCA","Sainte-Lucie","664","Disponibilité alimentaire (Kcal/personne/jour)","S2734","Viande de Volailles","2018","2018","kcal/personne/jour","237","E","Valeur estimée",""
"FBS","Bilans Alimentaires (2010-)","LCA","Sainte-Lucie","661","Disponibilité alimentaire (Kcal)","S2734","Viande de Volailles","2018","2018","millions de kcal","15312.74","I","Valeur imputée par une agence réceptrice",""
"FBS","Bilans Alimentaires (2010-)","LCA","Sainte-Lucie","674","Disponibilité de protéines en quantité (g/personne/jour)","S2734","Viande de Volailles","2018","2018","g/personne/jour","28.77","E","Valeur estimée",""
"FBS","Bilans Alimentaires (2010-)","LCA","Sainte-Lucie","671","Disponibilité de protéines en quantité (t)","S2734","Viande de Volailles","2018","2018","tonnes","1858.7","I","Valeur imputée par une agence réceptrice",""
"FBS","Bilans Alimentaires (2010-)","LCA","Sainte-Lucie","684","Disponibilité de matière grasse en quantité (g/personne/jour)","S2734","Viande de Volailles","2018","2018","g/personne/jour","13.48","E","Valeur estimée",""
"FBS","Bilans Alimentaires (2010-)","LCA","Sainte-Lucie","681","Disponibilité de matière grasse en quantité (t)","S2734","Viande de Volailles","2018","2018","tonnes","871.13","I","Valeur imputée par une agence réceptrice",""
"FBS","Bilans Alimentaires (2010-)","KNA","Saint-Kitts-et-Nevis","5511","Production","S2734","Viande de Volailles","2018","2018","1000 t","0","I","Valeur imputée par une agence réceptrice",""
"FBS","Bilans Alimentaires (2010-)","KNA","Saint-Kitts-et-Nevis","5611","Importations - quantité","S2734","Viande de Volailles","2018","2018","1000 t","3","I","Valeur imputée par une agence réceptrice",""
"FBS","Bilans Alimentaires (2010-)","KNA","Saint-Kitts-et-Nevis","5072","Variation de stock","S2734","Viande de Volailles","2018","2018","1000 t","0","I","Valeur imputée par une agence réceptrice",""
"FBS","Bilans Alimentaires (2010-)","KNA","Saint-Kitts-et-Nevis","5301","Disponibilité intérieure","S2734","Viande de Volailles","2018","2018","1000 t","4","I","Valeur imputée par une agence réceptrice",""
"FBS","Bilans Alimentaires (2010-)","KNA","Saint-Kitts-et-Nevis","5123","Pertes","S2734","Viande de Volailles","2018","2018","1000 t","0","I","Valeur imputée par une agence réceptrice",""
"FBS","Bilans Alimentaires (2010-)","KNA","Saint-Kitts-et-Nevis","5154","Autres utilisations (non alimentaire)","S2734","Viande de Volailles","2018","2018","1000 t","0","I","Valeur imputée par une agence réceptrice",""
"FBS","Bilans Alimentaires (2010-)","KNA","Saint-Kitts-et-Nevis","5171","Alimentation pour touristes","S2734","Viande de Volailles","2018","2018","1000 t","1","I","Valeur imputée par une agence réceptrice",""
"FBS","Bilans Alimentaires (2010-)","KNA","Saint-Kitts-et-Nevis","5170","Résidus","S2734","Viande de Volailles","2018","2018","1000 t","0","I","Valeur imputée par une agence réceptrice",""
"FBS","Bilans Alimentaires (2010-)","KNA","Saint-Kitts-et-Nevis","5142","Nourriture","S2734","Viande de Volailles","2018","2018","1000 t","3","I","Valeur imputée par une agence réceptrice",""
"FBS","Bilans Alimentaires (2010-)","KNA","Saint-Kitts-et-Nevis","645","Disponibilité alimentaire en quantité (kg/personne/an)","S2734","Viande de Volailles","2018","2018","kg/personne","55.24","E","Valeur estimée",""
"FBS","Bilans Alimentaires (2010-)","KNA","Saint-Kitts-et-Nevis","664","Disponibilité alimentaire (Kcal/personne/jour)","S2734","Viande de Volailles","2018","2018","kcal/personne/jour","208.32","E","Valeur estimée",""
"FBS","Bilans Alimentaires (2010-)","KNA","Saint-Kitts-et-Nevis","661","Disponibilité alimentaire (Kcal)","S2734","Viande de Volailles","2018","2018","millions de kcal","3574.46","I","Valeur imputée par une agence réceptrice",""
"FBS","Bilans Alimentaires (2010-)","KNA","Saint-Kitts-et-Nevis","674","Disponibilité de protéines en quantité (g/personne/jour)","S2734","Viande de Volailles","2018","2018","g/personne/jour","25","E","Valeur estimée",""
"FBS","Bilans Alimentaires (2010-)","KNA","Saint-Kitts-et-Nevis","671","Disponibilité de protéines en quantité (t)","S2734","Viande de Volailles","2018","2018","tonnes","428.93","I","Valeur imputée par une agence réceptrice",""
"FBS","Bilans Alimentaires (2010-)","KNA","Saint-Kitts-et-Nevis","684","Disponibilité de matière grasse en quantité (g/personne/jour)","S2734","Viande de Volailles","2018","2018","g/personne/jour","12.01","E","Valeur estimée",""
"FBS","Bilans Alimentaires (2010-)","KNA","Saint-Kitts-et-Nevis","681","Disponibilité de matière grasse en quantité (t)","S2734","Viande de Volailles","2018","2018","tonnes","206.12","I","Valeur imputée par une agence réceptrice",""
"FBS","Bilans Alimentaires (2010-)","VCT","Saint-Vincent-et-les Grenadines","5511","Production","S2734","Viande de Volailles","2018","2018","1000 t","0","I","Valeur imputée par une agence réceptrice",""
"FBS","Bilans Alimentaires (2010-)","VCT","Saint-Vincent-et-les Grenadines","5611","Importations - quantité","S2734","Viande de Volailles","2018","2018","1000 t","8","I","Valeur imputée par une agence réceptrice",""
"FBS","Bilans Alimentaires (2010-)","VCT","Saint-Vincent-et-les Grenadines","5072","Variation de stock","S2734","Viande de Volailles","2018","2018","1000 t","0","I","Valeur imputée par une agence réceptrice",""
"FBS","Bilans Alimentaires (2010-)","VCT","Saint-Vincent-et-les Grenadines","5301","Disponibilité intérieure","S2734","Viande de Volailles","2018","2018","1000 t","9","I","Valeur imputée par une agence réceptrice",""
"FBS","Bilans Alimentaires (2010-)","VCT","Saint-Vincent-et-les Grenadines","5154","Autres utilisations (non alimentaire)","S2734","Viande de Volailles","2018","2018","1000 t","0","I","Valeur imputée par une agence réceptrice",""
"FBS","Bilans Alimentaires (2010-)","VCT","Saint-Vincent-et-les Grenadines","5171","Alimentation pour touristes","S2734","Viande de Volailles","2018","2018","1000 t","1","I","Valeur imputée par une agence réceptrice",""
"FBS","Bilans Alimentaires (2010-)","VCT","Saint-Vincent-et-les Grenadines","5170","Résidus","S2734","Viande de Volailles","2018","2018","1000 t","0","I","Valeur imputée par une agence réceptrice",""
"FBS","Bilans Alimentaires (2010-)","VCT","Saint-Vincent-et-les Grenadines","5142","Nourriture","S2734","Viande de Volailles","2018","2018","1000 t","8","I","Valeur imputée par une agence réceptrice",""
"FBS","Bilans Alimentaires (2010-)","VCT","Saint-Vincent-et-les Grenadines","645","Disponibilité alimentaire en quantité (kg/personne/an)","S2734","Viande de Volailles","2018","2018","kg/personne","79.75","E","Valeur estimée",""
"FBS","Bilans Alimentaires (2010-)","VCT","Saint-Vincent-et-les Grenadines","664","Disponibilité alimentaire (Kcal/personne/jour)","S2734","Viande de Volailles","2018","2018","kcal/personne/jour","295.56","E","Valeur estimée",""
"FBS","Bilans Alimentaires (2010-)","VCT","Saint-Vincent-et-les Grenadines","661","Disponibilité alimentaire (Kcal)","S2734","Viande de Volailles","2018","2018","millions de kcal","11319.49","I","Valeur imputée par une agence réceptrice",""
"FBS","Bilans Alimentaires (2010-)","VCT","Saint-Vincent-et-les Grenadines","674","Disponibilité de protéines en quantité (g/personne/jour)","S2734","Viande de Volailles","2018","2018","g/personne/jour","36.62","E","Valeur estimée",""
"FBS","Bilans Alimentaires (2010-)","VCT","Saint-Vincent-et-les Grenadines","671","Disponibilité de protéines en quantité (t)","S2734","Viande de Volailles","2018","2018","tonnes","1402.4","I","Valeur imputée par une agence réceptrice",""
"FBS","Bilans Alimentaires (2010-)","VCT","Saint-Vincent-et-les Grenadines","684","Disponibilité de matière grasse en quantité (g/personne/jour)","S2734","Viande de Volailles","2018","2018","g/personne/jour","16.51","E","Valeur estimée",""
"FBS","Bilans Alimentaires (2010-)","VCT","Saint-Vincent-et-les Grenadines","681","Disponibilité de matière grasse en quantité (t)","S2734","Viande de Volailles","2018","2018","tonnes","632.27","I","Valeur imputée par une agence réceptrice",""
"FBS","Bilans Alimentaires (2010-)","WSM","Samoa","5511","Production","S2734","Viande de Volailles","2018","2018","1000 t","0","I","Valeur imputée par une agence réceptrice",""
"FBS","Bilans Alimentaires (2010-)","WSM","Samoa","5611","Importations - quantité","S2734","Viande de Volailles","2018","2018","1000 t","18","I","Valeur imputée par une agence réceptrice",""
"FBS","Bilans Alimentaires (2010-)","WSM","Samoa","5072","Variation de stock","S2734","Viande de Volailles","2018","2018","1000 t","-1","I","Valeur imputée par une agence réceptrice",""
"FBS","Bilans Alimentaires (2010-)","WSM","Samoa","5911","Exportations - quantité","S2734","Viande de Volailles","2018","2018","1000 t","0","I","Valeur imputée par une agence réceptrice",""
"FBS","Bilans Alimentaires (2010-)","WSM","Samoa","5301","Disponibilité intérieure","S2734","Viande de Volailles","2018","2018","1000 t","20","I","Valeur imputée par une agence réceptrice",""
"FBS","Bilans Alimentaires (2010-)","WSM","Samoa","5154","Autres utilisations (non alimentaire)","S2734","Viande de Volailles","2018","2018","1000 t","0","I","Valeur imputée par une agence réceptrice",""
"FBS","Bilans Alimentaires (2010-)","WSM","Samoa","5171","Alimentation pour touristes","S2734","Viande de Volailles","2018","2018","1000 t","3","I","Valeur imputée par une agence réceptrice",""
"FBS","Bilans Alimentaires (2010-)","WSM","Samoa","5170","Résidus","S2734","Viande de Volailles","2018","2018","1000 t","0","I","Valeur imputée par une agence réceptrice",""
"FBS","Bilans Alimentaires (2010-)","WSM","Samoa","5142","Nourriture","S2734","Viande de Volailles","2018","2018","1000 t","17","I","Valeur imputée par une agence réceptrice",""
"FBS","Bilans Alimentaires (2010-)","WSM","Samoa","645","Disponibilité alimentaire en quantité (kg/personne/an)","S2734","Viande de Volailles","2018","2018","kg/personne","80.04","E","Valeur estimée",""
"FBS","Bilans Alimentaires (2010-)","WSM","Samoa","664","Disponibilité alimentaire (Kcal/personne/jour)","S2734","Viande de Volailles","2018","2018","kcal/personne/jour","301.66","E","Valeur estimée",""
"FBS","Bilans Alimentaires (2010-)","WSM","Samoa","661","Disponibilité alimentaire (Kcal)","S2734","Viande de Volailles","2018","2018","millions de kcal","22855.76","I","Valeur imputée par une agence réceptrice",""
"FBS","Bilans Alimentaires (2010-)","WSM","Samoa","674","Disponibilité de protéines en quantité (g/personne/jour)","S2734","Viande de Volailles","2018","2018","g/personne/jour","36.39","E","Valeur estimée",""
"FBS","Bilans Alimentaires (2010-)","WSM","Samoa","671","Disponibilité de protéines en quantité (t)","S2734","Viande de Volailles","2018","2018","tonnes","2756.83","I","Valeur imputée par une agence réceptrice",""
"FBS","Bilans Alimentaires (2010-)","WSM","Samoa","684","Disponibilité de matière grasse en quantité (g/personne/jour)","S2734","Viande de Volailles","2018","2018","g/personne/jour","17.32","E","Valeur estimée",""
"FBS","Bilans Alimentaires (2010-)","WSM","Samoa","681","Disponibilité de matière grasse en quantité (t)","S2734","Viande de Volailles","2018","2018","tonnes","1312.06","I","Valeur imputée par une agence réceptrice",""
"FBS","Bilans Alimentaires (2010-)","STP","Sao Tomé-et-Principe","5511","Production","S2734","Viande de Volailles","2018","2018","1000 t","1","I","Valeur imputée par une agence réceptrice",""
"FBS","Bilans Alimentaires (2010-)","STP","Sao Tomé-et-Principe","5611","Importations - quantité","S2734","Viande de Volailles","2018","2018","1000 t","2","I","Valeur imputée par une agence réceptrice",""
"FBS","Bilans Alimentaires (2010-)","STP","Sao Tomé-et-Principe","5072","Variation de stock","S2734","Viande de Volailles","2018","2018","1000 t","1","I","Valeur imputée par une agence réceptrice",""
"FBS","Bilans Alimentaires (2010-)","STP","Sao Tomé-et-Principe","5301","Disponibilité intérieure","S2734","Viande de Volailles","2018","2018","1000 t","2","I","Valeur imputée par une agence réceptrice",""
"FBS","Bilans Alimentaires (2010-)","STP","Sao Tomé-et-Principe","5123","Pertes","S2734","Viande de Volailles","2018","2018","1000 t","0","I","Valeur imputée par une agence réceptrice",""
"FBS","Bilans Alimentaires (2010-)","STP","Sao Tomé-et-Principe","5171","Alimentation pour touristes","S2734","Viande de Volailles","2018","2018","1000 t","0","I","Valeur imputée par une agence réceptrice",""
"FBS","Bilans Alimentaires (2010-)","STP","Sao Tomé-et-Principe","5170","Résidus","S2734","Viande de Volailles","2018","2018","1000 t","0","I","Valeur imputée par une agence réceptrice",""
"FBS","Bilans Alimentaires (2010-)","STP","Sao Tomé-et-Principe","5142","Nourriture","S2734","Viande de Volailles","2018","2018","1000 t","2","I","Valeur imputée par une agence réceptrice",""
"FBS","Bilans Alimentaires (2010-)","STP","Sao Tomé-et-Principe","645","Disponibilité alimentaire en quantité (kg/personne/an)","S2734","Viande de Volailles","2018","2018","kg/personne","11.79","E","Valeur estimée",""
"FBS","Bilans Alimentaires (2010-)","STP","Sao Tomé-et-Principe","664","Disponibilité alimentaire (Kcal/personne/jour)","S2734","Viande de Volailles","2018","2018","kcal/personne/jour","45.01","E","Valeur estimée",""
"FBS","Bilans Alimentaires (2010-)","STP","Sao Tomé-et-Principe","661","Disponibilité alimentaire (Kcal)","S2734","Viande de Volailles","2018","2018","millions de kcal","3452.86","I","Valeur imputée par une agence réceptrice",""
"FBS","Bilans Alimentaires (2010-)","STP","Sao Tomé-et-Principe","674","Disponibilité de protéines en quantité (g/personne/jour)","S2734","Viande de Volailles","2018","2018","g/personne/jour","5.38","E","Valeur estimée",""
"FBS","Bilans Alimentaires (2010-)","STP","Sao Tomé-et-Principe","671","Disponibilité de protéines en quantité (t)","S2734","Viande de Volailles","2018","2018","tonnes","412.9","I","Valeur imputée par une agence réceptrice",""
"FBS","Bilans Alimentaires (2010-)","STP","Sao Tomé-et-Principe","684","Disponibilité de matière grasse en quantité (g/personne/jour)","S2734","Viande de Volailles","2018","2018","g/personne/jour","2.6","E","Valeur estimée",""
"FBS","Bilans Alimentaires (2010-)","STP","Sao Tomé-et-Principe","681","Disponibilité de matière grasse en quantité (t)","S2734","Viande de Volailles","2018","2018","tonnes","199.45","I","Valeur imputée par une agence réceptrice",""
"FBS","Bilans Alimentaires (2010-)","SEN","Sénégal","5511","Production","S2734","Viande de Volailles","2018","2018","1000 t","98","I","Valeur imputée par une agence réceptrice",""
"FBS","Bilans Alimentaires (2010-)","SEN","Sénégal","5611","Importations - quantité","S2734","Viande de Volailles","2018","2018","1000 t","0","I","Valeur imputée par une agence réceptrice",""
"FBS","Bilans Alimentaires (2010-)","SEN","Sénégal","5072","Variation de stock","S2734","Viande de Volailles","2018","2018","1000 t","0","I","Valeur imputée par une agence réceptrice",""
"FBS","Bilans Alimentaires (2010-)","SEN","Sénégal","5911","Exportations - quantité","S2734","Viande de Volailles","2018","2018","1000 t","0","I","Valeur imputée par une agence réceptrice",""
"FBS","Bilans Alimentaires (2010-)","SEN","Sénégal","5301","Disponibilité intérieure","S2734","Viande de Volailles","2018","2018","1000 t","98","I","Valeur imputée par une agence réceptrice",""
"FBS","Bilans Alimentaires (2010-)","SEN","Sénégal","5170","Résidus","S2734","Viande de Volailles","2018","2018","1000 t","0","I","Valeur imputée par une agence réceptrice",""
"FBS","Bilans Alimentaires (2010-)","SEN","Sénégal","5142","Nourriture","S2734","Viande de Volailles","2018","2018","1000 t","98","I","Valeur imputée par une agence réceptrice",""
"FBS","Bilans Alimentaires (2010-)","SEN","Sénégal","645","Disponibilité alimentaire en quantité (kg/personne/an)","S2734","Viande de Volailles","2018","2018","kg/personne","6.18","E","Valeur estimée",""
"FBS","Bilans Alimentaires (2010-)","SEN","Sénégal","664","Disponibilité alimentaire (Kcal/personne/jour)","S2734","Viande de Volailles","2018","2018","kcal/personne/jour","23.34","E","Valeur estimée",""
"FBS","Bilans Alimentaires (2010-)","SEN","Sénégal","661","Disponibilité alimentaire (Kcal)","S2734","Viande de Volailles","2018","2018","millions de kcal","135573.03","I","Valeur imputée par une agence réceptrice",""
"FBS","Bilans Alimentaires (2010-)","SEN","Sénégal","674","Disponibilité de protéines en quantité (g/personne/jour)","S2734","Viande de Volailles","2018","2018","g/personne/jour","2.79","E","Valeur estimée",""
"FBS","Bilans Alimentaires (2010-)","SEN","Sénégal","671","Disponibilité de protéines en quantité (t)","S2734","Viande de Volailles","2018","2018","tonnes","16198.99","I","Valeur imputée par une agence réceptrice",""
"FBS","Bilans Alimentaires (2010-)","SEN","Sénégal","684","Disponibilité de matière grasse en quantité (g/personne/jour)","S2734","Viande de Volailles","2018","2018","g/personne/jour","1.35","E","Valeur estimée",""
"FBS","Bilans Alimentaires (2010-)","SEN","Sénégal","681","Disponibilité de matière grasse en quantité (t)","S2734","Viande de Volailles","2018","2018","tonnes","7851.31","I","Valeur imputée par une agence réceptrice",""
"FBS","Bilans Alimentaires (2010-)","SRB","Serbie","5511","Production","S2734","Viande de Volailles","2018","2018","1000 t","96","I","Valeur imputée par une agence réceptrice",""
"FBS","Bilans Alimentaires (2010-)","SRB","Serbie","5611","Importations - quantité","S2734","Viande de Volailles","2018","2018","1000 t","17","I","Valeur imputée par une agence réceptrice",""
"FBS","Bilans Alimentaires (2010-)","SRB","Serbie","5072","Variation de stock","S2734","Viande de Volailles","2018","2018","1000 t","0","I","Valeur imputée par une agence réceptrice",""
"FBS","Bilans Alimentaires (2010-)","SRB","Serbie","5911","Exportations - quantité","S2734","Viande de Volailles","2018","2018","1000 t","9","I","Valeur imputée par une agence réceptrice",""
"FBS","Bilans Alimentaires (2010-)","SRB","Serbie","5301","Disponibilité intérieure","S2734","Viande de Volailles","2018","2018","1000 t","104","I","Valeur imputée par une agence réceptrice",""
"FBS","Bilans Alimentaires (2010-)","SRB","Serbie","5170","Résidus","S2734","Viande de Volailles","2018","2018","1000 t","0","I","Valeur imputée par une agence réceptrice",""
"FBS","Bilans Alimentaires (2010-)","SRB","Serbie","5142","Nourriture","S2734","Viande de Volailles","2018","2018","1000 t","104","I","Valeur imputée par une agence réceptrice",""
"FBS","Bilans Alimentaires (2010-)","SRB","Serbie","645","Disponibilité alimentaire en quantité (kg/personne/an)","S2734","Viande de Volailles","2018","2018","kg/personne","14.79","E","Valeur estimée",""
"FBS","Bilans Alimentaires (2010-)","SRB","Serbie","664","Disponibilité alimentaire (Kcal/personne/jour)","S2734","Viande de Volailles","2018","2018","kcal/personne/jour","57.76","E","Valeur estimée",""
"FBS","Bilans Alimentaires (2010-)","SRB","Serbie","661","Disponibilité alimentaire (Kcal)","S2734","Viande de Volailles","2018","2018","millions de kcal","148005.6","I","Valeur imputée par une agence réceptrice",""
"FBS","Bilans Alimentaires (2010-)","SRB","Serbie","674","Disponibilité de protéines en quantité (g/personne/jour)","S2734","Viande de Volailles","2018","2018","g/personne/jour","6.67","E","Valeur estimée",""
"FBS","Bilans Alimentaires (2010-)","SRB","Serbie","671","Disponibilité de protéines en quantité (t)","S2734","Viande de Volailles","2018","2018","tonnes","17102.59","I","Valeur imputée par une agence réceptrice",""
"FBS","Bilans Alimentaires (2010-)","SRB","Serbie","684","Disponibilité de matière grasse en quantité (g/personne/jour)","S2734","Viande de Volailles","2018","2018","g/personne/jour","3.43","E","Valeur estimée",""
"FBS","Bilans Alimentaires (2010-)","SRB","Serbie","681","Disponibilité de matière grasse en quantité (t)","S2734","Viande de Volailles","2018","2018","tonnes","8783.13","I","Valeur imputée par une agence réceptrice",""
"FBS","Bilans Alimentaires (2010-)","SYC","Seychelles","5511","Production","S2734","Viande de Volailles","2018","2018","1000 t","1","I","Valeur imputée par une agence réceptrice",""
"FBS","Bilans Alimentaires (2010-)","SYC","Seychelles","5611","Importations - quantité","S2734","Viande de Volailles","2018","2018","1000 t","3","I","Valeur imputée par une agence réceptrice",""
"FBS","Bilans Alimentaires (2010-)","SYC","Seychelles","5072","Variation de stock","S2734","Viande de Volailles","2018","2018","1000 t","0","I","Valeur imputée par une agence réceptrice",""
"FBS","Bilans Alimentaires (2010-)","SYC","Seychelles","5301","Disponibilité intérieure","S2734","Viande de Volailles","2018","2018","1000 t","4","I","Valeur imputée par une agence réceptrice",""
"FBS","Bilans Alimentaires (2010-)","SYC","Seychelles","5154","Autres utilisations (non alimentaire)","S2734","Viande de Volailles","2018","2018","1000 t","0","I","Valeur imputée par une agence réceptrice",""
"FBS","Bilans Alimentaires (2010-)","SYC","Seychelles","5171","Alimentation pour touristes","S2734","Viande de Volailles","2018","2018","1000 t","0","I","Valeur imputée par une agence réceptrice",""
"FBS","Bilans Alimentaires (2010-)","SYC","Seychelles","5170","Résidus","S2734","Viande de Volailles","2018","2018","1000 t","0","I","Valeur imputée par une agence réceptrice",""
"FBS","Bilans Alimentaires (2010-)","SYC","Seychelles","5142","Nourriture","S2734","Viande de Volailles","2018","2018","1000 t","4","I","Valeur imputée par une agence réceptrice",""
"FBS","Bilans Alimentaires (2010-)","SYC","Seychelles","645","Disponibilité alimentaire en quantité (kg/personne/an)","S2734","Viande de Volailles","2018","2018","kg/personne","33.63","E","Valeur estimée",""
"FBS","Bilans Alimentaires (2010-)","SYC","Seychelles","664","Disponibilité alimentaire (Kcal/personne/jour)","S2734","Viande de Volailles","2018","2018","kcal/personne/jour","128.33","E","Valeur estimée",""
"FBS","Bilans Alimentaires (2010-)","SYC","Seychelles","661","Disponibilité alimentaire (Kcal)","S2734","Viande de Volailles","2018","2018","millions de kcal","5388.42","I","Valeur imputée par une agence réceptrice",""
"FBS","Bilans Alimentaires (2010-)","SYC","Seychelles","674","Disponibilité de protéines en quantité (g/personne/jour)","S2734","Viande de Volailles","2018","2018","g/personne/jour","15.28","E","Valeur estimée",""
"FBS","Bilans Alimentaires (2010-)","SYC","Seychelles","671","Disponibilité de protéines en quantité (t)","S2734","Viande de Volailles","2018","2018","tonnes","641.62","I","Valeur imputée par une agence réceptrice",""
"FBS","Bilans Alimentaires (2010-)","SYC","Seychelles","684","Disponibilité de matière grasse en quantité (g/personne/jour)","S2734","Viande de Volailles","2018","2018","g/personne/jour","7.43","E","Valeur estimée",""
"FBS","Bilans Alimentaires (2010-)","SYC","Seychelles","681","Disponibilité de matière grasse en quantité (t)","S2734","Viande de Volailles","2018","2018","tonnes","311.77","I","Valeur imputée par une agence réceptrice",""
"FBS","Bilans Alimentaires (2010-)","SLE","Sierra Leone","5511","Production","S2734","Viande de Volailles","2018","2018","1000 t","15","I","Valeur imputée par une agence réceptrice",""
"FBS","Bilans Alimentaires (2010-)","SLE","Sierra Leone","5611","Importations - quantité","S2734","Viande de Volailles","2018","2018","1000 t","18","I","Valeur imputée par une agence réceptrice",""
"FBS","Bilans Alimentaires (2010-)","SLE","Sierra Leone","5072","Variation de stock","S2734","Viande de Volailles","2018","2018","1000 t","4","I","Valeur imputée par une agence réceptrice",""
"FBS","Bilans Alimentaires (2010-)","SLE","Sierra Leone","5301","Disponibilité intérieure","S2734","Viande de Volailles","2018","2018","1000 t","30","I","Valeur imputée par une agence réceptrice",""
"FBS","Bilans Alimentaires (2010-)","SLE","Sierra Leone","5170","Résidus","S2734","Viande de Volailles","2018","2018","1000 t","0","I","Valeur imputée par une agence réceptrice",""
"FBS","Bilans Alimentaires (2010-)","SLE","Sierra Leone","5142","Nourriture","S2734","Viande de Volailles","2018","2018","1000 t","30","I","Valeur imputée par une agence réceptrice",""
"FBS","Bilans Alimentaires (2010-)","SLE","Sierra Leone","645","Disponibilité alimentaire en quantité (kg/personne/an)","S2734","Viande de Volailles","2018","2018","kg/personne","3.94","E","Valeur estimée",""
"FBS","Bilans Alimentaires (2010-)","SLE","Sierra Leone","664","Disponibilité alimentaire (Kcal/personne/jour)","S2734","Viande de Volailles","2018","2018","kcal/personne/jour","15.08","E","Valeur estimée",""
"FBS","Bilans Alimentaires (2010-)","SLE","Sierra Leone","661","Disponibilité alimentaire (Kcal)","S2734","Viande de Volailles","2018","2018","millions de kcal","41592.47","I","Valeur imputée par une agence réceptrice",""
"FBS","Bilans Alimentaires (2010-)","SLE","Sierra Leone","674","Disponibilité de protéines en quantité (g/personne/jour)","S2734","Viande de Volailles","2018","2018","g/personne/jour","1.77","E","Valeur estimée",""
"FBS","Bilans Alimentaires (2010-)","SLE","Sierra Leone","671","Disponibilité de protéines en quantité (t)","S2734","Viande de Volailles","2018","2018","tonnes","4892.56","I","Valeur imputée par une agence réceptrice",""
"FBS","Bilans Alimentaires (2010-)","SLE","Sierra Leone","684","Disponibilité de matière grasse en quantité (g/personne/jour)","S2734","Viande de Volailles","2018","2018","g/personne/jour","0.88","E","Valeur estimée",""
"FBS","Bilans Alimentaires (2010-)","SLE","Sierra Leone","681","Disponibilité de matière grasse en quantité (t)","S2734","Viande de Volailles","2018","2018","tonnes","2439.88","I","Valeur imputée par une agence réceptrice",""
"FBS","Bilans Alimentaires (2010-)","SVK","Slovaquie","5511","Production","S2734","Viande de Volailles","2018","2018","1000 t","77","I","Valeur imputée par une agence réceptrice",""
"FBS","Bilans Alimentaires (2010-)","SVK","Slovaquie","5611","Importations - quantité","S2734","Viande de Volailles","2018","2018","1000 t","88","I","Valeur imputée par une agence réceptrice",""
"FBS","Bilans Alimentaires (2010-)","SVK","Slovaquie","5072","Variation de stock","S2734","Viande de Volailles","2018","2018","1000 t","33","I","Valeur imputée par une agence réceptrice",""
"FBS","Bilans Alimentaires (2010-)","SVK","Slovaquie","5911","Exportations - quantité","S2734","Viande de Volailles","2018","2018","1000 t","49","I","Valeur imputée par une agence réceptrice",""
"FBS","Bilans Alimentaires (2010-)","SVK","Slovaquie","5301","Disponibilité intérieure","S2734","Viande de Volailles","2018","2018","1000 t","82","I","Valeur imputée par une agence réceptrice",""
"FBS","Bilans Alimentaires (2010-)","SVK","Slovaquie","5123","Pertes","S2734","Viande de Volailles","2018","2018","1000 t","0","I","Valeur imputée par une agence réceptrice",""
"FBS","Bilans Alimentaires (2010-)","SVK","Slovaquie","5131","Traitement","S2734","Viande de Volailles","2018","2018","1000 t","5","I","Valeur imputée par une agence réceptrice",""
"FBS","Bilans Alimentaires (2010-)","SVK","Slovaquie","5170","Résidus","S2734","Viande de Volailles","2018","2018","1000 t","0","I","Valeur imputée par une agence réceptrice",""
"FBS","Bilans Alimentaires (2010-)","SVK","Slovaquie","5142","Nourriture","S2734","Viande de Volailles","2018","2018","1000 t","77","I","Valeur imputée par une agence réceptrice",""
"FBS","Bilans Alimentaires (2010-)","SVK","Slovaquie","645","Disponibilité alimentaire en quantité (kg/personne/an)","S2734","Viande de Volailles","2018","2018","kg/personne","14.19","E","Valeur estimée",""
"FBS","Bilans Alimentaires (2010-)","SVK","Slovaquie","664","Disponibilité alimentaire (Kcal/personne/jour)","S2734","Viande de Volailles","2018","2018","kcal/personne/jour","53.57","E","Valeur estimée",""
"FBS","Bilans Alimentaires (2010-)","SVK","Slovaquie","661","Disponibilité alimentaire (Kcal)","S2734","Viande de Volailles","2018","2018","millions de kcal","106426.68","I","Valeur imputée par une agence réceptrice",""
"FBS","Bilans Alimentaires (2010-)","SVK","Slovaquie","674","Disponibilité de protéines en quantité (g/personne/jour)","S2734","Viande de Volailles","2018","2018","g/personne/jour","6.43","E","Valeur estimée",""
"FBS","Bilans Alimentaires (2010-)","SVK","Slovaquie","671","Disponibilité de protéines en quantité (t)","S2734","Viande de Volailles","2018","2018","tonnes","12776.77","I","Valeur imputée par une agence réceptrice",""
"FBS","Bilans Alimentaires (2010-)","SVK","Slovaquie","684","Disponibilité de matière grasse en quantité (g/personne/jour)","S2734","Viande de Volailles","2018","2018","g/personne/jour","3.09","E","Valeur estimée",""
"FBS","Bilans Alimentaires (2010-)","SVK","Slovaquie","681","Disponibilité de matière grasse en quantité (t)","S2734","Viande de Volailles","2018","2018","tonnes","6136.24","I","Valeur imputée par une agence réceptrice",""
"FBS","Bilans Alimentaires (2010-)","SVN","Slovénie","5511","Production","S2734","Viande de Volailles","2018","2018","1000 t","69","I","Valeur imputée par une agence réceptrice",""
"FBS","Bilans Alimentaires (2010-)","SVN","Slovénie","5611","Importations - quantité","S2734","Viande de Volailles","2018","2018","1000 t","23","I","Valeur imputée par une agence réceptrice",""
"FBS","Bilans Alimentaires (2010-)","SVN","Slovénie","5072","Variation de stock","S2734","Viande de Volailles","2018","2018","1000 t","10","I","Valeur imputée par une agence réceptrice",""
"FBS","Bilans Alimentaires (2010-)","SVN","Slovénie","5911","Exportations - quantité","S2734","Viande de Volailles","2018","2018","1000 t","31","I","Valeur imputée par une agence réceptrice",""
"FBS","Bilans Alimentaires (2010-)","SVN","Slovénie","5301","Disponibilité intérieure","S2734","Viande de Volailles","2018","2018","1000 t","51","I","Valeur imputée par une agence réceptrice",""
"FBS","Bilans Alimentaires (2010-)","SVN","Slovénie","5131","Traitement","S2734","Viande de Volailles","2018","2018","1000 t","1","I","Valeur imputée par une agence réceptrice",""
"FBS","Bilans Alimentaires (2010-)","SVN","Slovénie","5170","Résidus","S2734","Viande de Volailles","2018","2018","1000 t","0","I","Valeur imputée par une agence réceptrice",""
"FBS","Bilans Alimentaires (2010-)","SVN","Slovénie","5142","Nourriture","S2734","Viande de Volailles","2018","2018","1000 t","50","I","Valeur imputée par une agence réceptrice",""
"FBS","Bilans Alimentaires (2010-)","SVN","Slovénie","645","Disponibilité alimentaire en quantité (kg/personne/an)","S2734","Viande de Volailles","2018","2018","kg/personne","24.17","E","Valeur estimée",""
"FBS","Bilans Alimentaires (2010-)","SVN","Slovénie","664","Disponibilité alimentaire (Kcal/personne/jour)","S2734","Viande de Volailles","2018","2018","kcal/personne/jour","89.06","E","Valeur estimée",""
"FBS","Bilans Alimentaires (2010-)","SVN","Slovénie","661","Disponibilité alimentaire (Kcal)","S2734","Viande de Volailles","2018","2018","millions de kcal","67270.48","I","Valeur imputée par une agence réceptrice",""
"FBS","Bilans Alimentaires (2010-)","SVN","Slovénie","674","Disponibilité de protéines en quantité (g/personne/jour)","S2734","Viande de Volailles","2018","2018","g/personne/jour","11.1","E","Valeur estimée",""
"FBS","Bilans Alimentaires (2010-)","SVN","Slovénie","671","Disponibilité de protéines en quantité (t)","S2734","Viande de Volailles","2018","2018","tonnes","8387.6","I","Valeur imputée par une agence réceptrice",""
"FBS","Bilans Alimentaires (2010-)","SVN","Slovénie","684","Disponibilité de matière grasse en quantité (g/personne/jour)","S2734","Viande de Volailles","2018","2018","g/personne/jour","4.95","E","Valeur estimée",""
"FBS","Bilans Alimentaires (2010-)","SVN","Slovénie","681","Disponibilité de matière grasse en quantité (t)","S2734","Viande de Volailles","2018","2018","tonnes","3739.75","I","Valeur imputée par une agence réceptrice",""
"FBS","Bilans Alimentaires (2010-)","LKA","Sri Lanka","5511","Production","S2734","Viande de Volailles","2018","2018","1000 t","214","I","Valeur imputée par une agence réceptrice",""
"FBS","Bilans Alimentaires (2010-)","LKA","Sri Lanka","5611","Importations - quantité","S2734","Viande de Volailles","2018","2018","1000 t","0","I","Valeur imputée par une agence réceptrice",""
"FBS","Bilans Alimentaires (2010-)","LKA","Sri Lanka","5072","Variation de stock","S2734","Viande de Volailles","2018","2018","1000 t","0","I","Valeur imputée par une agence réceptrice",""
"FBS","Bilans Alimentaires (2010-)","LKA","Sri Lanka","5911","Exportations - quantité","S2734","Viande de Volailles","2018","2018","1000 t","0","I","Valeur imputée par une agence réceptrice",""
"FBS","Bilans Alimentaires (2010-)","LKA","Sri Lanka","5301","Disponibilité intérieure","S2734","Viande de Volailles","2018","2018","1000 t","215","I","Valeur imputée par une agence réceptrice",""
"FBS","Bilans Alimentaires (2010-)","LKA","Sri Lanka","5170","Résidus","S2734","Viande de Volailles","2018","2018","1000 t","0","I","Valeur imputée par une agence réceptrice",""
"FBS","Bilans Alimentaires (2010-)","LKA","Sri Lanka","5142","Nourriture","S2734","Viande de Volailles","2018","2018","1000 t","215","I","Valeur imputée par une agence réceptrice",""
"FBS","Bilans Alimentaires (2010-)","LKA","Sri Lanka","645","Disponibilité alimentaire en quantité (kg/personne/an)","S2734","Viande de Volailles","2018","2018","kg/personne","9.64","E","Valeur estimée",""
"FBS","Bilans Alimentaires (2010-)","LKA","Sri Lanka","664","Disponibilité alimentaire (Kcal/personne/jour)","S2734","Viande de Volailles","2018","2018","kcal/personne/jour","36.39","E","Valeur estimée",""
"FBS","Bilans Alimentaires (2010-)","LKA","Sri Lanka","661","Disponibilité alimentaire (Kcal)","S2734","Viande de Volailles","2018","2018","millions de kcal","295593.7","I","Valeur imputée par une agence réceptrice",""
"FBS","Bilans Alimentaires (2010-)","LKA","Sri Lanka","674","Disponibilité de protéines en quantité (g/personne/jour)","S2734","Viande de Volailles","2018","2018","g/personne/jour","4.35","E","Valeur estimée",""
"FBS","Bilans Alimentaires (2010-)","LKA","Sri Lanka","671","Disponibilité de protéines en quantité (t)","S2734","Viande de Volailles","2018","2018","tonnes","35326.87","I","Valeur imputée par une agence réceptrice",""
"FBS","Bilans Alimentaires (2010-)","LKA","Sri Lanka","684","Disponibilité de matière grasse en quantité (g/personne/jour)","S2734","Viande de Volailles","2018","2018","g/personne/jour","2.11","E","Valeur estimée",""
"FBS","Bilans Alimentaires (2010-)","LKA","Sri Lanka","681","Disponibilité de matière grasse en quantité (t)","S2734","Viande de Volailles","2018","2018","tonnes","17121.85","I","Valeur imputée par une agence réceptrice",""
"FBS","Bilans Alimentaires (2010-)","SWE","Suède","5511","Production","S2734","Viande de Volailles","2018","2018","1000 t","161","I","Valeur imputée par une agence réceptrice",""
"FBS","Bilans Alimentaires (2010-)","SWE","Suède","5611","Importations - quantité","S2734","Viande de Volailles","2018","2018","1000 t","81","I","Valeur imputée par une agence réceptrice",""
"FBS","Bilans Alimentaires (2010-)","SWE","Suède","5072","Variation de stock","S2734","Viande de Volailles","2018","2018","1000 t","-20","I","Valeur imputée par une agence réceptrice",""
"FBS","Bilans Alimentaires (2010-)","SWE","Suède","5911","Exportations - quantité","S2734","Viande de Volailles","2018","2018","1000 t","26","I","Valeur imputée par une agence réceptrice",""
"FBS","Bilans Alimentaires (2010-)","SWE","Suède","5301","Disponibilité intérieure","S2734","Viande de Volailles","2018","2018","1000 t","236","I","Valeur imputée par une agence réceptrice",""
"FBS","Bilans Alimentaires (2010-)","SWE","Suède","5131","Traitement","S2734","Viande de Volailles","2018","2018","1000 t","67","I","Valeur imputée par une agence réceptrice",""
"FBS","Bilans Alimentaires (2010-)","SWE","Suède","5170","Résidus","S2734","Viande de Volailles","2018","2018","1000 t","0","I","Valeur imputée par une agence réceptrice",""
"FBS","Bilans Alimentaires (2010-)","SWE","Suède","5142","Nourriture","S2734","Viande de Volailles","2018","2018","1000 t","168","I","Valeur imputée par une agence réceptrice",""
"FBS","Bilans Alimentaires (2010-)","SWE","Suède","645","Disponibilité alimentaire en quantité (kg/personne/an)","S2734","Viande de Volailles","2018","2018","kg/personne","16.54","E","Valeur estimée",""
"FBS","Bilans Alimentaires (2010-)","SWE","Suède","664","Disponibilité alimentaire (Kcal/personne/jour)","S2734","Viande de Volailles","2018","2018","kcal/personne/jour","64.47","E","Valeur estimée",""
"FBS","Bilans Alimentaires (2010-)","SWE","Suède","661","Disponibilité alimentaire (Kcal)","S2734","Viande de Volailles","2018","2018","millions de kcal","239435.13","I","Valeur imputée par une agence réceptrice",""
"FBS","Bilans Alimentaires (2010-)","SWE","Suède","674","Disponibilité de protéines en quantité (g/personne/jour)","S2734","Viande de Volailles","2018","2018","g/personne/jour","7.7","E","Valeur estimée",""
"FBS","Bilans Alimentaires (2010-)","SWE","Suède","671","Disponibilité de protéines en quantité (t)","S2734","Viande de Volailles","2018","2018","tonnes","28598.95","I","Valeur imputée par une agence réceptrice",""
"FBS","Bilans Alimentaires (2010-)","SWE","Suède","684","Disponibilité de matière grasse en quantité (g/personne/jour)","S2734","Viande de Volailles","2018","2018","g/personne/jour","3.67","E","Valeur estimée",""
"FBS","Bilans Alimentaires (2010-)","SWE","Suède","681","Disponibilité de matière grasse en quantité (t)","S2734","Viande de Volailles","2018","2018","tonnes","13648.08","I","Valeur imputée par une agence réceptrice",""
"FBS","Bilans Alimentaires (2010-)","CHE","Suisse","5511","Production","S2734","Viande de Volailles","2018","2018","1000 t","97","I","Valeur imputée par une agence réceptrice",""
"FBS","Bilans Alimentaires (2010-)","CHE","Suisse","5611","Importations - quantité","S2734","Viande de Volailles","2018","2018","1000 t","46","I","Valeur imputée par une agence réceptrice",""
"FBS","Bilans Alimentaires (2010-)","CHE","Suisse","5072","Variation de stock","S2734","Viande de Volailles","2018","2018","1000 t","-9","I","Valeur imputée par une agence réceptrice",""
"FBS","Bilans Alimentaires (2010-)","CHE","Suisse","5911","Exportations - quantité","S2734","Viande de Volailles","2018","2018","1000 t","2","I","Valeur imputée par une agence réceptrice",""
"FBS","Bilans Alimentaires (2010-)","CHE","Suisse","5301","Disponibilité intérieure","S2734","Viande de Volailles","2018","2018","1000 t","150","I","Valeur imputée par une agence réceptrice",""
"FBS","Bilans Alimentaires (2010-)","CHE","Suisse","5123","Pertes","S2734","Viande de Volailles","2018","2018","1000 t","0","I","Valeur imputée par une agence réceptrice",""
"FBS","Bilans Alimentaires (2010-)","CHE","Suisse","5170","Résidus","S2734","Viande de Volailles","2018","2018","1000 t","0","I","Valeur imputée par une agence réceptrice",""
"FBS","Bilans Alimentaires (2010-)","CHE","Suisse","5142","Nourriture","S2734","Viande de Volailles","2018","2018","1000 t","150","I","Valeur imputée par une agence réceptrice",""
"FBS","Bilans Alimentaires (2010-)","CHE","Suisse","645","Disponibilité alimentaire en quantité (kg/personne/an)","S2734","Viande de Volailles","2018","2018","kg/personne","17.65","E","Valeur estimée",""
"FBS","Bilans Alimentaires (2010-)","CHE","Suisse","664","Disponibilité alimentaire (Kcal/personne/jour)","S2734","Viande de Volailles","2018","2018","kcal/personne/jour","66.63","E","Valeur estimée",""
"FBS","Bilans Alimentaires (2010-)","CHE","Suisse","661","Disponibilité alimentaire (Kcal)","S2734","Viande de Volailles","2018","2018","millions de kcal","207106.3","I","Valeur imputée par une agence réceptrice",""
"FBS","Bilans Alimentaires (2010-)","CHE","Suisse","674","Disponibilité de protéines en quantité (g/personne/jour)","S2734","Viande de Volailles","2018","2018","g/personne/jour","8.02","E","Valeur estimée",""
"FBS","Bilans Alimentaires (2010-)","CHE","Suisse","671","Disponibilité de protéines en quantité (t)","S2734","Viande de Volailles","2018","2018","tonnes","24943.14","I","Valeur imputée par une agence réceptrice",""
"FBS","Bilans Alimentaires (2010-)","CHE","Suisse","684","Disponibilité de matière grasse en quantité (g/personne/jour)","S2734","Viande de Volailles","2018","2018","g/personne/jour","3.81","E","Valeur estimée",""
"FBS","Bilans Alimentaires (2010-)","CHE","Suisse","681","Disponibilité de matière grasse en quantité (t)","S2734","Viande de Volailles","2018","2018","tonnes","11852.75","I","Valeur imputée par une agence réceptrice",""
"FBS","Bilans Alimentaires (2010-)","SUR","Suriname","5511","Production","S2734","Viande de Volailles","2018","2018","1000 t","11","I","Valeur imputée par une agence réceptrice",""
"FBS","Bilans Alimentaires (2010-)","SUR","Suriname","5611","Importations - quantité","S2734","Viande de Volailles","2018","2018","1000 t","22","I","Valeur imputée par une agence réceptrice",""
"FBS","Bilans Alimentaires (2010-)","SUR","Suriname","5072","Variation de stock","S2734","Viande de Volailles","2018","2018","1000 t","6","I","Valeur imputée par une agence réceptrice",""
"FBS","Bilans Alimentaires (2010-)","SUR","Suriname","5911","Exportations - quantité","S2734","Viande de Volailles","2018","2018","1000 t","1","I","Valeur imputée par une agence réceptrice",""
"FBS","Bilans Alimentaires (2010-)","SUR","Suriname","5301","Disponibilité intérieure","S2734","Viande de Volailles","2018","2018","1000 t","27","I","Valeur imputée par une agence réceptrice",""
"FBS","Bilans Alimentaires (2010-)","SUR","Suriname","5123","Pertes","S2734","Viande de Volailles","2018","2018","1000 t","0","I","Valeur imputée par une agence réceptrice",""
"FBS","Bilans Alimentaires (2010-)","SUR","Suriname","5154","Autres utilisations (non alimentaire)","S2734","Viande de Volailles","2018","2018","1000 t","0","I","Valeur imputée par une agence réceptrice",""
"FBS","Bilans Alimentaires (2010-)","SUR","Suriname","5170","Résidus","S2734","Viande de Volailles","2018","2018","1000 t","0","I","Valeur imputée par une agence réceptrice",""
"FBS","Bilans Alimentaires (2010-)","SUR","Suriname","5142","Nourriture","S2734","Viande de Volailles","2018","2018","1000 t","27","I","Valeur imputée par une agence réceptrice",""
"FBS","Bilans Alimentaires (2010-)","SUR","Suriname","645","Disponibilité alimentaire en quantité (kg/personne/an)","S2734","Viande de Volailles","2018","2018","kg/personne","44.56","E","Valeur estimée",""
"FBS","Bilans Alimentaires (2010-)","SUR","Suriname","664","Disponibilité alimentaire (Kcal/personne/jour)","S2734","Viande de Volailles","2018","2018","kcal/personne/jour","169.68","E","Valeur estimée",""
"FBS","Bilans Alimentaires (2010-)","SUR","Suriname","661","Disponibilité alimentaire (Kcal)","S2734","Viande de Volailles","2018","2018","millions de kcal","37130.72","I","Valeur imputée par une agence réceptrice",""
"FBS","Bilans Alimentaires (2010-)","SUR","Suriname","674","Disponibilité de protéines en quantité (g/personne/jour)","S2734","Viande de Volailles","2018","2018","g/personne/jour","20.11","E","Valeur estimée",""
"FBS","Bilans Alimentaires (2010-)","SUR","Suriname","671","Disponibilité de protéines en quantité (t)","S2734","Viande de Volailles","2018","2018","tonnes","4400.37","I","Valeur imputée par une agence réceptrice",""
"FBS","Bilans Alimentaires (2010-)","SUR","Suriname","684","Disponibilité de matière grasse en quantité (g/personne/jour)","S2734","Viande de Volailles","2018","2018","g/personne/jour","9.89","E","Valeur estimée",""
"FBS","Bilans Alimentaires (2010-)","SUR","Suriname","681","Disponibilité de matière grasse en quantité (t)","S2734","Viande de Volailles","2018","2018","tonnes","2163.73","I","Valeur imputée par une agence réceptrice",""
"FBS","Bilans Alimentaires (2010-)","TJK","Tadjikistan","5511","Production","S2734","Viande de Volailles","2018","2018","1000 t","7","I","Valeur imputée par une agence réceptrice",""
"FBS","Bilans Alimentaires (2010-)","TJK","Tadjikistan","5611","Importations - quantité","S2734","Viande de Volailles","2018","2018","1000 t","14","I","Valeur imputée par une agence réceptrice",""
"FBS","Bilans Alimentaires (2010-)","TJK","Tadjikistan","5072","Variation de stock","S2734","Viande de Volailles","2018","2018","1000 t","-15","I","Valeur imputée par une agence réceptrice",""
"FBS","Bilans Alimentaires (2010-)","TJK","Tadjikistan","5301","Disponibilité intérieure","S2734","Viande de Volailles","2018","2018","1000 t","36","I","Valeur imputée par une agence réceptrice",""
"FBS","Bilans Alimentaires (2010-)","TJK","Tadjikistan","5123","Pertes","S2734","Viande de Volailles","2018","2018","1000 t","1","I","Valeur imputée par une agence réceptrice",""
"FBS","Bilans Alimentaires (2010-)","TJK","Tadjikistan","5170","Résidus","S2734","Viande de Volailles","2018","2018","1000 t","0","I","Valeur imputée par une agence réceptrice",""
"FBS","Bilans Alimentaires (2010-)","TJK","Tadjikistan","5142","Nourriture","S2734","Viande de Volailles","2018","2018","1000 t","35","I","Valeur imputée par une agence réceptrice",""
"FBS","Bilans Alimentaires (2010-)","TJK","Tadjikistan","645","Disponibilité alimentaire en quantité (kg/personne/an)","S2734","Viande de Volailles","2018","2018","kg/personne","3.78","E","Valeur estimée",""
"FBS","Bilans Alimentaires (2010-)","TJK","Tadjikistan","664","Disponibilité alimentaire (Kcal/personne/jour)","S2734","Viande de Volailles","2018","2018","kcal/personne/jour","14.57","E","Valeur estimée",""
"FBS","Bilans Alimentaires (2010-)","TJK","Tadjikistan","661","Disponibilité alimentaire (Kcal)","S2734","Viande de Volailles","2018","2018","millions de kcal","49487.3","I","Valeur imputée par une agence réceptrice",""
"FBS","Bilans Alimentaires (2010-)","TJK","Tadjikistan","674","Disponibilité de protéines en quantité (g/personne/jour)","S2734","Viande de Volailles","2018","2018","g/personne/jour","1.7","E","Valeur estimée",""
"FBS","Bilans Alimentaires (2010-)","TJK","Tadjikistan","671","Disponibilité de protéines en quantité (t)","S2734","Viande de Volailles","2018","2018","tonnes","5771.2","I","Valeur imputée par une agence réceptrice",""
"FBS","Bilans Alimentaires (2010-)","TJK","Tadjikistan","684","Disponibilité de matière grasse en quantité (g/personne/jour)","S2734","Viande de Volailles","2018","2018","g/personne/jour","0.86","E","Valeur estimée",""
"FBS","Bilans Alimentaires (2010-)","TJK","Tadjikistan","681","Disponibilité de matière grasse en quantité (t)","S2734","Viande de Volailles","2018","2018","tonnes","2925.43","I","Valeur imputée par une agence réceptrice",""
"FBS","Bilans Alimentaires (2010-)","CZE","Tchéquie","5511","Production","S2734","Viande de Volailles","2018","2018","1000 t","169","I","Valeur imputée par une agence réceptrice",""
"FBS","Bilans Alimentaires (2010-)","CZE","Tchéquie","5611","Importations - quantité","S2734","Viande de Volailles","2018","2018","1000 t","122","I","Valeur imputée par une agence réceptrice",""
"FBS","Bilans Alimentaires (2010-)","CZE","Tchéquie","5072","Variation de stock","S2734","Viande de Volailles","2018","2018","1000 t","12","I","Valeur imputée par une agence réceptrice",""
"FBS","Bilans Alimentaires (2010-)","CZE","Tchéquie","5911","Exportations - quantité","S2734","Viande de Volailles","2018","2018","1000 t","27","I","Valeur imputée par une agence réceptrice",""
"FBS","Bilans Alimentaires (2010-)","CZE","Tchéquie","5301","Disponibilité intérieure","S2734","Viande de Volailles","2018","2018","1000 t","253","I","Valeur imputée par une agence réceptrice",""
"FBS","Bilans Alimentaires (2010-)","CZE","Tchéquie","5123","Pertes","S2734","Viande de Volailles","2018","2018","1000 t","0","I","Valeur imputée par une agence réceptrice",""
"FBS","Bilans Alimentaires (2010-)","CZE","Tchéquie","5131","Traitement","S2734","Viande de Volailles","2018","2018","1000 t","14","I","Valeur imputée par une agence réceptrice",""
"FBS","Bilans Alimentaires (2010-)","CZE","Tchéquie","5170","Résidus","S2734","Viande de Volailles","2018","2018","1000 t","0","I","Valeur imputée par une agence réceptrice",""
"FBS","Bilans Alimentaires (2010-)","CZE","Tchéquie","5142","Nourriture","S2734","Viande de Volailles","2018","2018","1000 t","238","I","Valeur imputée par une agence réceptrice",""
"FBS","Bilans Alimentaires (2010-)","CZE","Tchéquie","645","Disponibilité alimentaire en quantité (kg/personne/an)","S2734","Viande de Volailles","2018","2018","kg/personne","22.59","E","Valeur estimée",""
"FBS","Bilans Alimentaires (2010-)","CZE","Tchéquie","664","Disponibilité alimentaire (Kcal/personne/jour)","S2734","Viande de Volailles","2018","2018","kcal/personne/jour","87.68","E","Valeur estimée",""
"FBS","Bilans Alimentaires (2010-)","CZE","Tchéquie","661","Disponibilité alimentaire (Kcal)","S2734","Viande de Volailles","2018","2018","millions de kcal","337603.24","I","Valeur imputée par une agence réceptrice",""
"FBS","Bilans Alimentaires (2010-)","CZE","Tchéquie","674","Disponibilité de protéines en quantité (g/personne/jour)","S2734","Viande de Volailles","2018","2018","g/personne/jour","10.22","E","Valeur estimée",""
"FBS","Bilans Alimentaires (2010-)","CZE","Tchéquie","671","Disponibilité de protéines en quantité (t)","S2734","Viande de Volailles","2018","2018","tonnes","39347.72","I","Valeur imputée par une agence réceptrice",""
"FBS","Bilans Alimentaires (2010-)","CZE","Tchéquie","684","Disponibilité de matière grasse en quantité (g/personne/jour)","S2734","Viande de Volailles","2018","2018","g/personne/jour","5.18","E","Valeur estimée",""
"FBS","Bilans Alimentaires (2010-)","CZE","Tchéquie","681","Disponibilité de matière grasse en quantité (t)","S2734","Viande de Volailles","2018","2018","tonnes","19933.44","I","Valeur imputée par une agence réceptrice",""
"FBS","Bilans Alimentaires (2010-)","THA","Thaïlande","5511","Production","S2734","Viande de Volailles","2018","2018","1000 t","1738","I","Valeur imputée par une agence réceptrice",""
"FBS","Bilans Alimentaires (2010-)","THA","Thaïlande","5611","Importations - quantité","S2734","Viande de Volailles","2018","2018","1000 t","2","I","Valeur imputée par une agence réceptrice",""
"FBS","Bilans Alimentaires (2010-)","THA","Thaïlande","5072","Variation de stock","S2734","Viande de Volailles","2018","2018","1000 t","-49","I","Valeur imputée par une agence réceptrice",""
"FBS","Bilans Alimentaires (2010-)","THA","Thaïlande","5911","Exportations - quantité","S2734","Viande de Volailles","2018","2018","1000 t","870","I","Valeur imputée par une agence réceptrice",""
"FBS","Bilans Alimentaires (2010-)","THA","Thaïlande","5301","Disponibilité intérieure","S2734","Viande de Volailles","2018","2018","1000 t","919","I","Valeur imputée par une agence réceptrice",""
"FBS","Bilans Alimentaires (2010-)","THA","Thaïlande","5123","Pertes","S2734","Viande de Volailles","2018","2018","1000 t","63","I","Valeur imputée par une agence réceptrice",""
"FBS","Bilans Alimentaires (2010-)","THA","Thaïlande","5131","Traitement","S2734","Viande de Volailles","2018","2018","1000 t","11","I","Valeur imputée par une agence réceptrice",""
"FBS","Bilans Alimentaires (2010-)","THA","Thaïlande","5170","Résidus","S2734","Viande de Volailles","2018","2018","1000 t","-2","I","Valeur imputée par une agence réceptrice",""
"FBS","Bilans Alimentaires (2010-)","THA","Thaïlande","5142","Nourriture","S2734","Viande de Volailles","2018","2018","1000 t","846","I","Valeur imputée par une agence réceptrice",""
"FBS","Bilans Alimentaires (2010-)","THA","Thaïlande","645","Disponibilité alimentaire en quantité (kg/personne/an)","S2734","Viande de Volailles","2018","2018","kg/personne","11.86","E","Valeur estimée",""
"FBS","Bilans Alimentaires (2010-)","THA","Thaïlande","664","Disponibilité alimentaire (Kcal/personne/jour)","S2734","Viande de Volailles","2018","2018","kcal/personne/jour","46.51","E","Valeur estimée",""
"FBS","Bilans Alimentaires (2010-)","THA","Thaïlande","661","Disponibilité alimentaire (Kcal)","S2734","Viande de Volailles","2018","2018","millions de kcal","1211701.16","I","Valeur imputée par une agence réceptrice",""
"FBS","Bilans Alimentaires (2010-)","THA","Thaïlande","674","Disponibilité de protéines en quantité (g/personne/jour)","S2734","Viande de Volailles","2018","2018","g/personne/jour","5.4","E","Valeur estimée",""
"FBS","Bilans Alimentaires (2010-)","THA","Thaïlande","671","Disponibilité de protéines en quantité (t)","S2734","Viande de Volailles","2018","2018","tonnes","140614.41","I","Valeur imputée par une agence réceptrice",""
"FBS","Bilans Alimentaires (2010-)","THA","Thaïlande","684","Disponibilité de matière grasse en quantité (g/personne/jour)","S2734","Viande de Volailles","2018","2018","g/personne/jour","2.75","E","Valeur estimée",""
"FBS","Bilans Alimentaires (2010-)","THA","Thaïlande","681","Disponibilité de matière grasse en quantité (t)","S2734","Viande de Volailles","2018","2018","tonnes","71690.55","I","Valeur imputée par une agence réceptrice",""
"FBS","Bilans Alimentaires (2010-)","TLS","Timor-Leste","5511","Production","S2734","Viande de Volailles","2018","2018","1000 t","1","I","Valeur imputée par une agence réceptrice",""
"FBS","Bilans Alimentaires (2010-)","TLS","Timor-Leste","5611","Importations - quantité","S2734","Viande de Volailles","2018","2018","1000 t","9","I","Valeur imputée par une agence réceptrice",""
"FBS","Bilans Alimentaires (2010-)","TLS","Timor-Leste","5072","Variation de stock","S2734","Viande de Volailles","2018","2018","1000 t","0","I","Valeur imputée par une agence réceptrice",""
"FBS","Bilans Alimentaires (2010-)","TLS","Timor-Leste","5301","Disponibilité intérieure","S2734","Viande de Volailles","2018","2018","1000 t","10","I","Valeur imputée par une agence réceptrice",""
"FBS","Bilans Alimentaires (2010-)","TLS","Timor-Leste","5123","Pertes","S2734","Viande de Volailles","2018","2018","1000 t","0","I","Valeur imputée par une agence réceptrice",""
"FBS","Bilans Alimentaires (2010-)","TLS","Timor-Leste","5170","Résidus","S2734","Viande de Volailles","2018","2018","1000 t","0","I","Valeur imputée par une agence réceptrice",""
"FBS","Bilans Alimentaires (2010-)","TLS","Timor-Leste","5142","Nourriture","S2734","Viande de Volailles","2018","2018","1000 t","10","I","Valeur imputée par une agence réceptrice",""
"FBS","Bilans Alimentaires (2010-)","TLS","Timor-Leste","645","Disponibilité alimentaire en quantité (kg/personne/an)","S2734","Viande de Volailles","2018","2018","kg/personne","8.08","E","Valeur estimée",""
"FBS","Bilans Alimentaires (2010-)","TLS","Timor-Leste","664","Disponibilité alimentaire (Kcal/personne/jour)","S2734","Viande de Volailles","2018","2018","kcal/personne/jour","30.55","E","Valeur estimée",""
"FBS","Bilans Alimentaires (2010-)","TLS","Timor-Leste","661","Disponibilité alimentaire (Kcal)","S2734","Viande de Volailles","2018","2018","millions de kcal","14226.72","I","Valeur imputée par une agence réceptrice",""
"FBS","Bilans Alimentaires (2010-)","TLS","Timor-Leste","674","Disponibilité de protéines en quantité (g/personne/jour)","S2734","Viande de Volailles","2018","2018","g/personne/jour","3.65","E","Valeur estimée",""
"FBS","Bilans Alimentaires (2010-)","TLS","Timor-Leste","671","Disponibilité de protéines en quantité (t)","S2734","Viande de Volailles","2018","2018","tonnes","1699.08","I","Valeur imputée par une agence réceptrice",""
"FBS","Bilans Alimentaires (2010-)","TLS","Timor-Leste","684","Disponibilité de matière grasse en quantité (g/personne/jour)","S2734","Viande de Volailles","2018","2018","g/personne/jour","1.77","E","Valeur estimée",""
"FBS","Bilans Alimentaires (2010-)","TLS","Timor-Leste","681","Disponibilité de matière grasse en quantité (t)","S2734","Viande de Volailles","2018","2018","tonnes","823.49","I","Valeur imputée par une agence réceptrice",""
"FBS","Bilans Alimentaires (2010-)","TTO","Trinité-et-Tobago","5511","Production","S2734","Viande de Volailles","2018","2018","1000 t","65","I","Valeur imputée par une agence réceptrice",""
"FBS","Bilans Alimentaires (2010-)","TTO","Trinité-et-Tobago","5611","Importations - quantité","S2734","Viande de Volailles","2018","2018","1000 t","20","I","Valeur imputée par une agence réceptrice",""
"FBS","Bilans Alimentaires (2010-)","TTO","Trinité-et-Tobago","5072","Variation de stock","S2734","Viande de Volailles","2018","2018","1000 t","0","I","Valeur imputée par une agence réceptrice",""
"FBS","Bilans Alimentaires (2010-)","TTO","Trinité-et-Tobago","5911","Exportations - quantité","S2734","Viande de Volailles","2018","2018","1000 t","0","I","Valeur imputée par une agence réceptrice",""
"FBS","Bilans Alimentaires (2010-)","TTO","Trinité-et-Tobago","5301","Disponibilité intérieure","S2734","Viande de Volailles","2018","2018","1000 t","85","I","Valeur imputée par une agence réceptrice",""
"FBS","Bilans Alimentaires (2010-)","TTO","Trinité-et-Tobago","5154","Autres utilisations (non alimentaire)","S2734","Viande de Volailles","2018","2018","1000 t","0","I","Valeur imputée par une agence réceptrice",""
"FBS","Bilans Alimentaires (2010-)","TTO","Trinité-et-Tobago","5171","Alimentation pour touristes","S2734","Viande de Volailles","2018","2018","1000 t","0","I","Valeur imputée par une agence réceptrice",""
"FBS","Bilans Alimentaires (2010-)","TTO","Trinité-et-Tobago","5170","Résidus","S2734","Viande de Volailles","2018","2018","1000 t","0","I","Valeur imputée par une agence réceptrice",""
"FBS","Bilans Alimentaires (2010-)","TTO","Trinité-et-Tobago","5142","Nourriture","S2734","Viande de Volailles","2018","2018","1000 t","84","I","Valeur imputée par une agence réceptrice",""
"FBS","Bilans Alimentaires (2010-)","TTO","Trinité-et-Tobago","645","Disponibilité alimentaire en quantité (kg/personne/an)","S2734","Viande de Volailles","2018","2018","kg/personne","57.45","E","Valeur estimée",""
"FBS","Bilans Alimentaires (2010-)","TTO","Trinité-et-Tobago","664","Disponibilité alimentaire (Kcal/personne/jour)","S2734","Viande de Volailles","2018","2018","kcal/personne/jour","216.67","E","Valeur estimée",""
"FBS","Bilans Alimentaires (2010-)","TTO","Trinité-et-Tobago","661","Disponibilité alimentaire (Kcal)","S2734","Viande de Volailles","2018","2018","millions de kcal","116292.95","I","Valeur imputée par une agence réceptrice",""
"FBS","Bilans Alimentaires (2010-)","TTO","Trinité-et-Tobago","674","Disponibilité de protéines en quantité (g/personne/jour)","S2734","Viande de Volailles","2018","2018","g/personne/jour","26.04","E","Valeur estimée",""
"FBS","Bilans Alimentaires (2010-)","TTO","Trinité-et-Tobago","671","Disponibilité de protéines en quantité (t)","S2734","Viande de Volailles","2018","2018","tonnes","13976.23","I","Valeur imputée par une agence réceptrice",""
"FBS","Bilans Alimentaires (2010-)","TTO","Trinité-et-Tobago","684","Disponibilité de matière grasse en quantité (g/personne/jour)","S2734","Viande de Volailles","2018","2018","g/personne/jour","12.47","E","Valeur estimée",""
"FBS","Bilans Alimentaires (2010-)","TTO","Trinité-et-Tobago","681","Disponibilité de matière grasse en quantité (t)","S2734","Viande de Volailles","2018","2018","tonnes","6690.52","I","Valeur imputée par une agence réceptrice",""
"FBS","Bilans Alimentaires (2010-)","TUN","Tunisie","5511","Production","S2734","Viande de Volailles","2018","2018","1000 t","212","I","Valeur imputée par une agence réceptrice",""
"FBS","Bilans Alimentaires (2010-)","TUN","Tunisie","5611","Importations - quantité","S2734","Viande de Volailles","2018","2018","1000 t","2","I","Valeur imputée par une agence réceptrice",""
"FBS","Bilans Alimentaires (2010-)","TUN","Tunisie","5072","Variation de stock","S2734","Viande de Volailles","2018","2018","1000 t","12","I","Valeur imputée par une agence réceptrice",""
"FBS","Bilans Alimentaires (2010-)","TUN","Tunisie","5911","Exportations - quantité","S2734","Viande de Volailles","2018","2018","1000 t","2","I","Valeur imputée par une agence réceptrice",""
"FBS","Bilans Alimentaires (2010-)","TUN","Tunisie","5301","Disponibilité intérieure","S2734","Viande de Volailles","2018","2018","1000 t","201","I","Valeur imputée par une agence réceptrice",""
"FBS","Bilans Alimentaires (2010-)","TUN","Tunisie","5123","Pertes","S2734","Viande de Volailles","2018","2018","1000 t","0","I","Valeur imputée par une agence réceptrice",""
"FBS","Bilans Alimentaires (2010-)","TUN","Tunisie","5170","Résidus","S2734","Viande de Volailles","2018","2018","1000 t","0","I","Valeur imputée par une agence réceptrice",""
"FBS","Bilans Alimentaires (2010-)","TUN","Tunisie","5142","Nourriture","S2734","Viande de Volailles","2018","2018","1000 t","201","I","Valeur imputée par une agence réceptrice",""
"FBS","Bilans Alimentaires (2010-)","TUN","Tunisie","645","Disponibilité alimentaire en quantité (kg/personne/an)","S2734","Viande de Volailles","2018","2018","kg/personne","17.05","E","Valeur estimée",""
"FBS","Bilans Alimentaires (2010-)","TUN","Tunisie","664","Disponibilité alimentaire (Kcal/personne/jour)","S2734","Viande de Volailles","2018","2018","kcal/personne/jour","61.26","E","Valeur estimée",""
"FBS","Bilans Alimentaires (2010-)","TUN","Tunisie","661","Disponibilité alimentaire (Kcal)","S2734","Viande de Volailles","2018","2018","millions de kcal","263058.03","I","Valeur imputée par une agence réceptrice",""
"FBS","Bilans Alimentaires (2010-)","TUN","Tunisie","674","Disponibilité de protéines en quantité (g/personne/jour)","S2734","Viande de Volailles","2018","2018","g/personne/jour","7.98","E","Valeur estimée",""
"FBS","Bilans Alimentaires (2010-)","TUN","Tunisie","671","Disponibilité de protéines en quantité (t)","S2734","Viande de Volailles","2018","2018","tonnes","34266.91","I","Valeur imputée par une agence réceptrice",""
"FBS","Bilans Alimentaires (2010-)","TUN","Tunisie","684","Disponibilité de matière grasse en quantité (g/personne/jour)","S2734","Viande de Volailles","2018","2018","g/personne/jour","3.25","E","Valeur estimée",""
"FBS","Bilans Alimentaires (2010-)","TUN","Tunisie","681","Disponibilité de matière grasse en quantité (t)","S2734","Viande de Volailles","2018","2018","tonnes","13962.49","I","Valeur imputée par une agence réceptrice",""
"FBS","Bilans Alimentaires (2010-)","TUR","Türkiye","5511","Production","S2734","Viande de Volailles","2018","2018","1000 t","2229","I","Valeur imputée par une agence réceptrice",""
"FBS","Bilans Alimentaires (2010-)","TUR","Türkiye","5611","Importations - quantité","S2734","Viande de Volailles","2018","2018","1000 t","6","I","Valeur imputée par une agence réceptrice",""
"FBS","Bilans Alimentaires (2010-)","TUR","Türkiye","5072","Variation de stock","S2734","Viande de Volailles","2018","2018","1000 t","30","I","Valeur imputée par une agence réceptrice",""
"FBS","Bilans Alimentaires (2010-)","TUR","Türkiye","5911","Exportations - quantité","S2734","Viande de Volailles","2018","2018","1000 t","489","I","Valeur imputée par une agence réceptrice",""
"FBS","Bilans Alimentaires (2010-)","TUR","Türkiye","5301","Disponibilité intérieure","S2734","Viande de Volailles","2018","2018","1000 t","1716","I","Valeur imputée par une agence réceptrice",""
"FBS","Bilans Alimentaires (2010-)","TUR","Türkiye","5123","Pertes","S2734","Viande de Volailles","2018","2018","1000 t","0","I","Valeur imputée par une agence réceptrice",""
"FBS","Bilans Alimentaires (2010-)","TUR","Türkiye","5170","Résidus","S2734","Viande de Volailles","2018","2018","1000 t","0","I","Valeur imputée par une agence réceptrice",""
"FBS","Bilans Alimentaires (2010-)","TUR","Türkiye","5142","Nourriture","S2734","Viande de Volailles","2018","2018","1000 t","1716","I","Valeur imputée par une agence réceptrice",""
"FBS","Bilans Alimentaires (2010-)","TUR","Türkiye","645","Disponibilité alimentaire en quantité (kg/personne/an)","S2734","Viande de Volailles","2018","2018","kg/personne","20.33","E","Valeur estimée",""
"FBS","Bilans Alimentaires (2010-)","TUR","Türkiye","664","Disponibilité alimentaire (Kcal/personne/jour)","S2734","Viande de Volailles","2018","2018","kcal/personne/jour","78.48","E","Valeur estimée",""
"FBS","Bilans Alimentaires (2010-)","TUR","Türkiye","661","Disponibilité alimentaire (Kcal)","S2734","Viande de Volailles","2018","2018","millions de kcal","2418060.89","I","Valeur imputée par une agence réceptrice",""
"FBS","Bilans Alimentaires (2010-)","TUR","Türkiye","674","Disponibilité de protéines en quantité (g/personne/jour)","S2734","Viande de Volailles","2018","2018","g/personne/jour","9.13","E","Valeur estimée",""
"FBS","Bilans Alimentaires (2010-)","TUR","Türkiye","671","Disponibilité de protéines en quantité (t)","S2734","Viande de Volailles","2018","2018","tonnes","281159.46","I","Valeur imputée par une agence réceptrice",""
"FBS","Bilans Alimentaires (2010-)","TUR","Türkiye","684","Disponibilité de matière grasse en quantité (g/personne/jour)","S2734","Viande de Volailles","2018","2018","g/personne/jour","4.65","E","Valeur estimée",""
"FBS","Bilans Alimentaires (2010-)","TUR","Türkiye","681","Disponibilité de matière grasse en quantité (t)","S2734","Viande de Volailles","2018","2018","tonnes","143237.02","I","Valeur imputée par une agence réceptrice",""
"FBS","Bilans Alimentaires (2010-)","TKM","Turkménistan","5511","Production","S2734","Viande de Volailles","2018","2018","1000 t","22","I","Valeur imputée par une agence réceptrice",""
"FBS","Bilans Alimentaires (2010-)","TKM","Turkménistan","5611","Importations - quantité","S2734","Viande de Volailles","2018","2018","1000 t","31","I","Valeur imputée par une agence réceptrice",""
"FBS","Bilans Alimentaires (2010-)","TKM","Turkménistan","5072","Variation de stock","S2734","Viande de Volailles","2018","2018","1000 t","-1","I","Valeur imputée par une agence réceptrice",""
"FBS","Bilans Alimentaires (2010-)","TKM","Turkménistan","5301","Disponibilité intérieure","S2734","Viande de Volailles","2018","2018","1000 t","55","I","Valeur imputée par une agence réceptrice",""
"FBS","Bilans Alimentaires (2010-)","TKM","Turkménistan","5123","Pertes","S2734","Viande de Volailles","2018","2018","1000 t","5","I","Valeur imputée par une agence réceptrice",""
"FBS","Bilans Alimentaires (2010-)","TKM","Turkménistan","5170","Résidus","S2734","Viande de Volailles","2018","2018","1000 t","0","I","Valeur imputée par une agence réceptrice",""
"FBS","Bilans Alimentaires (2010-)","TKM","Turkménistan","5142","Nourriture","S2734","Viande de Volailles","2018","2018","1000 t","50","I","Valeur imputée par une agence réceptrice",""
"FBS","Bilans Alimentaires (2010-)","TKM","Turkménistan","645","Disponibilité alimentaire en quantité (kg/personne/an)","S2734","Viande de Volailles","2018","2018","kg/personne","7.52","E","Valeur estimée",""
"FBS","Bilans Alimentaires (2010-)","TKM","Turkménistan","664","Disponibilité alimentaire (Kcal/personne/jour)","S2734","Viande de Volailles","2018","2018","kcal/personne/jour","28.4","E","Valeur estimée",""
"FBS","Bilans Alimentaires (2010-)","TKM","Turkménistan","661","Disponibilité alimentaire (Kcal)","S2734","Viande de Volailles","2018","2018","millions de kcal","68997.2","I","Valeur imputée par une agence réceptrice",""
"FBS","Bilans Alimentaires (2010-)","TKM","Turkménistan","674","Disponibilité de protéines en quantité (g/personne/jour)","S2734","Viande de Volailles","2018","2018","g/personne/jour","3.4","E","Valeur estimée",""
"FBS","Bilans Alimentaires (2010-)","TKM","Turkménistan","671","Disponibilité de protéines en quantité (t)","S2734","Viande de Volailles","2018","2018","tonnes","8248.13","I","Valeur imputée par une agence réceptrice",""
"FBS","Bilans Alimentaires (2010-)","TKM","Turkménistan","684","Disponibilité de matière grasse en quantité (g/personne/jour)","S2734","Viande de Volailles","2018","2018","g/personne/jour","1.64","E","Valeur estimée",""
"FBS","Bilans Alimentaires (2010-)","TKM","Turkménistan","681","Disponibilité de matière grasse en quantité (t)","S2734","Viande de Volailles","2018","2018","tonnes","3994.46","I","Valeur imputée par une agence réceptrice",""
"FBS","Bilans Alimentaires (2010-)","UKR","Ukraine","5511","Production","S2734","Viande de Volailles","2018","2018","1000 t","1287","I","Valeur imputée par une agence réceptrice",""
"FBS","Bilans Alimentaires (2010-)","UKR","Ukraine","5611","Importations - quantité","S2734","Viande de Volailles","2018","2018","1000 t","133","I","Valeur imputée par une agence réceptrice",""
"FBS","Bilans Alimentaires (2010-)","UKR","Ukraine","5072","Variation de stock","S2734","Viande de Volailles","2018","2018","1000 t","0","I","Valeur imputée par une agence réceptrice",""
"FBS","Bilans Alimentaires (2010-)","UKR","Ukraine","5911","Exportations - quantité","S2734","Viande de Volailles","2018","2018","1000 t","331","I","Valeur imputée par une agence réceptrice",""
"FBS","Bilans Alimentaires (2010-)","UKR","Ukraine","5301","Disponibilité intérieure","S2734","Viande de Volailles","2018","2018","1000 t","1089","I","Valeur imputée par une agence réceptrice",""
"FBS","Bilans Alimentaires (2010-)","UKR","Ukraine","5123","Pertes","S2734","Viande de Volailles","2018","2018","1000 t","0","I","Valeur imputée par une agence réceptrice",""
"FBS","Bilans Alimentaires (2010-)","UKR","Ukraine","5131","Traitement","S2734","Viande de Volailles","2018","2018","1000 t","3","I","Valeur imputée par une agence réceptrice",""
"FBS","Bilans Alimentaires (2010-)","UKR","Ukraine","5170","Résidus","S2734","Viande de Volailles","2018","2018","1000 t","0","I","Valeur imputée par une agence réceptrice",""
"FBS","Bilans Alimentaires (2010-)","UKR","Ukraine","5142","Nourriture","S2734","Viande de Volailles","2018","2018","1000 t","1087","I","Valeur imputée par une agence réceptrice",""
"FBS","Bilans Alimentaires (2010-)","UKR","Ukraine","645","Disponibilité alimentaire en quantité (kg/personne/an)","S2734","Viande de Volailles","2018","2018","kg/personne","24.04","E","Valeur estimée",""
"FBS","Bilans Alimentaires (2010-)","UKR","Ukraine","664","Disponibilité alimentaire (Kcal/personne/jour)","S2734","Viande de Volailles","2018","2018","kcal/personne/jour","91.38","E","Valeur estimée",""
"FBS","Bilans Alimentaires (2010-)","UKR","Ukraine","661","Disponibilité alimentaire (Kcal)","S2734","Viande de Volailles","2018","2018","millions de kcal","1507948.92","I","Valeur imputée par une agence réceptrice",""
"FBS","Bilans Alimentaires (2010-)","UKR","Ukraine","674","Disponibilité de protéines en quantité (g/personne/jour)","S2734","Viande de Volailles","2018","2018","g/personne/jour","10.83","E","Valeur estimée",""
"FBS","Bilans Alimentaires (2010-)","UKR","Ukraine","671","Disponibilité de protéines en quantité (t)","S2734","Viande de Volailles","2018","2018","tonnes","178703.17","I","Valeur imputée par une agence réceptrice",""
"FBS","Bilans Alimentaires (2010-)","UKR","Ukraine","684","Disponibilité de matière grasse en quantité (g/personne/jour)","S2734","Viande de Volailles","2018","2018","g/personne/jour","5.33","E","Valeur estimée",""
"FBS","Bilans Alimentaires (2010-)","UKR","Ukraine","681","Disponibilité de matière grasse en quantité (t)","S2734","Viande de Volailles","2018","2018","tonnes","88011.17","I","Valeur imputée par une agence réceptrice",""
"FBS","Bilans Alimentaires (2010-)","URY","Uruguay","5511","Production","S2734","Viande de Volailles","2018","2018","1000 t","32","I","Valeur imputée par une agence réceptrice",""
"FBS","Bilans Alimentaires (2010-)","URY","Uruguay","5611","Importations - quantité","S2734","Viande de Volailles","2018","2018","1000 t","6","I","Valeur imputée par une agence réceptrice",""
"FBS","Bilans Alimentaires (2010-)","URY","Uruguay","5072","Variation de stock","S2734","Viande de Volailles","2018","2018","1000 t","0","I","Valeur imputée par une agence réceptrice",""
"FBS","Bilans Alimentaires (2010-)","URY","Uruguay","5911","Exportations - quantité","S2734","Viande de Volailles","2018","2018","1000 t","3","I","Valeur imputée par une agence réceptrice",""
"FBS","Bilans Alimentaires (2010-)","URY","Uruguay","5301","Disponibilité intérieure","S2734","Viande de Volailles","2018","2018","1000 t","34","I","Valeur imputée par une agence réceptrice",""
"FBS","Bilans Alimentaires (2010-)","URY","Uruguay","5123","Pertes","S2734","Viande de Volailles","2018","2018","1000 t","0","I","Valeur imputée par une agence réceptrice",""
"FBS","Bilans Alimentaires (2010-)","URY","Uruguay","5131","Traitement","S2734","Viande de Volailles","2018","2018","1000 t","2","I","Valeur imputée par une agence réceptrice",""
"FBS","Bilans Alimentaires (2010-)","URY","Uruguay","5170","Résidus","S2734","Viande de Volailles","2018","2018","1000 t","0","I","Valeur imputée par une agence réceptrice",""
"FBS","Bilans Alimentaires (2010-)","URY","Uruguay","5142","Nourriture","S2734","Viande de Volailles","2018","2018","1000 t","33","I","Valeur imputée par une agence réceptrice",""
"FBS","Bilans Alimentaires (2010-)","URY","Uruguay","645","Disponibilité alimentaire en quantité (kg/personne/an)","S2734","Viande de Volailles","2018","2018","kg/personne","9.64","E","Valeur estimée",""
"FBS","Bilans Alimentaires (2010-)","URY","Uruguay","664","Disponibilité alimentaire (Kcal/personne/jour)","S2734","Viande de Volailles","2018","2018","kcal/personne/jour","37.48","E","Valeur estimée",""
"FBS","Bilans Alimentaires (2010-)","URY","Uruguay","661","Disponibilité alimentaire (Kcal)","S2734","Viande de Volailles","2018","2018","millions de kcal","46443.07","I","Valeur imputée par une agence réceptrice",""
"FBS","Bilans Alimentaires (2010-)","URY","Uruguay","674","Disponibilité de protéines en quantité (g/personne/jour)","S2734","Viande de Volailles","2018","2018","g/personne/jour","4.43","E","Valeur estimée",""
"FBS","Bilans Alimentaires (2010-)","URY","Uruguay","671","Disponibilité de protéines en quantité (t)","S2734","Viande de Volailles","2018","2018","tonnes","5489.38","I","Valeur imputée par une agence réceptrice",""
"FBS","Bilans Alimentaires (2010-)","URY","Uruguay","684","Disponibilité de matière grasse en quantité (g/personne/jour)","S2734","Viande de Volailles","2018","2018","g/personne/jour","2.16","E","Valeur estimée",""
"FBS","Bilans Alimentaires (2010-)","URY","Uruguay","681","Disponibilité de matière grasse en quantité (t)","S2734","Viande de Volailles","2018","2018","tonnes","2673.04","I","Valeur imputée par une agence réceptrice",""
"FBS","Bilans Alimentaires (2010-)","VUT","Vanuatu","5511","Production","S2734","Viande de Volailles","2018","2018","1000 t","1","I","Valeur imputée par une agence réceptrice",""
"FBS","Bilans Alimentaires (2010-)","VUT","Vanuatu","5611","Importations - quantité","S2734","Viande de Volailles","2018","2018","1000 t","4","I","Valeur imputée par une agence réceptrice",""
"FBS","Bilans Alimentaires (2010-)","VUT","Vanuatu","5072","Variation de stock","S2734","Viande de Volailles","2018","2018","1000 t","0","I","Valeur imputée par une agence réceptrice",""
"FBS","Bilans Alimentaires (2010-)","VUT","Vanuatu","5301","Disponibilité intérieure","S2734","Viande de Volailles","2018","2018","1000 t","5","I","Valeur imputée par une agence réceptrice",""
"FBS","Bilans Alimentaires (2010-)","VUT","Vanuatu","5171","Alimentation pour touristes","S2734","Viande de Volailles","2018","2018","1000 t","0","I","Valeur imputée par une agence réceptrice",""
"FBS","Bilans Alimentaires (2010-)","VUT","Vanuatu","5170","Résidus","S2734","Viande de Volailles","2018","2018","1000 t","0","I","Valeur imputée par une agence réceptrice",""
"FBS","Bilans Alimentaires (2010-)","VUT","Vanuatu","5142","Nourriture","S2734","Viande de Volailles","2018","2018","1000 t","5","I","Valeur imputée par une agence réceptrice",""
"FBS","Bilans Alimentaires (2010-)","VUT","Vanuatu","645","Disponibilité alimentaire en quantité (kg/personne/an)","S2734","Viande de Volailles","2018","2018","kg/personne","18.08","E","Valeur estimée",""
"FBS","Bilans Alimentaires (2010-)","VUT","Vanuatu","664","Disponibilité alimentaire (Kcal/personne/jour)","S2734","Viande de Volailles","2018","2018","kcal/personne/jour","68.95","E","Valeur estimée",""
"FBS","Bilans Alimentaires (2010-)","VUT","Vanuatu","661","Disponibilité alimentaire (Kcal)","S2734","Viande de Volailles","2018","2018","millions de kcal","7178.78","I","Valeur imputée par une agence réceptrice",""
"FBS","Bilans Alimentaires (2010-)","VUT","Vanuatu","674","Disponibilité de protéines en quantité (g/personne/jour)","S2734","Viande de Volailles","2018","2018","g/personne/jour","8.2","E","Valeur estimée",""
"FBS","Bilans Alimentaires (2010-)","VUT","Vanuatu","671","Disponibilité de protéines en quantité (t)","S2734","Viande de Volailles","2018","2018","tonnes","853.6","I","Valeur imputée par une agence réceptrice",""
"FBS","Bilans Alimentaires (2010-)","VUT","Vanuatu","684","Disponibilité de matière grasse en quantité (g/personne/jour)","S2734","Viande de Volailles","2018","2018","g/personne/jour","3.99","E","Valeur estimée",""
"FBS","Bilans Alimentaires (2010-)","VUT","Vanuatu","681","Disponibilité de matière grasse en quantité (t)","S2734","Viande de Volailles","2018","2018","tonnes","415.58","I","Valeur imputée par une agence réceptrice",""
"FBS","Bilans Alimentaires (2010-)","VEN","Venezuela (République bolivarienne du)","5511","Production","S2734","Viande de Volailles","2018","2018","1000 t","448","I","Valeur imputée par une agence réceptrice",""
"FBS","Bilans Alimentaires (2010-)","VEN","Venezuela (République bolivarienne du)","5611","Importations - quantité","S2734","Viande de Volailles","2018","2018","1000 t","3","I","Valeur imputée par une agence réceptrice",""
"FBS","Bilans Alimentaires (2010-)","VEN","Venezuela (République bolivarienne du)","5072","Variation de stock","S2734","Viande de Volailles","2018","2018","1000 t","0","I","Valeur imputée par une agence réceptrice",""
"FBS","Bilans Alimentaires (2010-)","VEN","Venezuela (République bolivarienne du)","5911","Exportations - quantité","S2734","Viande de Volailles","2018","2018","1000 t","0","I","Valeur imputée par une agence réceptrice",""
"FBS","Bilans Alimentaires (2010-)","VEN","Venezuela (République bolivarienne du)","5301","Disponibilité intérieure","S2734","Viande de Volailles","2018","2018","1000 t","451","I","Valeur imputée par une agence réceptrice",""
"FBS","Bilans Alimentaires (2010-)","VEN","Venezuela (République bolivarienne du)","5170","Résidus","S2734","Viande de Volailles","2018","2018","1000 t","0","I","Valeur imputée par une agence réceptrice",""
"FBS","Bilans Alimentaires (2010-)","VEN","Venezuela (République bolivarienne du)","5142","Nourriture","S2734","Viande de Volailles","2018","2018","1000 t","451","I","Valeur imputée par une agence réceptrice",""
"FBS","Bilans Alimentaires (2010-)","VEN","Venezuela (République bolivarienne du)","645","Disponibilité alimentaire en quantité (kg/personne/an)","S2734","Viande de Volailles","2018","2018","kg/personne","15.13","E","Valeur estimée",""
"FBS","Bilans Alimentaires (2010-)","VEN","Venezuela (République bolivarienne du)","664","Disponibilité alimentaire (Kcal/personne/jour)","S2734","Viande de Volailles","2018","2018","kcal/personne/jour","57.09","E","Valeur estimée",""
"FBS","Bilans Alimentaires (2010-)","VEN","Venezuela (République bolivarienne du)","661","Disponibilité alimentaire (Kcal)","S2734","Viande de Volailles","2018","2018","millions de kcal","621138.78","I","Valeur imputée par une agence réceptrice",""
"FBS","Bilans Alimentaires (2010-)","VEN","Venezuela (République bolivarienne du)","674","Disponibilité de protéines en quantité (g/personne/jour)","S2734","Viande de Volailles","2018","2018","g/personne/jour","6.82","E","Valeur estimée",""
"FBS","Bilans Alimentaires (2010-)","VEN","Venezuela (République bolivarienne du)","671","Disponibilité de protéines en quantité (t)","S2734","Viande de Volailles","2018","2018","tonnes","74233.66","I","Valeur imputée par une agence réceptrice",""
"FBS","Bilans Alimentaires (2010-)","VEN","Venezuela (République bolivarienne du)","684","Disponibilité de matière grasse en quantité (g/personne/jour)","S2734","Viande de Volailles","2018","2018","g/personne/jour","3.31","E","Valeur estimée",""
"FBS","Bilans Alimentaires (2010-)","VEN","Venezuela (République bolivarienne du)","681","Disponibilité de matière grasse en quantité (t)","S2734","Viande de Volailles","2018","2018","tonnes","35980.6","I","Valeur imputée par une agence réceptrice",""
"FBS","Bilans Alimentaires (2010-)","VNM","Viet Nam","5511","Production","S2734","Viande de Volailles","2018","2018","1000 t","930","I","Valeur imputée par une agence réceptrice",""
"FBS","Bilans Alimentaires (2010-)","VNM","Viet Nam","5611","Importations - quantité","S2734","Viande de Volailles","2018","2018","1000 t","162","I","Valeur imputée par une agence réceptrice",""
"FBS","Bilans Alimentaires (2010-)","VNM","Viet Nam","5072","Variation de stock","S2734","Viande de Volailles","2018","2018","1000 t","0","I","Valeur imputée par une agence réceptrice",""
"FBS","Bilans Alimentaires (2010-)","VNM","Viet Nam","5911","Exportations - quantité","S2734","Viande de Volailles","2018","2018","1000 t","22","I","Valeur imputée par une agence réceptrice",""
"FBS","Bilans Alimentaires (2010-)","VNM","Viet Nam","5301","Disponibilité intérieure","S2734","Viande de Volailles","2018","2018","1000 t","1070","I","Valeur imputée par une agence réceptrice",""
"FBS","Bilans Alimentaires (2010-)","VNM","Viet Nam","5170","Résidus","S2734","Viande de Volailles","2018","2018","1000 t","-3","I","Valeur imputée par une agence réceptrice",""
"FBS","Bilans Alimentaires (2010-)","VNM","Viet Nam","5142","Nourriture","S2734","Viande de Volailles","2018","2018","1000 t","1074","I","Valeur imputée par une agence réceptrice",""
"FBS","Bilans Alimentaires (2010-)","VNM","Viet Nam","645","Disponibilité alimentaire en quantité (kg/personne/an)","S2734","Viande de Volailles","2018","2018","kg/personne","11.16","E","Valeur estimée",""
"FBS","Bilans Alimentaires (2010-)","VNM","Viet Nam","664","Disponibilité alimentaire (Kcal/personne/jour)","S2734","Viande de Volailles","2018","2018","kcal/personne/jour","43.16","E","Valeur estimée",""
"FBS","Bilans Alimentaires (2010-)","VNM","Viet Nam","661","Disponibilité alimentaire (Kcal)","S2734","Viande de Volailles","2018","2018","millions de kcal","1515937.07","I","Valeur imputée par une agence réceptrice",""
"FBS","Bilans Alimentaires (2010-)","VNM","Viet Nam","674","Disponibilité de protéines en quantité (g/personne/jour)","S2734","Viande de Volailles","2018","2018","g/personne/jour","5","E","Valeur estimée",""
"FBS","Bilans Alimentaires (2010-)","VNM","Viet Nam","671","Disponibilité de protéines en quantité (t)","S2734","Viande de Volailles","2018","2018","tonnes","175596.41","I","Valeur imputée par une agence réceptrice",""
"FBS","Bilans Alimentaires (2010-)","VNM","Viet Nam","684","Disponibilité de matière grasse en quantité (g/personne/jour)","S2734","Viande de Volailles","2018","2018","g/personne/jour","2.57","E","Valeur estimée",""
"FBS","Bilans Alimentaires (2010-)","VNM","Viet Nam","681","Disponibilité de matière grasse en quantité (t)","S2734","Viande de Volailles","2018","2018","tonnes","90310.98","I","Valeur imputée par une agence réceptrice",""
"FBS","Bilans Alimentaires (2010-)","YEM","Yémen","5511","Production","S2734","Viande de Volailles","2018","2018","1000 t","183","I","Valeur imputée par une agence réceptrice",""
"FBS","Bilans Alimentaires (2010-)","YEM","Yémen","5611","Importations - quantité","S2734","Viande de Volailles","2018","2018","1000 t","97","I","Valeur imputée par une agence réceptrice",""
"FBS","Bilans Alimentaires (2010-)","YEM","Yémen","5072","Variation de stock","S2734","Viande de Volailles","2018","2018","1000 t","0","I","Valeur imputée par une agence réceptrice",""
"FBS","Bilans Alimentaires (2010-)","YEM","Yémen","5301","Disponibilité intérieure","S2734","Viande de Volailles","2018","2018","1000 t","279","I","Valeur imputée par une agence réceptrice",""
"FBS","Bilans Alimentaires (2010-)","YEM","Yémen","5170","Résidus","S2734","Viande de Volailles","2018","2018","1000 t","0","I","Valeur imputée par une agence réceptrice",""
"FBS","Bilans Alimentaires (2010-)","YEM","Yémen","5142","Nourriture","S2734","Viande de Volailles","2018","2018","1000 t","279","I","Valeur imputée par une agence réceptrice",""
"FBS","Bilans Alimentaires (2010-)","YEM","Yémen","645","Disponibilité alimentaire en quantité (kg/personne/an)","S2734","Viande de Volailles","2018","2018","kg/personne","8.19","E","Valeur estimée",""
"FBS","Bilans Alimentaires (2010-)","YEM","Yémen","664","Disponibilité alimentaire (Kcal/personne/jour)","S2734","Viande de Volailles","2018","2018","kcal/personne/jour","30.9","E","Valeur estimée",""
"FBS","Bilans Alimentaires (2010-)","YEM","Yémen","661","Disponibilité alimentaire (Kcal)","S2734","Viande de Volailles","2018","2018","millions de kcal","384459.75","I","Valeur imputée par une agence réceptrice",""
"FBS","Bilans Alimentaires (2010-)","YEM","Yémen","674","Disponibilité de protéines en quantité (g/personne/jour)","S2734","Viande de Volailles","2018","2018","g/personne/jour","3.7","E","Valeur estimée",""
"FBS","Bilans Alimentaires (2010-)","YEM","Yémen","671","Disponibilité de protéines en quantité (t)","S2734","Viande de Volailles","2018","2018","tonnes","45977.77","I","Valeur imputée par une agence réceptrice",""
"FBS","Bilans Alimentaires (2010-)","YEM","Yémen","684","Disponibilité de matière grasse en quantité (g/personne/jour)","S2734","Viande de Volailles","2018","2018","g/personne/jour","1.79","E","Valeur estimée",""
"FBS","Bilans Alimentaires (2010-)","YEM","Yémen","681","Disponibilité de matière grasse en quantité (t)","S2734","Viande de Volailles","2018","2018","tonnes","22256.79","I","Valeur imputée par une agence réceptrice",""
"FBS","Bilans Alimentaires (2010-)","ZMB","Zambie","5511","Production","S2734","Viande de Volailles","2018","2018","1000 t","50","I","Valeur imputée par une agence réceptrice",""
"FBS","Bilans Alimentaires (2010-)","ZMB","Zambie","5611","Importations - quantité","S2734","Viande de Volailles","2018","2018","1000 t","11","I","Valeur imputée par une agence réceptrice",""
"FBS","Bilans Alimentaires (2010-)","ZMB","Zambie","5072","Variation de stock","S2734","Viande de Volailles","2018","2018","1000 t","0","I","Valeur imputée par une agence réceptrice",""
"FBS","Bilans Alimentaires (2010-)","ZMB","Zambie","5911","Exportations - quantité","S2734","Viande de Volailles","2018","2018","1000 t","1","I","Valeur imputée par une agence réceptrice",""
"FBS","Bilans Alimentaires (2010-)","ZMB","Zambie","5301","Disponibilité intérieure","S2734","Viande de Volailles","2018","2018","1000 t","59","I","Valeur imputée par une agence réceptrice",""
"FBS","Bilans Alimentaires (2010-)","ZMB","Zambie","5170","Résidus","S2734","Viande de Volailles","2018","2018","1000 t","0","I","Valeur imputée par une agence réceptrice",""
"FBS","Bilans Alimentaires (2010-)","ZMB","Zambie","5142","Nourriture","S2734","Viande de Volailles","2018","2018","1000 t","59","I","Valeur imputée par une agence réceptrice",""
"FBS","Bilans Alimentaires (2010-)","ZMB","Zambie","645","Disponibilité alimentaire en quantité (kg/personne/an)","S2734","Viande de Volailles","2018","2018","kg/personne","3.3","E","Valeur estimée",""
"FBS","Bilans Alimentaires (2010-)","ZMB","Zambie","664","Disponibilité alimentaire (Kcal/personne/jour)","S2734","Viande de Volailles","2018","2018","kcal/personne/jour","12.44","E","Valeur estimée",""
"FBS","Bilans Alimentaires (2010-)","ZMB","Zambie","661","Disponibilité alimentaire (Kcal)","S2734","Viande de Volailles","2018","2018","millions de kcal","81612.47","I","Valeur imputée par une agence réceptrice",""
"FBS","Bilans Alimentaires (2010-)","ZMB","Zambie","674","Disponibilité de protéines en quantité (g/personne/jour)","S2734","Viande de Volailles","2018","2018","g/personne/jour","1.49","E","Valeur estimée",""
"FBS","Bilans Alimentaires (2010-)","ZMB","Zambie","671","Disponibilité de protéines en quantité (t)","S2734","Viande de Volailles","2018","2018","tonnes","9761.81","I","Valeur imputée par une agence réceptrice",""
"FBS","Bilans Alimentaires (2010-)","ZMB","Zambie","684","Disponibilité de matière grasse en quantité (g/personne/jour)","S2734","Viande de Volailles","2018","2018","g/personne/jour","0.72","E","Valeur estimée",""
"FBS","Bilans Alimentaires (2010-)","ZMB","Zambie","681","Disponibilité de matière grasse en quantité (t)","S2734","Viande de Volailles","2018","2018","tonnes","4723.87","I","Valeur imputée par une agence réceptrice",""
"FBS","Bilans Alimentaires (2010-)","ZWE","Zimbabwe","5511","Production","S2734","Viande de Volailles","2018","2018","1000 t","62","I","Valeur imputée par une agence réceptrice",""
"FBS","Bilans Alimentaires (2010-)","ZWE","Zimbabwe","5611","Importations - quantité","S2734","Viande de Volailles","2018","2018","1000 t","4","I","Valeur imputée par une agence réceptrice",""
"FBS","Bilans Alimentaires (2010-)","ZWE","Zimbabwe","5072","Variation de stock","S2734","Viande de Volailles","2018","2018","1000 t","0","I","Valeur imputée par une agence réceptrice",""
"FBS","Bilans Alimentaires (2010-)","ZWE","Zimbabwe","5301","Disponibilité intérieure","S2734","Viande de Volailles","2018","2018","1000 t","66","I","Valeur imputée par une agence réceptrice",""
"FBS","Bilans Alimentaires (2010-)","ZWE","Zimbabwe","5170","Résidus","S2734","Viande de Volailles","2018","2018","1000 t","0","I","Valeur imputée par une agence réceptrice",""
"FBS","Bilans Alimentaires (2010-)","ZWE","Zimbabwe","5142","Nourriture","S2734","Viande de Volailles","2018","2018","1000 t","66","I","Valeur imputée par une agence réceptrice",""
"FBS","Bilans Alimentaires (2010-)","ZWE","Zimbabwe","645","Disponibilité alimentaire en quantité (kg/personne/an)","S2734","Viande de Volailles","2018","2018","kg/personne","4.39","E","Valeur estimée",""
"FBS","Bilans Alimentaires (2010-)","ZWE","Zimbabwe","664","Disponibilité alimentaire (Kcal/personne/jour)","S2734","Viande de Volailles","2018","2018","kcal/personne/jour","16.57","E","Valeur estimée",""
"FBS","Bilans Alimentaires (2010-)","ZWE","Zimbabwe","661","Disponibilité alimentaire (Kcal)","S2734","Viande de Volailles","2018","2018","millions de kcal","90912.15","I","Valeur imputée par une agence réceptrice",""
"FBS","Bilans Alimentaires (2010-)","ZWE","Zimbabwe","674","Disponibilité de protéines en quantité (g/personne/jour)","S2734","Viande de Volailles","2018","2018","g/personne/jour","1.98","E","Valeur estimée",""
"FBS","Bilans Alimentaires (2010-)","ZWE","Zimbabwe","671","Disponibilité de protéines en quantité (t)","S2734","Viande de Volailles","2018","2018","tonnes","10867.47","I","Valeur imputée par une agence réceptrice",""
"FBS","Bilans Alimentaires (2010-)","ZWE","Zimbabwe","684","Disponibilité de matière grasse en quantité (g/personne/jour)","S2734","Viande de Volailles","2018","2018","g/personne/jour","0.96","E","Valeur estimée",""
"FBS","Bilans Alimentaires (2010-)","ZWE","Zimbabwe","681","Disponibilité de matière grasse en quantité (t)","S2734","Viande de Volailles","2018","2018","tonnes","5265.17","I","Valeur imputée par une agence réceptrice",""
